OCCRNC_YEAR,OCCRNC_MM,PATNT_CNT,OCCRNC_CNT,OCCRNC_AREA
2024,09,14,2,서울
2024,09,208,3,강원
2024,09,2,1,충북
2024,09,4,1,충남
2024,09,2,1,전북
2024,09,23,3,전남
2024,09,9,2,경북
2024,09,19,3,경남
2024,09,6,2,제주
2024,09,24,2,부산
2024,09,7,1,대구
2024,09,31,1,인천
2024,09,2,1,광주
2024,09,287,11,경기
2024,08,133,5,서울
2024,08,27,3,강원
2024,08,77,3,충북
2024,08,8,1,충남
2024,08,62,1,전북
2024,08,10,3,경북
2024,08,94,9,경남
2024,08,5,1,제주
2024,08,22,4,부산
2024,08,21,1,광주
2024,08,116,3,대전
2024,08,3,1,울산
2024,08,219,11,경기
2024,07,74,7,서울
2024,07,52,3,강원
2024,07,58,2,충북
2024,07,28,3,충남
2024,07,1038,2,전북
2024,07,33,2,전남
2024,07,91,3,경북
2024,07,153,5,경남
2024,07,16,5,제주
2024,07,50,7,부산
2024,07,19,2,대구
2024,07,27,2,광주
2024,07,20,2,울산
2024,07,307,11,경기
2024,06,4,1,서울
2024,06,38,3,강원
2024,06,79,1,충북
2024,06,29,1,충남
2024,06,4,1,전북
2024,06,36,3,전남
2024,06,5,1,경북
2024,06,96,5,경남
2024,06,4,1,제주
2024,06,18,3,부산
2024,06,9,2,대구
2024,06,33,1,인천
2024,06,2,1,대전
2024,06,17,1,울산
2024,06,11,2,세종
2024,06,70,4,경기
2024,05,87,9,서울
2024,05,19,2,강원
2024,05,86,4,충북
2024,05,15,3,충남
2024,05,142,2,전북
2024,05,8,2,전남
2024,05,73,7,경북
2024,05,77,4,경남
2024,05,150,2,제주
2024,05,16,5,부산
2024,05,35,1,대구
2024,05,9,1,인천
2024,05,18,1,대전
2024,05,113,1,울산
2024,05,63,7,경기
2024,04,223,6,서울
2024,04,31,2,충북
2024,04,41,2,충남
2024,04,122,2,전북
2024,04,11,1,전남
2024,04,21,3,경북
2024,04,190,8,경남
2024,04,20,1,제주
2024,04,142,9,부산
2024,04,29,1,대구
2024,04,26,2,인천
2024,04,2,1,대전
2024,04,15,1,울산
2024,04,221,11,경기
2024,04,13,1,청주
2024,03,227,8,서울
2024,03,55,3,강원
2024,03,29,2,충북
2024,03,21,1,전남
2024,03,196,7,경북
2024,03,28,1,경남
2024,03,15,2,제주
2024,03,84,2,부산
2024,03,25,1,대구
2024,03,2,1,광주
2024,03,30,2,대전
2024,03,42,4,울산
2024,03,19,1,세종
2024,03,155,14,경기
2024,03,30,1,본부
2024,02,102,6,서울
2024,02,23,3,강원
2024,02,37,4,충북
2024,02,15,1,전북
2024,02,5,1,경북
2024,02,3,1,경남
2024,02,9,3,부산
2024,02,7,1,인천
2024,02,6,1,대전
2024,02,24,1,울산
2024,02,61,5,경기
2024,01,121,9,서울
2024,01,25,4,강원
2024,01,28,2,충북
2024,01,14,2,충남
2024,01,24,3,전북
2024,01,9,2,경북
2024,01,22,4,경남
2024,01,57,4,제주
2024,01,92,8,부산
2024,01,32,4,대구
2024,01,18,1,광주
2024,01,48,3,울산
2024,01,162,5,경기
2024,01,9,1,청주
2023,12,221,4,서울
2023,12,3,1,충북
2023,12,9,1,충남
2023,12,20,2,전북
2023,12,9,2,경북
2023,12,11,2,경남
2023,12,24,2,부산
2023,12,4,2,대전
2023,12,14,3,경기
2023,11,58,1,서울
2023,11,12,3,강원
2023,11,5,1,전북
2023,11,72,2,전남
2023,11,111,2,경북
2023,11,32,3,경남
2023,11,12,1,제주
2023,11,5,2,부산
2023,11,26,1,인천
2023,11,19,1,광주
2023,11,6,1,대전
2023,11,89,1,경기
2023,10,59,2,서울
2023,10,36,5,강원
2023,10,264,2,충북
2023,10,32,1,충남
2023,10,49,2,전남
2023,10,21,2,경북
2023,10,89,4,경남
2023,10,17,2,제주
2023,10,102,5,부산
2023,10,18,1,인천
2023,10,7,1,광주
2023,10,41,2,울산
2023,09,115,2,서울
2023,09,152,4,강원
2023,09,15,2,충남
2023,09,107,1,전북
2023,09,34,2,전남
2023,09,18,2,경북
2023,09,30,3,경남
2023,09,4,2,제주
2023,09,161,9,부산
2023,09,156,2,대구
2023,09,28,3,인천
2023,09,498,2,광주
2023,09,2,1,대전
2023,09,22,1,울산
2023,09,248,7,경기
2023,08,392,4,서울
2023,08,24,3,강원
2023,08,80,2,충북
2023,08,104,3,충남
2023,08,28,1,전북
2023,08,6,1,전남
2023,08,22,3,경북
2023,08,35,3,경남
2023,08,44,2,제주
2023,08,158,6,부산
2023,08,40,2,대구
2023,08,2,1,세종
2023,08,42,6,경기
2023,07,6,1,서울
2023,07,201,4,강원
2023,07,62,3,충북
2023,07,40,1,충남
2023,07,80,2,전북
2023,07,4,1,전남
2023,07,26,3,경북
2023,07,56,6,경남
2023,07,2,1,제주
2023,07,291,7,부산
2023,07,16,1,대구
2023,07,8,1,인천
2023,07,25,1,광주
2023,07,27,1,울산
2023,07,2,1,세종
2023,07,717,7,경기
2023,06,119,3,서울
2023,06,19,4,강원
2023,06,6,1,충북
2023,06,37,2,충남
2023,06,7,2,전북
2023,06,8,1,전남
2023,06,15,2,경북
2023,06,19,3,경남
2023,06,2,1,제주
2023,06,15,1,불명
2023,06,26,2,부산
2023,06,47,3,인천
2023,06,44,1,광주
2023,06,39,4,경기
2023,05,134,3,서울
2023,05,11,2,강원
2023,05,9,2,충북
2023,05,109,5,충남
2023,05,3,1,전북
2023,05,68,2,경남
2023,05,4,1,불명
2023,05,8,3,부산
2023,05,5,1,대구
2023,05,18,1,울산
2023,05,385,7,경기
2023,04,177,3,서울
2023,04,9,3,강원
2023,04,4,1,충북
2023,04,29,2,충남
2023,04,15,2,경북
2023,04,73,5,경남
2023,04,23,1,불명
2023,04,14,4,부산
2023,04,4,1,인천
2023,04,296,1,광주
2023,04,33,1,울산
2023,04,121,4,경기
2023,03,196,4,서울
2023,03,15,5,강원
2023,03,3,1,충북
2023,03,113,1,충남
2023,03,32,3,전북
2023,03,18,1,경남
2023,03,62,6,불명
2023,03,12,4,부산
2023,03,2,1,인천
2023,03,2,1,광주
2023,03,59,3,경기
2023,02,21,2,서울
2023,02,2,1,강원
2023,02,4,1,충북
2023,02,56,5,충남
2023,02,15,1,전북
2023,02,3,1,경남
2023,02,31,3,불명
2023,02,11,2,부산
2023,02,40,3,대구
2023,02,4,1,인천
2023,02,6,1,광주
2023,02,73,3,경기
2023,01,37,1,서울
2023,01,23,2,강원
2023,01,84,2,충북
2023,01,8,3,충남
2023,01,21,2,전북
2023,01,8,2,전남
2023,01,9,2,경북
2023,01,2,1,경남
2023,01,10,4,부산
2023,01,119,3,대구
2023,01,43,2,인천
2023,01,4,1,광주
2023,01,5,1,대전
2023,01,54,5,경기
2022,12,62,4,서울
2022,12,15,1,충북
2022,12,40,4,충남
2022,12,14,1,전북
2022,12,3,1,전남
2022,12,52,1,경북
2022,12,12,1,경남
2022,12,96,5,부산
2022,12,11,2,대구
2022,12,32,1,인천
2022,12,6,2,대전
2022,12,99,8,경기
2022,11,106,7,서울
2022,11,16,2,충북
2022,11,36,6,충남
2022,11,4,1,전북
2022,11,2,1,전남
2022,11,77,2,경남
2022,11,21,2,부산
2022,11,7,1,대구
2022,11,43,4,경기
2022,10,104,6,서울
2022,10,3,1,강원
2022,10,2,1,충북
2022,10,58,2,전북
2022,10,4,1,전남
2022,10,45,3,경북
2022,10,29,2,경남
2022,10,13,2,제주
2022,10,81,1,부산
2022,10,4,1,대구
2022,10,93,2,경기
2022,09,10,2,서울
2022,09,77,5,강원
2022,09,10,2,충북
2022,09,43,4,전남
2022,09,12,2,경북
2022,09,11,1,경남
2022,09,29,2,제주
2022,09,55,1,불명
2022,09,239,5,부산
2022,09,27,1,대구
2022,09,2,1,인천
2022,09,63,3,경기
2022,08,35,6,서울
2022,08,6,2,충북
2022,08,22,2,충남
2022,08,6,1,전남
2022,08,14,2,경북
2022,08,10,3,경남
2022,08,10,2,불명
2022,08,78,7,부산
2022,08,66,1,대구
2022,08,4,1,세종
2022,08,287,4,경기
2022,07,37,6,서울
2022,07,19,3,강원
2022,07,2,1,충남
2022,07,15,4,전북
2022,07,8,2,전남
2022,07,15,2,경북
2022,07,89,7,경남
2022,07,13,1,제주
2022,07,23,4,불명
2022,07,104,5,부산
2022,07,66,5,대구
2022,07,174,4,인천
2022,07,5,2,광주
2022,07,4,1,대전
2022,07,10,2,울산
2022,07,68,8,경기
2022,06,152,7,서울
2022,06,3,1,강원
2022,06,5,1,충북
2022,06,27,2,충남
2022,06,10,2,전남
2022,06,93,4,경북
2022,06,108,6,경남
2022,06,44,7,제주
2022,06,467,4,부산
2022,06,5,1,대전
2022,06,129,7,경기
2022,05,26,2,서울
2022,05,41,1,충북
2022,05,141,3,충남
2022,05,79,3,전북
2022,05,15,2,경북
2022,05,38,3,경남
2022,05,34,1,제주
2022,05,16,3,부산
2022,05,10,3,대구
2022,05,2,1,인천
2022,05,16,2,광주
2022,05,239,6,경기
2022,04,50,4,서울
2022,04,3,1,충북
2022,04,4,2,충남
2022,04,3,1,경남
2022,04,74,1,제주
2022,04,6,1,부산
2022,04,8,2,경기
2022,03,5,1,강원
2022,03,5,1,전남
2022,03,98,6,부산
2022,03,115,1,대구
2022,03,125,1,대전
2022,03,5,1,울산
2022,03,69,2,경기
2022,02,6,1,서울
2022,02,2,1,충북
2022,02,11,1,충남
2022,02,24,1,제주
2022,02,16,1,광주
2022,02,51,1,대전
2022,02,24,2,경기
2022,01,70,2,서울
2022,01,2,1,충남
2022,01,9,2,경북
2022,01,2,1,불명
2022,01,2,1,부산
2022,01,3,1,광주
2022,01,39,1,대전
2022,01,12,1,경기
2021,12,53,2,서울
2021,12,150,2,강원
2021,12,2,1,충북
2021,12,30,1,충남
2021,12,25,1,전북
2021,12,46,2,경북
2021,12,10,1,경남
2021,12,5,2,부산
2021,12,16,1,인천
2021,12,3,1,광주
2021,12,5,2,대전
2021,11,20,3,서울
2021,11,30,1,충북
2021,11,16,1,충남
2021,11,24,1,전북
2021,11,26,3,전남
2021,11,4,1,경남
2021,11,6,2,부산
2021,11,14,1,인천
2021,11,2,1,경기
2021,10,118,2,충북
2021,10,2,1,충남
2021,10,17,1,전북
2021,10,44,2,전남
2021,10,7,2,부산
2021,10,34,3,경기
2021,09,5,2,충북
2021,09,9,1,충남
2021,09,15,2,전남
2021,09,22,3,경북
2021,09,134,3,경남
2021,09,19,1,제주
2021,09,22,4,부산
2021,09,29,1,인천
2021,09,4,1,광주
2021,09,76,5,경기
2021,08,154,5,서울
2021,08,59,2,강원
2021,08,83,8,충북
2021,08,56,3,충남
2021,08,3,1,전북
2021,08,29,4,경북
2021,08,28,2,경남
2021,08,3,1,제주
2021,08,2,1,불명
2021,08,91,5,부산
2021,08,29,1,대구
2021,08,14,3,광주
2021,08,327,10,경기
2021,07,8,1,서울
2021,07,3,1,강원
2021,07,24,3,충북
2021,07,118,2,충남
2021,07,9,2,전남
2021,07,3,1,경북
2021,07,61,2,경남
2021,07,2,1,제주
2021,07,595,5,부산
2021,07,33,2,대구
2021,07,16,1,광주
2021,07,421,7,경기
2021,06,58,5,서울
2021,06,26,3,강원
2021,06,6,2,충북
2021,06,18,2,충남
2021,06,6,1,전북
2021,06,42,1,전남
2021,06,4,1,경북
2021,06,11,1,경남
2021,06,46,2,부산
2021,06,63,1,대구
2021,06,15,1,인천
2021,06,5,1,울산
2021,06,43,3,경기
2021,05,10,2,서울
2021,05,3,1,강원
2021,05,35,2,충북
2021,05,12,1,전북
2021,05,8,2,전남
2021,05,4,1,경북
2021,05,6,1,제주
2021,05,43,2,부산
2021,05,15,1,대구
2021,05,4,1,광주
2021,05,54,4,경기
2021,04,178,3,서울
2021,04,6,1,강원
2021,04,14,4,충남
2021,04,2,1,경북
2021,04,45,3,경남
2021,04,6,2,제주
2021,04,29,2,부산
2021,04,79,1,대구
2021,04,25,1,인천
2021,04,5,2,광주
2021,04,28,4,경기
2021,03,62,3,서울
2021,03,11,3,강원
2021,03,46,1,충남
2021,03,16,2,전북
2021,03,1,1,전남
2021,03,11,2,경남
2021,03,17,2,제주
2021,03,2,1,불명
2021,03,51,2,부산
2021,03,7,2,대전
2021,03,110,1,세종
2021,03,67,1,경기
2021,02,8,1,서울
2021,02,12,3,강원
2021,02,193,2,충남
2021,02,3,1,경남
2021,02,21,1,부산
2021,02,2,1,광주
2021,02,59,2,경기
2021,01,30,1,서울
2021,01,9,1,충북
2021,01,6,1,충남
2021,01,19,1,경북
2021,01,28,1,경남
2021,01,2,1,광주
2021,01,148,1,세종
2021,01,50,2,경기
2020,12,12,1,서울
2020,12,3,1,대구
2020,12,46,2,대전
2020,12,17,3,경기
2020,11,10,1,강원
2020,11,2,1,충북
2020,11,19,1,충남
2020,11,2,1,제주
2020,11,117,1,부산
2020,11,15,1,광주
2020,11,87,4,경기
2020,10,6,1,서울
2020,10,19,1,강원
2020,10,2,1,전북
2020,10,6,1,전남
2020,10,100,1,경북
2020,10,6,1,경남
2020,10,10,1,제주
2020,10,9,1,부산
2020,10,7,1,대구
2020,10,6,2,경기
2020,09,4,1,강원
2020,09,23,3,충북
2020,09,11,2,전북
2020,09,3,1,경남
2020,09,4,1,부산
2020,09,33,2,대구
2020,09,4,1,인천
2020,09,45,3,광주
2020,09,30,2,경기
2020,08,51,2,서울
2020,08,24,2,강원
2020,08,14,1,경북
2020,08,6,2,경남
2020,08,6,1,제주
2020,08,19,4,부산
2020,08,16,2,대구
2020,08,3,1,인천
2020,08,10,1,울산
2020,08,11,2,경기
2020,07,124,3,서울
2020,07,3,1,강원
2020,07,6,1,충북
2020,07,13,1,전북
2020,07,2,1,전남
2020,07,77,4,경북
2020,07,96,2,경남
2020,07,15,3,제주
2020,07,44,3,부산
2020,07,104,1,인천
2020,07,10,1,광주
2020,07,6,1,대전
2020,07,4,1,울산
2020,07,184,7,경기
2020,06,7,2,서울
2020,06,39,1,충북
2020,06,94,1,충남
2020,06,68,5,전남
2020,06,89,1,제주
2020,06,48,4,부산
2020,06,3,1,대구
2020,06,17,1,인천
2020,06,16,1,울산
2020,06,107,2,경기
2020,05,5,1,전북
2020,05,3,1,전남
2020,05,3,1,경남
2020,05,2,1,부산
2020,05,6,1,경기
2020,04,5,1,서울
2020,04,83,2,충북
2020,04,14,3,경북
2020,04,4,1,경남
2020,04,6,1,경기
2020,03,4,1,충북
2020,03,113,2,경기
2020,02,9,1,전남
2020,02,9,2,경북
2020,02,6,1,세종
2020,02,51,5,경기
2020,01,9,3,서울
2020,01,10,2,충북
2020,01,32,5,전북
2020,01,6,1,전남
2020,01,5,2,경북
2020,01,11,1,경남
2020,01,5,2,부산
2020,01,12,2,대구
2020,01,2,1,울산
2020,01,125,9,경기
2019,12,106,6,서울
2019,12,2,1,충북
2019,12,18,1,전북
2019,12,17,1,전남
2019,12,5,1,경북
2019,12,58,2,경남
2019,12,2,1,대구
2019,12,11,1,인천
2019,12,32,4,경기
2019,11,2,1,서울
2019,11,18,1,충남
2019,11,76,2,전남
2019,11,5,1,제주
2019,11,20,2,불명
2019,11,19,1,부산
2019,11,15,1,대구
2019,11,28,3,인천
2019,11,5,1,광주
2019,11,4,1,대전
2019,11,5,1,세종
2019,11,39,3,경기
2019,10,38,2,서울
2019,10,5,1,강원
2019,10,2,1,충북
2019,10,28,2,충남
2019,10,3,1,전북
2019,10,39,1,전남
2019,10,9,2,경남
2019,10,40,2,제주
2019,10,10,1,불명
2019,10,53,3,경기
2019,09,8,2,서울
2019,09,18,2,강원
2019,09,14,2,충북
2019,09,12,2,충남
2019,09,33,3,전북
2019,09,2,1,경북
2019,09,11,1,경남
2019,09,6,1,제주
2019,09,8,1,불명
2019,09,4,1,부산
2019,09,8,2,인천
2019,09,5,1,광주
2019,09,7,3,경기
2019,08,5,1,서울
2019,08,66,4,강원
2019,08,20,3,충북
2019,08,70,1,충남
2019,08,51,1,전남
2019,08,33,4,경남
2019,08,4,1,불명
2019,08,2,1,대구
2019,08,5,1,인천
2019,08,6,1,광주
2019,08,71,7,경기
2019,07,54,5,서울
2019,07,6,1,강원
2019,07,49,2,충북
2019,07,166,2,충남
2019,07,18,3,전북
2019,07,42,3,경북
2019,07,3,1,경남
2019,07,26,1,대구
2019,07,38,2,인천
2019,07,19,2,광주
2019,07,5,1,울산
2019,07,124,5,경기
2019,06,68,8,서울
2019,06,55,2,강원
2019,06,107,4,충북
2019,06,6,1,충남
2019,06,8,2,전북
2019,06,13,1,경북
2019,06,27,1,경남
2019,06,8,1,제주
2019,06,4,1,불명
2019,06,67,2,부산
2019,06,42,1,대구
2019,06,11,3,인천
2019,06,9,2,광주
2019,06,32,2,대전
2019,06,75,6,경기
2019,05,44,2,서울
2019,05,14,3,강원
2019,05,14,1,충북
2019,05,4,1,충남
2019,05,6,1,전북
2019,05,16,1,전남
2019,05,39,5,경북
2019,05,3,1,경남
2019,05,140,4,부산
2019,05,2,1,대구
2019,05,4,1,인천
2019,05,4,2,대전
2019,05,8,1,울산
2019,05,140,11,경기
2019,04,320,6,서울
2019,04,5,2,강원
2019,04,25,2,충북
2019,04,41,2,충남
2019,04,6,2,전북
2019,04,5,1,전남
2019,04,34,3,경북
2019,04,21,4,경남
2019,04,3,1,제주
2019,04,6,1,부산
2019,04,9,2,대구
2019,04,19,1,인천
2019,04,7,1,울산
2019,04,42,3,경기
2019,03,13,1,충북
2019,03,2,1,충남
2019,03,5,1,전남
2019,03,5,1,경북
2019,03,8,1,경남
2019,03,13,3,부산
2019,03,54,1,대구
2019,03,268,2,인천
2019,03,9,1,광주
2019,03,24,1,대전
2019,03,103,6,경기
2019,02,43,2,서울
2019,02,3,1,강원
2019,02,12,2,충남
2019,02,8,1,전남
2019,02,2,1,경북
2019,02,26,5,경남
2019,02,8,2,부산
2019,02,2,1,대구
2019,02,5,1,인천
2019,01,31,1,서울
2019,01,18,2,강원
2019,01,18,2,충북
2019,01,32,2,충남
2019,01,5,1,전북
2019,01,55,2,경북
2019,01,29,4,경남
2019,01,6,1,부산
2019,01,3,1,대구
2019,01,19,5,경기
2018,12,49,4,서울
2018,12,12,2,전남
2018,12,21,1,경북
2018,12,26,3,경남
2018,12,12,3,인천
2018,12,22,2,경기
2018,11,2,1,서울
2018,11,28,2,충북
2018,11,26,1,충남
2018,11,25,3,전북
2018,11,2,1,전남
2018,11,14,1,경북
2018,11,6,1,경남
2018,11,14,2,제주
2018,11,9,2,부산
2018,11,18,3,인천
2018,11,25,2,광주
2018,11,16,4,경기
2018,10,109,8,서울
2018,10,3,1,강원
2018,10,25,2,충북
2018,10,15,3,전북
2018,10,38,4,전남
2018,10,5,1,경북
2018,10,96,8,경남
2018,10,111,1,제주
2018,10,2,1,불명
2018,10,10,1,부산
2018,10,2,1,대구
2018,10,26,3,인천
2018,10,82,2,울산
2018,10,84,9,경기
2018,09,770,5,서울
2018,09,69,1,강원
2018,09,11,1,충북
2018,09,75,3,전북
2018,09,85,5,전남
2018,09,699,7,경북
2018,09,26,3,경남
2018,09,31,3,제주
2018,09,139,1,불명
2018,09,34,3,부산
2018,09,10,2,대구
2018,09,105,4,인천
2018,09,3185,18,경기
2018,08,172,4,서울
2018,08,114,4,강원
2018,08,7,1,충북
2018,08,207,2,충남
2018,08,5,2,전북
2018,08,77,5,전남
2018,08,70,4,경북
2018,08,224,2,부산
2018,08,32,3,인천
2018,08,12,1,광주
2018,08,616,8,경기
2018,07,68,5,서울
2018,07,75,1,강원
2018,07,7,2,충북
2018,07,17,3,전북
2018,07,15,4,전남
2018,07,11,3,경북
2018,07,43,1,경남
2018,07,193,3,부산
2018,07,69,2,대구
2018,07,67,4,인천
2018,07,4,1,대전
2018,07,61,6,경기
2018,06,54,2,서울
2018,06,5,1,강원
2018,06,81,4,충북
2018,06,18,1,충남
2018,06,15,2,전남
2018,06,161,4,경북
2018,06,31,2,경남
2018,06,68,1,부산
2018,06,157,2,대구
2018,06,43,3,인천
2018,06,2,1,울산
2018,06,97,5,경기
2018,05,291,5,서울
2018,05,32,2,강원
2018,05,19,2,충북
2018,05,17,2,전북
2018,05,44,3,전남
2018,05,19,1,경북
2018,05,35,2,경남
2018,05,4,1,제주
2018,05,11,1,불명
2018,05,26,2,부산
2018,05,5,2,인천
2018,05,5,1,울산
2018,05,179,2,세종
2018,05,166,5,경기
2018,04,55,5,서울
2018,04,11,1,충남
2018,04,18,1,전북
2018,04,19,1,경북
2018,04,115,2,경남
2018,04,39,2,제주
2018,04,6,1,불명
2018,04,52,3,부산
2018,04,3,1,대구
2018,04,2,1,인천
2018,04,4,1,광주
2018,04,7,1,울산
2018,04,113,5,경기
2018,03,466,10,서울
2018,03,4,1,강원
2018,03,6,1,충북
2018,03,36,3,전북
2018,03,9,2,전남
2018,03,73,5,경북
2018,03,84,5,경남
2018,03,18,1,부산
2018,03,3,1,인천
2018,03,2,1,광주
2018,03,6,1,울산
2018,03,109,6,경기
2018,02,95,3,서울
2018,02,6,1,강원
2018,02,15,1,전남
2018,02,23,1,경남
2018,02,3,1,부산
2018,02,4,2,대구
2018,02,6,1,인천
2018,02,5,1,세종
2018,02,37,4,경기
2018,01,11,2,서울
2018,01,6,2,충북
2018,01,10,1,전남
2018,01,2,1,경남
2018,01,33,1,제주
2018,01,3,1,불명
2018,01,15,4,인천
2018,01,45,5,경기
2017,12,4,1,서울
2017,12,20,1,강원
2017,12,5,1,전북
2017,12,2,1,경북
2017,12,9,3,경남
2017,12,5,1,부산
2017,12,6,1,대구
2017,12,10,2,인천
2017,12,3,1,대전
2017,12,5,1,울산
2017,12,54,3,경기
2017,11,42,5,서울
2017,11,30,1,충북
2017,11,9,1,전남
2017,11,12,2,경남
2017,11,25,2,부산
2017,11,31,1,인천
2017,11,30,5,경기
2017,10,5,1,서울
2017,10,5,1,충북
2017,10,53,1,전남
2017,10,26,1,경북
2017,10,22,1,경남
2017,10,7,2,제주
2017,10,42,2,부산
2017,10,87,4,인천
2017,10,85,3,경기
2017,09,220,5,서울
2017,09,6,2,강원
2017,09,34,1,충북
2017,09,3,2,전남
2017,09,6,1,경북
2017,09,40,2,경남
2017,09,2,1,제주
2017,09,77,1,불명
2017,09,206,3,부산
2017,09,10,2,인천
2017,09,89,1,대전
2017,09,11,2,울산
2017,09,3,1,세종
2017,09,38,7,경기
2017,08,327,7,서울
2017,08,46,4,강원
2017,08,25,1,충북
2017,08,15,2,충남
2017,08,19,4,전북
2017,08,27,2,전남
2017,08,108,2,경북
2017,08,36,4,경남
2017,08,237,3,제주
2017,08,79,1,불명
2017,08,5,1,부산
2017,08,23,2,대구
2017,08,6,1,인천
2017,08,3,1,광주
2017,08,14,1,대전
2017,08,13,1,세종
2017,08,572,9,경기
2017,07,119,9,서울
2017,07,11,3,강원
2017,07,21,2,충남
2017,07,73,3,전북
2017,07,40,4,전남
2017,07,59,3,경북
2017,07,6,1,경남
2017,07,3,1,제주
2017,07,9,1,부산
2017,07,7,3,대구
2017,07,18,6,인천
2017,07,25,1,광주
2017,07,4,2,대전
2017,07,6,1,울산
2017,07,28,6,경기
2017,06,16,3,서울
2017,06,22,5,강원
2017,06,3,1,충북
2017,06,24,2,충남
2017,06,8,2,전북
2017,06,10,3,전남
2017,06,3,1,경북
2017,06,20,3,경남
2017,06,21,3,제주
2017,06,26,6,대구
2017,06,46,6,인천
2017,06,717,9,경기
2017,05,10,1,서울
2017,05,30,3,강원
2017,05,114,2,충북
2017,05,25,2,충남
2017,05,131,1,전북
2017,05,5,2,전남
2017,05,57,6,경남
2017,05,14,4,제주
2017,05,75,2,불명
2017,05,2,1,대구
2017,05,4,1,인천
2017,05,32,1,울산
2017,05,106,14,경기
2017,04,2,1,서울
2017,04,109,5,강원
2017,04,6,1,충남
2017,04,10,2,전남
2017,04,65,3,경북
2017,04,8,2,경남
2017,04,4,1,제주
2017,04,32,2,부산
2017,04,2,1,인천
2017,04,90,1,대전
2017,04,6,1,울산
2017,04,75,6,경기
2017,03,7,2,서울
2017,03,4,1,강원
2017,03,12,3,충남
2017,03,51,2,경북
2017,03,3,1,경남
2017,03,6,1,부산
2017,03,7,2,대구
2017,03,3,1,인천
2017,03,53,3,경기
2017,02,5,1,서울
2017,02,3,1,강원
2017,02,7,2,충북
2017,02,11,2,충남
2017,02,14,2,전북
2017,02,8,2,경남
2017,02,6,1,제주
2017,02,3,1,부산
2017,02,5,1,대구
2017,02,3,1,인천
2017,02,6,2,세종
2017,02,18,2,경기
2017,01,6,2,서울
2017,01,2,1,충북
2017,01,12,3,충남
2017,01,6,1,전남
2017,01,6,1,경북
2017,01,3,1,부산
2017,01,13,2,대구
2017,01,6,2,인천
2017,01,67,7,경기
2016,12,59,5,서울
2016,12,5,1,충북
2016,12,22,3,충남
2016,12,5,1,전남
2016,12,10,2,경남
2016,12,12,2,제주
2016,12,62,4,대구
2016,12,10,2,인천
2016,12,5,1,광주
2016,12,207,11,경기
2016,11,71,3,서울
2016,11,57,4,충북
2016,11,11,3,충남
2016,11,21,2,전북
2016,11,17,2,전남
2016,11,9,2,경남
2016,11,11,1,불명
2016,11,147,6,대구
2016,11,11,2,인천
2016,11,10,1,광주
2016,11,81,11,경기
2016,10,27,1,서울
2016,10,356,3,강원
2016,10,5,1,충북
2016,10,28,6,충남
2016,10,43,1,전북
2016,10,20,5,전남
2016,10,7,1,경북
2016,10,62,3,경남
2016,10,87,5,제주
2016,10,11,2,대구
2016,10,36,5,인천
2016,10,8,1,세종
2016,10,41,7,경기
2016,09,6,1,서울
2016,09,61,3,충북
2016,09,22,2,충남
2016,09,7,2,전북
2016,09,3,1,전남
2016,09,8,2,경북
2016,09,10,2,경남
2016,09,17,6,제주
2016,09,4,1,대구
2016,09,16,2,인천
2016,09,27,1,광주
2016,09,31,3,대전
2016,09,24,1,울산
2016,09,189,12,경기
2016,08,975,8,서울
2016,08,12,3,강원
2016,08,65,5,충남
2016,08,4,1,전남
2016,08,149,4,경북
2016,08,198,2,경남
2016,08,35,11,제주
2016,08,341,4,부산
2016,08,126,3,대구
2016,08,194,8,인천
2016,08,3,1,대전
2016,08,38,1,울산
2016,08,248,11,경기
2016,07,142,3,서울
2016,07,40,6,강원
2016,07,17,2,충남
2016,07,2,1,전남
2016,07,16,1,경북
2016,07,5,2,제주
2016,07,22,2,울산
2016,07,36,5,경기
2016,06,23,3,강원
2016,06,4,1,충북
2016,06,9,1,충남
2016,06,187,1,전북
2016,06,10,2,전남
2016,06,165,4,경북
2016,06,66,7,제주
2016,06,4,1,대구
2016,06,46,3,인천
2016,06,33,2,광주
2016,06,73,2,대전
2016,06,141,9,경기
2016,05,10,3,서울
2016,05,23,4,강원
2016,05,44,3,충남
2016,05,153,1,전북
2016,05,25,4,전남
2016,05,20,3,경북
2016,05,16,3,경남
2016,05,118,3,제주
2016,05,12,1,부산
2016,05,8,1,대구
2016,05,65,5,인천
2016,05,6,1,광주
2016,05,2,1,대전
2016,05,171,10,경기
2016,04,50,4,서울
2016,04,20,3,강원
2016,04,14,2,충북
2016,04,35,2,충남
2016,04,24,4,전북
2016,04,43,5,전남
2016,04,93,5,경북
2016,04,5,1,경남
2016,04,96,2,불명
2016,04,14,1,부산
2016,04,5,1,대구
2016,04,155,9,경기
2016,03,109,3,서울
2016,03,2,1,강원
2016,03,57,4,충북
2016,03,16,3,충남
2016,03,17,3,경북
2016,03,11,1,경남
2016,03,10,1,제주
2016,03,50,2,부산
2016,03,6,2,대구
2016,03,3,1,인천
2016,03,77,4,경기
2016,02,20,2,서울
2016,02,2,1,강원
2016,02,5,1,충남
2016,02,6,1,전북
2016,02,5,1,경남
2016,02,8,1,대구
2016,02,5,2,경기
2016,01,5,2,서울
2016,01,14,1,충남
2016,01,5,1,전북
2016,01,7,1,전남
2016,01,19,1,경남
2016,01,2,1,대구
2016,01,5,1,인천
2016,01,41,6,경기
2015,12,150,5,서울
2015,12,2,1,강원
2015,12,35,1,충북
2015,12,14,2,충남
2015,12,6,1,전북
2015,12,21,2,경남
2015,12,11,3,대구
2015,12,20,1,인천
2015,12,16,3,경기
2015,11,10,2,서울
2015,11,2,1,충북
2015,11,6,2,충남
2015,11,55,2,전남
2015,11,57,3,경북
2015,11,15,3,경남
2015,11,17,4,인천
2015,11,41,1,울산
2015,11,18,6,경기
2015,10,11,2,서울
2015,10,14,4,강원
2015,10,11,1,충북
2015,10,83,2,충남
2015,10,26,2,전북
2015,10,19,2,전남
2015,10,5,1,경북
2015,10,15,4,제주
2015,10,3,1,불명
2015,10,17,2,대구
2015,10,31,1,인천
2015,10,16,1,대전
2015,10,48,11,경기
2015,09,13,2,서울
2015,09,23,4,강원
2015,09,5,1,충북
2015,09,6,1,충남
2015,09,34,2,전남
2015,09,63,3,경북
2015,09,4,1,제주
2015,09,54,3,대구
2015,09,6,2,인천
2015,09,4,1,대전
2015,09,188,8,경기
2015,08,5,2,서울
2015,08,13,3,강원
2015,08,50,3,충남
2015,08,101,7,전북
2015,08,30,4,전남
2015,08,16,1,경북
2015,08,45,2,경남
2015,08,3,1,대구
2015,08,1466,8,경기
2015,07,92,4,서울
2015,07,3,1,강원
2015,07,98,1,충북
2015,07,12,3,전북
2015,07,22,4,전남
2015,07,27,2,경남
2015,07,4,2,제주
2015,07,40,2,부산
2015,07,5,1,대구
2015,07,3,1,인천
2015,07,23,2,광주
2015,07,2,1,대전
2015,07,196,10,경기
2015,06,196,6,서울
2015,06,3,1,강원
2015,06,168,5,충남
2015,06,212,2,전북
2015,06,2,1,전남
2015,06,30,1,경북
2015,06,42,2,경남
2015,06,3,1,제주
2015,06,2,1,대구
2015,06,4,2,인천
2015,06,15,2,광주
2015,06,12,1,대전
2015,06,6,1,울산
2015,06,57,5,경기
2015,05,13,1,서울
2015,05,11,2,강원
2015,05,37,1,충북
2015,05,30,1,전북
2015,05,48,3,전남
2015,05,5,1,경남
2015,05,9,1,제주
2015,05,9,1,불명
2015,05,21,2,부산
2015,05,14,1,대구
2015,05,60,4,인천
2015,05,2,1,대전
2015,05,4,1,세종
2015,05,230,7,경기
2015,04,79,5,서울
2015,04,10,2,강원
2015,04,28,2,충북
2015,04,4,1,충남
2015,04,3,1,전남
2015,04,57,1,경북
2015,04,37,3,경남
2015,04,11,1,부산
2015,04,35,1,대구
2015,04,6,1,인천
2015,04,25,2,광주
2015,04,5,1,대전
2015,04,102,9,경기
2015,03,146,4,서울
2015,03,26,2,강원
2015,03,45,1,충북
2015,03,6,1,충남
2015,03,6,1,전남
2015,03,34,2,경북
2015,03,4,1,제주
2015,03,6,1,부산
2015,03,3,1,인천
2015,03,44,1,광주
2015,03,92,8,경기
2015,02,51,2,서울
2015,02,3,1,강원
2015,02,9,2,충남
2015,02,6,1,전남
2015,02,3,1,경남
2015,02,6,1,제주
2015,02,13,1,인천
2015,02,58,4,경기
2015,01,9,2,서울
2015,01,20,2,강원
2015,01,3,1,충북
2015,01,21,4,충남
2015,01,50,2,전북
2015,01,21,3,전남
2015,01,20,3,경남
2015,01,8,4,대구
2015,01,4,1,인천
2015,01,3,1,광주
2015,01,58,2,울산
2015,01,105,11,경기
2014,12,67,10,서울
2014,12,21,2,강원
2014,12,25,1,충남
2014,12,14,2,전북
2014,12,16,1,전남
2014,12,152,4,경북
2014,12,4,1,경남
2014,12,3,1,부산
2014,12,64,3,대구
2014,12,73,5,인천
2014,12,10,2,광주
2014,12,26,2,대전
2014,12,6,1,울산
2014,12,139,15,경기
2014,11,99,5,서울
2014,11,8,2,강원
2014,11,17,1,충북
2014,11,4,1,충남
2014,11,4,1,전북
2014,11,41,4,전남
2014,11,19,2,경북
2014,11,2,1,경남
2014,11,8,2,제주
2014,11,2,1,대구
2014,11,7,2,인천
2014,11,30,2,대전
2014,11,3,1,울산
2014,11,98,7,경기
2014,10,15,2,서울
2014,10,3,1,강원
2014,10,72,1,충남
2014,10,5,1,전남
2014,10,17,2,경북
2014,10,5,1,경남
2014,10,32,4,제주
2014,10,10,1,불명
2014,10,18,1,부산
2014,10,3,1,대구
2014,10,8,2,인천
2014,10,2,1,대전
2014,10,33,1,울산
2014,10,13,1,세종
2014,10,21,4,경기
2014,09,16,4,서울
2014,09,50,3,충북
2014,09,7,2,충남
2014,09,6,2,전북
2014,09,25,1,전남
2014,09,3,1,경북
2014,09,53,1,불명
2014,09,35,3,광주
2014,09,4,1,대전
2014,09,14,1,울산
2014,09,48,8,경기
2014,08,915,9,서울
2014,08,43,3,충남
2014,08,19,2,전북
2014,08,12,2,전남
2014,08,6,1,경북
2014,08,5,1,제주
2014,08,15,2,부산
2014,08,59,2,인천
2014,08,4,1,광주
2014,08,58,5,울산
2014,08,293,15,경기
2014,07,103,5,서울
2014,07,6,2,강원
2014,07,70,6,충북
2014,07,19,3,충남
2014,07,9,1,경남
2014,07,5,1,제주
2014,07,3,1,대구
2014,07,30,1,인천
2014,07,2,1,광주
2014,07,19,1,울산
2014,07,218,11,경기
2014,06,403,4,서울
2014,06,31,2,강원
2014,06,14,2,충북
2014,06,160,4,전북
2014,06,187,4,전남
2014,06,8,1,경북
2014,06,6,1,제주
2014,06,5,1,불명
2014,06,36,1,인천
2014,06,41,6,울산
2014,06,64,10,경기
2014,05,6,1,서울
2014,05,24,1,충북
2014,05,30,1,충남
2014,05,34,1,전북
2014,05,68,3,전남
2014,05,23,4,경북
2014,05,5,1,경남
2014,05,9,2,제주
2014,05,8,2,부산
2014,05,1163,10,인천
2014,05,10,2,대전
2014,05,7,1,울산
2014,05,161,6,경기
2014,04,60,4,서울
2014,04,44,1,강원
2014,04,13,1,충북
2014,04,7,1,충남
2014,04,55,2,전북
2014,04,8,2,경북
2014,04,6,1,경남
2014,04,10,1,불명
2014,04,80,1,대구
2014,04,33,1,울산
2014,04,55,7,경기
2014,03,210,6,서울
2014,03,3,1,충북
2014,03,2,1,전북
2014,03,9,2,전남
2014,03,4,1,경북
2014,03,6,1,경남
2014,03,33,1,부산
2014,03,48,3,인천
2014,03,12,1,세종
2014,03,736,7,경기
2014,02,6,1,서울
2014,02,10,1,충북
2014,02,9,1,충남
2014,02,2,1,전북
2014,02,22,2,전남
2014,02,6,1,경북
2014,02,3,1,대구
2014,02,22,6,경기
2014,01,5,1,서울
2014,01,4,1,강원
2014,01,3,1,전북
2014,01,4,1,전남
2014,01,4,1,인천
2014,01,36,4,경기
2013,12,100,6,서울
2013,12,42,3,충남
2013,12,10,3,전북
2013,12,22,2,불명
2013,12,15,1,부산
2013,12,40,1,대구
2013,12,35,1,인천
2013,12,3,1,광주
2013,12,7,2,울산
2013,12,97,7,경기
2013,11,102,3,서울
2013,11,89,1,강원
2013,11,6,1,충남
2013,11,89,2,전북
2013,11,27,2,전남
2013,11,14,1,불명
2013,11,6,1,부산
2013,11,20,4,인천
2013,11,58,1,울산
2013,11,43,1,세종
2013,11,38,4,경기
2013,10,8,3,서울
2013,10,2,1,충남
2013,10,20,2,전북
2013,10,6,1,전남
2013,10,15,1,경북
2013,10,48,1,경남
2013,10,11,1,제주
2013,10,16,1,불명
2013,10,9,2,부산
2013,10,6,2,경기
2013,09,32,1,서울
2013,09,7,1,강원
2013,09,35,1,충남
2013,09,40,1,전남
2013,09,51,2,경북
2013,09,28,2,제주
2013,09,82,2,부산
2013,09,5,2,대구
2013,09,107,1,인천
2013,09,63,5,경기
2013,08,38,1,전북
2013,08,75,5,전남
2013,08,191,2,경남
2013,08,4,1,제주
2013,08,3,1,부산
2013,08,39,1,대구
2013,08,55,4,경기
2013,07,68,3,서울
2013,07,11,1,강원
2013,07,8,1,전북
2013,07,251,5,전남
2013,07,19,1,경남
2013,07,5,1,제주
2013,07,2,1,부산
2013,07,11,1,광주
2013,07,46,2,울산
2013,07,190,10,경기
2013,06,260,3,서울
2013,06,22,3,전북
2013,06,66,1,전남
2013,06,19,1,경남
2013,06,6,1,제주
2013,06,94,2,부산
2013,06,3,1,대구
2013,06,79,2,인천
2013,06,15,1,광주
2013,06,7,1,대전
2013,06,106,8,경기
2013,05,11,3,서울
2013,05,6,1,강원
2013,05,53,2,전북
2013,05,32,2,경북
2013,05,5,1,경남
2013,05,18,1,대구
2013,05,46,1,인천
2013,05,9,1,울산
2013,05,72,8,경기
2013,04,58,6,서울
2013,04,324,1,강원
2013,04,3,1,충북
2013,04,415,5,전북
2013,04,5,1,전남
2013,04,14,1,경남
2013,04,13,2,제주
2013,04,5,1,대구
2013,04,9,1,인천
2013,04,26,1,세종
2013,04,24,4,경기
2013,03,8,2,서울
2013,03,83,2,강원
2013,03,50,2,전북
2013,03,23,1,경북
2013,03,16,1,제주
2013,03,2,1,부산
2013,03,8,1,대구
2013,03,4,1,인천
2013,03,133,8,경기
2013,02,36,1,충북
2013,02,9,1,광주
2013,02,5,2,경기
2013,01,60,4,서울
2013,01,34,2,강원
2013,01,21,2,충북
2013,01,101,3,전북
2013,01,23,1,전남
2013,01,3,1,대구
2013,01,4,1,대전
2013,01,40,8,경기
2012,12,31,2,서울
2012,12,266,1,강원
2012,12,3,1,충북
2012,12,28,2,경북
2012,12,63,2,대구
2012,12,72,2,울산
2012,12,33,1,세종
2012,12,182,15,경기
2012,11,132,3,서울
2012,11,41,2,강원
2012,11,17,2,충남
2012,11,58,3,경북
2012,11,98,7,경기
2012,10,46,8,서울
2012,10,33,1,충북
2012,10,6,1,충남
2012,10,5,1,전북
2012,10,33,1,제주
2012,10,10,1,부산
2012,10,4,1,대구
2012,10,10,2,인천
2012,10,4,1,대전
2012,10,12,2,울산
2012,10,26,5,경기
2012,09,24,4,서울
2012,09,165,1,강원
2012,09,6,1,전북
2012,09,7,1,전남
2012,09,45,1,경남
2012,09,74,1,제주
2012,09,169,3,부산
2012,09,44,1,대구
2012,09,691,9,인천
2012,09,14,1,광주
2012,09,8,1,대전
2012,09,5,1,울산
2012,09,151,13,경기
2012,08,139,3,서울
2012,08,33,3,강원
2012,08,16,1,전북
2012,08,46,2,전남
2012,08,23,2,경북
2012,08,44,2,경남
2012,08,17,2,부산
2012,08,31,2,대구
2012,08,5,1,울산
2012,08,236,10,경기
2012,07,37,2,서울
2012,07,2,1,강원
2012,07,3,1,충북
2012,07,82,2,충남
2012,07,5,1,전남
2012,07,75,3,경남
2012,07,4,2,대구
2012,07,6,1,인천
2012,07,3,1,광주
2012,07,2,1,울산
2012,07,81,5,경기
2012,06,184,3,서울
2012,06,42,3,강원
2012,06,7,1,충북
2012,06,34,2,충남
2012,06,33,3,전남
2012,06,5,1,경북
2012,06,44,2,제주
2012,06,20,2,대구
2012,06,62,2,인천
2012,06,72,8,경기
2012,05,70,3,서울
2012,05,136,1,강원
2012,05,13,2,충북
2012,05,71,1,전북
2012,05,88,3,전남
2012,05,12,1,경북
2012,05,77,2,경남
2012,05,5,1,제주
2012,05,4,1,대구
2012,05,93,2,인천
2012,05,10,1,대전
2012,05,101,10,경기
2012,04,2,1,서울
2012,04,58,2,강원
2012,04,22,1,전남
2012,04,18,2,경북
2012,04,48,1,제주
2012,04,10,1,부산
2012,04,124,3,인천
2012,04,57,1,광주
2012,04,27,1,울산
2012,04,21,4,경기
2012,03,83,1,서울
2012,03,15,1,강원
2012,03,42,1,충북
2012,03,9,1,경남
2012,03,47,2,부산
2012,03,68,1,대구
2012,03,17,1,광주
2012,03,15,3,경기
2012,02,74,4,서울
2012,02,4,1,강원
2012,02,18,1,충북
2012,02,15,1,충남
2012,02,38,1,전남
2012,02,52,2,경북
2012,02,49,2,경남
2012,02,72,2,부산
2012,02,70,7,경기
2012,01,15,1,서울
2012,01,167,1,강원
2012,01,49,1,충북
2012,01,4,1,전남
2012,01,34,2,경남
2012,01,25,3,경기
2011,12,17,2,서울
2011,12,15,2,전북
2011,12,19,1,부산
2011,12,8,1,대구
2011,12,59,1,인천
2011,12,11,1,울산
2011,12,48,4,경기
2011,11,8,2,서울
2011,11,23,3,강원
2011,11,18,2,전남
2011,11,2,1,경남
2011,11,126,1,제주
2011,11,9,1,인천
2011,11,45,1,광주
2011,11,22,2,울산
2011,11,14,3,경기
2011,10,68,3,서울
2011,10,2,1,전북
2011,10,39,1,전남
2011,10,2,1,대전
2011,10,83,3,경기
2011,09,46,2,서울
2011,09,45,1,강원
2011,09,30,1,충북
2011,09,76,2,충남
2011,09,25,3,전남
2011,09,495,4,부산
2011,09,16,2,대전
2011,09,47,5,울산
2011,09,29,5,경기
2011,08,181,4,서울
2011,08,199,4,강원
2011,08,2,1,충북
2011,08,676,5,충남
2011,08,21,1,전북
2011,08,39,2,전남
2011,08,37,1,경북
2011,08,14,2,경남
2011,08,6,1,제주
2011,08,39,3,부산
2011,08,43,2,인천
2011,08,11,2,대전
2011,08,3,1,울산
2011,08,211,9,경기
2011,07,174,3,서울
2011,07,57,2,강원
2011,07,36,3,충남
2011,07,43,1,전북
2011,07,4,1,전남
2011,07,43,2,경남
2011,07,8,1,제주
2011,07,328,3,부산
2011,07,10,1,울산
2011,07,37,6,경기
2011,06,11,2,서울
2011,06,31,5,강원
2011,06,15,1,충남
2011,06,69,2,전북
2011,06,16,3,전남
2011,06,10,1,경북
2011,06,92,2,경남
2011,06,6,1,부산
2011,06,10,1,대구
2011,06,11,3,대전
2011,06,27,2,울산
2011,06,116,12,경기
2011,05,34,4,서울
2011,05,291,3,충북
2011,05,28,1,충남
2011,05,45,3,전남
2011,05,10,1,경남
2011,05,8,1,제주
2011,05,11,2,인천
2011,05,76,1,대전
2011,05,514,3,경기
2011,04,24,2,충북
2011,04,24,1,충남
2011,04,21,2,전북
2011,04,60,5,전남
2011,04,5,1,경북
2011,04,61,3,경남
2011,04,15,1,제주
2011,04,137,2,부산
2011,04,306,2,인천
2011,04,5,1,광주
2011,04,148,3,대전
2011,04,17,1,울산
2011,04,4,2,경기
2011,03,39,5,서울
2011,03,9,1,충남
2011,03,145,2,전북
2011,03,22,1,경북
2011,03,3,1,부산
2011,03,192,1,대구
2011,03,10,3,대전
2011,03,270,7,경기
2011,02,124,3,서울
2011,02,7,1,충북
2011,02,2,1,전북
2011,02,24,1,제주
2011,02,5,1,부산
2011,02,20,1,대구
2011,02,3,1,대전
2011,02,166,5,경기
2011,01,38,3,서울
2011,01,4,1,충남
2011,01,15,1,전남
2011,01,14,2,부산
2011,01,53,1,인천
2011,01,13,3,경기
2010,12,89,7,서울
2010,12,13,1,충북
2010,12,133,3,경남
2010,12,5,2,제주
2010,12,6,1,부산
2010,12,64,1,인천
2010,12,12,1,대전
2010,12,147,7,경기
2010,11,32,3,서울
2010,11,47,1,충남
2010,11,18,2,경북
2010,11,6,1,제주
2010,11,3,1,대전
2010,11,5,1,울산
2010,11,251,6,경기
2010,10,29,4,서울
2010,10,88,2,강원
2010,10,7,1,충남
2010,10,145,1,전북
2010,10,11,1,경북
2010,10,10,2,부산
2010,10,15,1,울산
2010,10,30,6,경기
2010,09,358,7,서울
2010,09,29,2,충북
2010,09,16,3,충남
2010,09,10,2,전남
2010,09,47,4,경북
2010,09,205,6,부산
2010,09,17,3,인천
2010,09,8,2,광주
2010,09,5,1,대전
2010,09,19,2,울산
2010,09,69,3,경기
2010,08,2,1,서울
2010,08,13,2,강원
2010,08,27,2,충북
2010,08,42,3,충남
2010,08,10,2,전북
2010,08,48,4,전남
2010,08,202,7,경북
2010,08,32,2,부산
2010,08,165,1,대구
2010,08,66,6,광주
2010,08,97,1,대전
2010,08,4,1,울산
2010,08,62,9,경기
2010,07,28,5,서울
2010,07,2,2,강원
2010,07,46,1,충북
2010,07,47,2,충남
2010,07,38,2,전북
2010,07,40,1,경북
2010,07,65,3,부산
2010,07,3,1,인천
2010,07,139,6,광주
2010,07,12,2,대전
2010,07,141,9,경기
2010,06,42,4,서울
2010,06,84,4,충남
2010,06,106,3,경북
2010,06,10,1,제주
2010,06,259,3,부산
2010,06,0,1,인천
2010,06,18,1,광주
2010,06,41,2,대전
2010,06,5,1,울산
2010,06,1343,9,경기
2010,05,6,1,강원
2010,05,116,4,충남
2010,05,5,1,전남
2010,05,10,2,경북
2010,05,5,1,부산
2010,05,13,1,대구
2010,05,8,1,인천
2010,05,5,1,광주
2010,05,33,3,경기
2010,04,212,3,서울
2010,04,85,1,충북
2010,04,6,1,충남
2010,04,10,1,전북
2010,04,26,1,전남
2010,04,15,3,경북
2010,04,99,2,제주
2010,04,4,1,부산
2010,04,3,1,인천
2010,04,433,6,경기
2010,03,16,2,서울
2010,03,6,1,강원
2010,03,13,2,경북
2010,03,161,2,인천
2010,03,19,3,광주
2010,03,149,5,경기
2010,02,4,1,서울
2010,02,272,3,강원
2010,02,17,2,경북
2010,02,5,1,경남
2010,02,2,1,제주
2010,02,10,1,대구
2010,02,2,1,인천
2010,02,3,1,광주
2010,02,87,1,울산
2010,02,28,5,경기
2010,01,13,2,서울
2010,01,28,1,전북
2010,01,4,1,경북
2010,01,79,2,부산
2010,01,7,1,인천
2010,01,3,1,광주
2010,01,8,1,경기
2009,12,8,1,경북
2009,12,6,1,부산
2009,12,33,3,인천
2009,12,62,1,광주
2009,12,14,3,경기
2009,11,16,3,서울
2009,11,7,1,충남
2009,11,9,1,전북
2009,11,2,1,제주
2009,11,6,1,경기
2009,10,8,1,충북
2009,10,3,1,충남
2009,10,360,2,전남
2009,10,40,2,인천
2009,10,5,1,경기
2009,09,53,4,서울
2009,09,118,1,충북
2009,09,6,1,전북
2009,09,19,2,전남
2009,09,17,2,부산
2009,09,20,2,인천
2009,09,14,2,광주
2009,09,2,1,대전
2009,09,52,5,경기
2009,08,10,2,서울
2009,08,25,3,강원
2009,08,183,3,충남
2009,08,28,2,경북
2009,08,2,1,불명
2009,08,8,2,인천
2009,08,3,1,대전
2009,08,65,4,경기
2009,07,24,3,서울
2009,07,18,1,충남
2009,07,3,1,전북
2009,07,27,2,경북
2009,07,32,3,경남
2009,07,43,4,제주
2009,07,2,1,불명
2009,07,101,2,인천
2009,07,105,1,대전
2009,07,23,2,경기
2009,06,476,6,서울
2009,06,25,2,강원
2009,06,109,2,충남
2009,06,17,1,전남
2009,06,209,3,경북
2009,06,20,1,경남
2009,06,6,1,제주
2009,06,15,1,불명
2009,06,9,1,부산
2009,06,7,2,인천
2009,06,76,2,광주
2009,06,34,2,대전
2009,06,315,5,경기
2009,05,293,7,서울
2009,05,158,1,강원
2009,05,29,1,충북
2009,05,131,3,충남
2009,05,17,2,경북
2009,05,96,2,경남
2009,05,58,1,불명
2009,05,179,3,부산
2009,05,120,2,대구
2009,05,29,3,인천
2009,05,6,1,광주
2009,05,59,2,대전
2009,05,11,1,울산
2009,05,46,7,경기
2009,04,119,6,서울
2009,04,27,1,강원
2009,04,11,1,전북
2009,04,25,1,전남
2009,04,5,1,경북
2009,04,93,4,경남
2009,04,54,1,불명
2009,04,6,1,부산
2009,04,70,2,대구
2009,04,3,1,인천
2009,04,2,1,광주
2009,04,270,3,울산
2009,04,24,3,경기
2009,03,139,3,서울
2009,03,43,1,강원
2009,03,17,2,충남
2009,03,29,1,전남
2009,03,24,1,경북
2009,03,2,1,인천
2009,03,5,2,광주
2009,03,14,2,대전
2009,03,480,7,경기
2009,02,40,7,서울
2009,02,57,3,강원
2009,02,67,1,충북
2009,02,30,2,충남
2009,02,44,4,경북
2009,02,21,1,대구
2009,02,5,1,인천
2009,02,15,3,경기
2009,01,19,2,서울
2009,01,5,1,전북
2009,01,35,2,제주
2009,01,30,1,대구
2009,01,6,1,대전
2009,01,3,1,울산
2009,01,28,6,경기
2008,12,12,2,서울
2008,12,32,1,충남
2008,12,24,3,전북
2008,12,10,1,전남
2008,12,30,1,경북
2008,12,6,1,제주
2008,12,135,3,부산
2008,12,17,1,대구
2008,12,6,1,인천
2008,12,7,2,대전
2008,12,107,3,울산
2008,12,473,7,경기
2008,11,50,4,서울
2008,11,113,4,충남
2008,11,22,4,전북
2008,11,94,3,전남
2008,11,12,1,부산
2008,11,8,1,대구
2008,11,43,4,인천
2008,11,39,1,광주
2008,11,10,2,대전
2008,11,49,5,경기
2008,10,20,2,서울
2008,10,18,2,강원
2008,10,14,1,충남
2008,10,34,3,전남
2008,10,73,3,경북
2008,10,7,1,경남
2008,10,65,6,제주
2008,10,42,3,부산
2008,10,38,4,인천
2008,10,10,2,광주
2008,10,17,4,대전
2008,10,116,6,경기
2008,09,35,4,서울
2008,09,111,4,강원
2008,09,5,1,충남
2008,09,30,3,전북
2008,09,135,5,전남
2008,09,64,2,경북
2008,09,28,2,경남
2008,09,25,3,제주
2008,09,15,2,부산
2008,09,14,2,대구
2008,09,57,6,인천
2008,09,10,1,광주
2008,09,5,1,대전
2008,09,19,2,울산
2008,09,654,13,경기
2008,08,16,3,서울
2008,08,54,4,강원
2008,08,23,1,충북
2008,08,13,1,충남
2008,08,9,1,전북
2008,08,98,7,전남
2008,08,21,2,경북
2008,08,20,1,부산
2008,08,22,1,대구
2008,08,12,4,인천
2008,08,9,2,대전
2008,08,177,5,울산
2008,08,64,6,경기
2008,07,45,7,서울
2008,07,15,1,강원
2008,07,3,1,전북
2008,07,30,2,전남
2008,07,21,3,경북
2008,07,32,2,경남
2008,07,9,2,제주
2008,07,3,1,대구
2008,07,13,2,인천
2008,07,21,1,광주
2008,07,162,6,경기
2008,06,58,3,서울
2008,06,14,1,강원
2008,06,13,1,충북
2008,06,170,3,충남
2008,06,23,3,전남
2008,06,83,2,경북
2008,06,10,1,제주
2008,06,225,3,부산
2008,06,157,3,대구
2008,06,135,3,인천
2008,06,7,2,대전
2008,06,220,5,울산
2008,06,141,6,경기
2008,05,15,4,서울
2008,05,91,2,강원
2008,05,6,1,전북
2008,05,33,2,전남
2008,05,178,4,경북
2008,05,4,1,부산
2008,05,14,1,인천
2008,05,2,1,광주
2008,05,66,3,대전
2008,05,218,9,경기
2008,04,17,2,서울
2008,04,54,1,강원
2008,04,99,1,충북
2008,04,8,1,충남
2008,04,45,2,경북
2008,04,129,1,제주
2008,04,5,2,부산
2008,04,191,4,대구
2008,04,15,2,인천
2008,04,3,1,광주
2008,04,10,3,대전
2008,04,100,7,울산
2008,04,75,4,경기
2008,03,28,2,서울
2008,03,2,1,강원
2008,03,160,1,충북
2008,03,26,1,충남
2008,03,18,1,전남
2008,03,37,3,경북
2008,03,141,1,부산
2008,03,3,1,대구
2008,03,2,1,인천
2008,03,5,2,대전
2008,03,195,3,울산
2008,03,63,6,경기
2008,02,22,4,서울
2008,02,47,1,전남
2008,02,3,1,경북
2008,02,6,2,대구
2008,02,5,1,광주
2008,02,7,2,대전
2008,02,4,1,울산
2008,02,50,2,경기
2008,01,34,1,서울
2008,01,6,1,전북
2008,01,2,1,전남
2008,01,8,1,경남
2008,01,18,1,대구
2008,01,6,2,인천
2008,01,5,1,울산
2008,01,98,5,경기
2007,12,10,3,서울
2007,12,7,1,전남
2007,12,76,4,경북
2007,12,19,1,인천
2007,12,3,1,광주
2007,12,65,2,대전
2007,12,4,1,울산
2007,12,90,8,경기
2007,11,15,3,서울
2007,11,77,6,강원
2007,11,13,1,충북
2007,11,13,1,충남
2007,11,22,1,전북
2007,11,5,1,전남
2007,11,19,2,경북
2007,11,15,1,경남
2007,11,17,1,제주
2007,11,8,3,대구
2007,11,3,1,인천
2007,11,3,1,대전
2007,11,8,2,울산
2007,11,76,8,경기
2007,10,11,3,서울
2007,10,23,1,강원
2007,10,45,2,전북
2007,10,9,2,전남
2007,10,13,2,경북
2007,10,11,1,경남
2007,10,128,1,부산
2007,10,10,3,대구
2007,10,2,1,인천
2007,10,3,1,대전
2007,10,5,2,울산
2007,10,27,6,경기
2007,09,23,6,서울
2007,09,169,4,강원
2007,09,100,3,전북
2007,09,69,5,전남
2007,09,9,1,경북
2007,09,226,2,제주
2007,09,255,4,부산
2007,09,23,2,대구
2007,09,283,5,인천
2007,09,70,2,광주
2007,09,15,4,대전
2007,09,3,1,울산
2007,09,98,5,경기
2007,08,6,2,서울
2007,08,36,6,강원
2007,08,59,1,충북
2007,08,15,3,충남
2007,08,5,2,전북
2007,08,115,11,전남
2007,08,53,10,경북
2007,08,9,2,경남
2007,08,6,1,제주
2007,08,166,5,부산
2007,08,23,4,대구
2007,08,86,10,인천
2007,08,22,1,광주
2007,08,2,1,대전
2007,08,18,3,울산
2007,08,133,14,경기
2007,07,55,5,서울
2007,07,46,3,충북
2007,07,64,1,충남
2007,07,12,3,전북
2007,07,67,3,전남
2007,07,142,10,경북
2007,07,112,1,경남
2007,07,6,1,제주
2007,07,27,2,부산
2007,07,74,4,인천
2007,07,2,1,대전
2007,07,8,3,울산
2007,07,234,12,경기
2007,06,24,4,서울
2007,06,113,2,강원
2007,06,23,1,충북
2007,06,56,4,충남
2007,06,314,3,전북
2007,06,395,3,전남
2007,06,128,5,경북
2007,06,128,5,경남
2007,06,193,5,부산
2007,06,2,1,대구
2007,06,27,2,인천
2007,06,67,5,대전
2007,06,7,1,울산
2007,06,326,15,경기
2007,05,162,8,서울
2007,05,260,10,강원
2007,05,188,2,충북
2007,05,20,2,충남
2007,05,52,2,전북
2007,05,205,3,전남
2007,05,4,1,경북
2007,05,33,1,경남
2007,05,93,5,부산
2007,05,38,3,대구
2007,05,46,6,인천
2007,05,8,2,광주
2007,05,8,2,대전
2007,05,95,6,울산
2007,05,84,12,경기
2007,04,36,2,서울
2007,04,8,1,강원
2007,04,16,1,충북
2007,04,23,1,충남
2007,04,302,6,전북
2007,04,44,3,전남
2007,04,9,1,경북
2007,04,23,1,경남
2007,04,55,3,제주
2007,04,7,1,부산
2007,04,165,5,인천
2007,04,12,3,대전
2007,04,42,5,울산
2007,04,217,9,경기
2007,03,69,5,서울
2007,03,101,6,강원
2007,03,31,1,충남
2007,03,215,10,전북
2007,03,5,1,전남
2007,03,9,2,부산
2007,03,190,1,대구
2007,03,4,2,인천
2007,03,10,1,광주
2007,03,16,2,대전
2007,03,13,2,울산
2007,03,157,8,경기
2007,02,19,3,서울
2007,02,33,2,강원
2007,02,21,1,전남
2007,02,11,2,경북
2007,02,9,1,경남
2007,02,5,1,제주
2007,02,13,3,부산
2007,02,15,1,인천
2007,02,8,2,대전
2007,02,16,1,울산
2007,02,127,11,경기
2007,01,75,4,서울
2007,01,23,3,강원
2007,01,90,2,전북
2007,01,104,4,전남
2007,01,2,1,경북
2007,01,196,1,대구
2007,01,66,7,인천
2007,01,16,1,광주
2007,01,3,1,대전
2007,01,155,7,경기
2006,12,77,6,서울
2006,12,236,5,강원
2006,12,105,2,충남
2006,12,63,2,전북
2006,12,4,1,전남
2006,12,44,2,경북
2006,12,43,2,경남
2006,12,3,1,제주
2006,12,20,2,인천
2006,12,137,3,광주
2006,12,183,1,울산
2006,12,615,13,경기
2006,11,115,3,서울
2006,11,10,1,강원
2006,11,48,1,충남
2006,11,8,1,경북
2006,11,5,1,인천
2006,11,4,1,경기
2006,10,36,4,서울
2006,10,12,1,충남
2006,10,40,4,전남
2006,10,2,1,경북
2006,10,68,1,제주
2006,10,37,1,대구
2006,10,21,3,경기
2006,09,173,6,서울
2006,09,195,5,강원
2006,09,85,1,충남
2006,09,88,1,전북
2006,09,72,2,전남
2006,09,35,1,경북
2006,09,201,1,부산
2006,09,2,1,대구
2006,09,105,4,인천
2006,09,22,1,광주
2006,09,8,1,대전
2006,09,175,11,경기
2006,08,183,9,서울
2006,08,183,7,강원
2006,08,35,3,전남
2006,08,25,2,경북
2006,08,48,1,경남
2006,08,4,1,제주
2006,08,485,3,대구
2006,08,365,9,인천
2006,08,35,1,광주
2006,08,32,2,대전
2006,08,119,4,경기
2006,07,80,10,서울
2006,07,83,4,강원
2006,07,10,1,전북
2006,07,1,1,경북
2006,07,17,2,제주
2006,07,32,1,대구
2006,07,7,1,인천
2006,07,4,1,광주
2006,07,24,3,대전
2006,07,31,3,울산
2006,07,59,4,경기
2006,06,1488,18,서울
2006,06,227,2,강원
2006,06,47,1,충남
2006,06,104,1,전남
2006,06,39,2,경북
2006,06,32,1,경남
2006,06,27,2,대구
2006,06,1667,15,인천
2006,06,3,1,대전
2006,06,330,1,울산
2006,06,603,12,경기
2006,05,390,1,서울
2006,05,84,1,충남
2006,05,170,1,부산
2006,05,3,1,울산
2006,05,162,2,경기
2006,04,2,1,서울
2006,04,8,1,전북
2006,04,26,1,부산
2006,04,35,4,인천
2006,04,4,1,대전
2006,03,48,2,충북
2006,03,81,1,충남
2006,03,43,1,전북
2006,03,117,1,대구
2006,03,3,1,인천
2006,03,6,1,대전
2006,03,21,1,경기
2006,02,13,2,서울
2006,02,15,1,인천
2006,02,24,1,울산
2006,01,2,1,서울
2006,01,4,1,전남
2006,01,8,1,경북
2006,01,15,1,제주
2006,01,5,1,인천
2006,01,18,1,경기
2005,12,341,1,서울
2005,12,22,1,대구
2005,12,190,2,인천
2005,12,3,1,대전
2005,12,2,1,울산
2005,11,15,1,서울
2005,11,47,1,충남
2005,11,387,3,경기
2005,10,4,1,서울
2005,10,11,1,전북
2005,10,5,1,전남
2005,10,2,1,인천
2005,10,5,1,울산
2005,10,24,1,경기
2005,09,145,3,서울
2005,09,16,1,강원
2005,09,14,1,충북
2005,09,294,2,충남
2005,09,152,4,전남
2005,09,131,2,대구
2005,09,36,2,인천
2005,08,4,1,서울
2005,08,34,2,강원
2005,08,70,2,전남
2005,08,4,1,경북
2005,08,3,1,제주
2005,08,138,2,대구
2005,08,7,1,인천
2005,08,15,1,광주
2005,08,364,2,경기
2005,07,45,4,서울
2005,07,140,1,강원
2005,07,41,3,전남
2005,07,120,3,경기
2005,06,51,5,서울
2005,06,134,1,강원
2005,06,102,2,충북
2005,06,67,2,전북
2005,06,544,2,전남
2005,06,81,2,부산
2005,06,8,1,대전
2005,06,75,1,울산
2005,05,40,2,서울
2005,05,93,1,전남
2005,05,297,2,경남
2005,05,29,1,제주
2005,05,109,2,부산
2005,05,3,1,인천
2005,05,17,1,대전
2005,05,101,2,경기
2005,04,72,2,서울
2005,04,81,1,충북
2005,04,6,1,충남
2005,04,119,2,전북
2005,04,328,1,대구
2005,04,10,2,인천
2005,04,18,1,광주
2005,04,42,4,대전
2005,04,189,2,경기
2005,03,14,2,서울
2005,03,30,1,경북
2005,02,69,1,제주
2005,02,9,1,광주
2005,01,2,1,서울
2005,01,122,1,강원
2005,01,7,1,경북
2005,01,11,1,경기
2004,12,12,1,충남
2004,12,66,1,전북
2004,12,165,2,전남
2004,12,25,1,경북
2004,12,54,1,부산
2004,12,18,1,울산
2004,12,35,1,경기
2004,11,60,1,충남
2004,11,125,2,전북
2004,11,84,3,전남
2004,11,120,1,제주
2004,11,58,3,경기
2004,10,5,1,서울
2004,10,69,2,충남
2004,10,26,1,전북
2004,10,152,1,제주
2004,10,3,1,대구
2004,10,5,1,대전
2004,10,243,2,경기
2004,09,13,1,서울
2004,09,28,3,강원
2004,09,40,1,충남
2004,09,13,2,전남
2004,09,226,3,경북
2004,09,125,1,제주
2004,09,12,1,대구
2004,09,16,1,광주
2004,09,8,2,대전
2004,09,137,1,울산
2004,09,1214,7,경기
2004,08,25,2,서울
2004,08,8,1,충남
2004,08,9,1,제주
2004,08,99,2,광주
2004,08,45,1,대전
2004,08,186,2,경기
2004,07,16,2,서울
2004,07,36,1,강원
2004,07,11,1,전북
2004,07,28,2,전남
2004,07,214,3,경북
2004,07,190,3,경기
2004,06,728,5,서울
2004,06,360,3,충북
2004,06,11,2,전남
2004,06,34,1,경북
2004,06,232,4,경남
2004,06,85,3,제주
2004,06,60,1,부산
2004,06,91,2,대전
2004,06,385,3,울산
2004,06,640,12,경기
2004,05,164,5,서울
2004,05,82,1,강원
2004,05,181,2,충북
2004,05,74,2,충남
2004,05,96,1,전북
2004,05,9,1,전남
2004,05,103,2,경북
2004,05,637,3,경남
2004,05,73,1,제주
2004,05,161,4,부산
2004,05,419,3,대구
2004,05,25,1,인천
2004,05,186,3,광주
2004,05,63,2,대전
2004,05,18,1,울산
2004,05,387,3,경기
2004,04,195,2,서울
2004,04,11,1,강원
2004,04,91,2,충남
2004,04,83,3,전남
2004,04,104,2,경북
2004,04,208,1,부산
2004,04,7,2,대전
2004,04,43,1,울산
2004,03,41,1,서울
2004,03,34,1,경북
2004,03,37,1,광주
2004,02,37,1,경북
2004,02,15,1,대구
2004,02,6,1,인천
2004,01,4,1,제주
2004,01,117,1,대구
2004,01,27,1,경기
2003,11,176,2,서울
2003,10,25,2,서울
2003,10,63,2,대구
2003,09,233,7,서울
2003,09,2,1,충북
2003,09,27,1,충남
2003,09,73,2,전북
2003,09,365,2,경남
2003,09,110,2,제주
2003,09,10,1,부산
2003,09,22,3,대구
2003,09,30,4,대전
2003,09,79,5,경기
2003,08,7,1,서울
2003,08,30,2,충남
2003,08,16,1,경북
2003,08,182,5,경남
2003,08,44,4,제주
2003,08,8,2,대전
2003,08,18,1,울산
2003,08,59,1,경기
2003,07,46,2,서울
2003,07,33,2,전남
2003,07,9,1,경북
2003,06,177,3,서울
2003,06,428,2,전북
2003,06,75,1,전남
2003,06,92,2,경북
2003,06,117,1,경남
2003,06,22,1,제주
2003,06,304,3,부산
2003,06,73,2,대구
2003,06,31,1,인천
2003,06,17,1,광주
2003,06,165,2,대전
2003,05,297,3,서울
2003,05,8,1,강원
2003,05,205,1,충북
2003,05,47,2,충남
2003,05,234,3,전북
2003,05,51,3,전남
2003,05,165,5,경남
2003,05,28,1,제주
2003,05,177,2,대구
2003,05,37,1,인천
2003,05,667,3,경기
2003,04,35,1,경북
2003,04,5,1,경남
2003,04,18,1,제주
2003,04,38,1,대구
2003,04,48,1,인천
2003,04,3,1,대전
2003,04,61,1,경기
2003,03,1552,14,서울
2003,03,589,1,충북
2003,03,4,1,충남
2003,03,52,2,경남
2003,03,63,2,인천
2003,03,19,1,광주
2003,03,26,1,대전
2003,03,6,1,울산
2003,03,214,3,경기
2003,01,2,1,부산
2003,01,90,1,경기
2002,12,80,2,경기
2002,11,81,1,강원
2002,11,273,1,경기
2002,10,36,1,충북
2002,10,21,1,전남
2002,10,23,1,경남
2002,10,17,1,대전
2002,09,28,1,충남
2002,09,108,1,경북
2002,09,119,6,경남
2002,09,6,1,울산
2002,09,15,1,경기
2002,08,57,3,충남
2002,08,27,1,전북
2002,08,10,1,경북
2002,08,17,2,경남
2002,08,17,1,제주
2002,08,14,1,부산
2002,08,14,1,대구
2002,08,56,3,경기
2002,07,17,1,서울
2002,07,13,1,경남
2002,07,245,1,인천
2002,07,74,2,경기
2002,06,49,3,서울
2002,06,113,1,강원
2002,06,27,2,경남
2002,06,8,1,광주
2002,06,34,1,경기
2002,05,13,1,서울
2002,05,97,2,강원
2002,05,11,1,제주
2002,05,97,2,대구
2002,05,53,2,대전
2002,05,9,1,울산
2002,05,18,1,경기
2002,04,36,3,서울
2002,04,236,3,강원
2002,04,68,3,전남
2002,04,74,1,경북
2002,04,18,1,경남
2002,04,22,1,경기
2002,03,99,2,서울
2002,03,22,1,강원
2002,03,25,1,충북
2002,03,19,1,경남
2002,03,19,1,부산
2002,02,42,1,경남
2002,02,137,1,광주
2002,01,57,2,강원
2002,01,194,1,전북
2002,01,15,1,경북
