OCCRNC_YEAR,OCCRNC_MM,OCCRNC_REGN
2022,12,강원
2022,11,강원
2022,10,강원
2022,9,강원
2022,8,강원
2022,7,강원
2022,6,강원
2022,5,강원
2022,4,강원
2022,3,강원
2022,2,강원
2022,1,강원
2022,12,경기
2022,11,경기
2022,10,경기
2022,9,경기
2022,8,경기
2022,7,경기
2022,6,경기
2022,5,경기
2022,4,경기
2022,3,경기
2022,2,경기
2022,1,경기
2022,12,경남
2022,11,경남
2022,10,경남
2022,9,경남
2022,8,경남
2022,7,경남
2022,6,경남
2022,5,경남
2022,4,경남
2022,3,경남
2022,2,경남
2022,1,경남
2022,12,경북
2022,11,경북
2022,10,경북
2022,9,경북
2022,8,경북
2022,7,경북
2022,6,경북
2022,5,경북
2022,4,경북
2022,3,경북
2022,2,경북
2022,1,경북
2022,12,광주
2022,11,광주
2022,10,광주
2022,9,광주
2022,8,광주
2022,7,광주
2022,6,광주
2022,5,광주
2022,4,광주
2022,3,광주
2022,2,광주
2022,1,광주
2022,12,대구
2022,11,대구
2022,10,대구
2022,9,대구
2022,8,대구
2022,7,대구
2022,6,대구
2022,5,대구
2022,4,대구
2022,3,대구
2022,2,대구
2022,1,대구
2022,12,대전
2022,11,대전
2022,10,대전
2022,9,대전
2022,8,대전
2022,7,대전
2022,6,대전
2022,5,대전
2022,4,대전
2022,3,대전
2022,2,대전
2022,1,대전
2022,12,부산
2022,11,부산
2022,10,부산
2022,9,부산
2022,8,부산
2022,7,부산
2022,6,부산
2022,5,부산
2022,4,부산
2022,3,부산
2022,2,부산
2022,1,부산
2022,12,서울
2022,11,서울
2022,10,서울
2022,9,서울
2022,8,서울
2022,7,서울
2022,6,서울
2022,5,서울
2022,4,서울
2022,3,서울
2022,2,서울
2022,1,서울
2022,12,세종
2022,11,세종
2022,10,세종
2022,9,세종
2022,8,세종
2022,7,세종
2022,6,세종
2022,5,세종
2022,4,세종
2022,3,세종
2022,2,세종
2022,1,세종
2022,12,울산
2022,11,울산
2022,10,울산
2022,9,울산
2022,8,울산
2022,7,울산
2022,6,울산
2022,5,울산
2022,4,울산
2022,3,울산
2022,2,울산
2022,1,울산
2022,12,인천
2022,11,인천
2022,10,인천
2022,9,인천
2022,8,인천
2022,7,인천
2022,6,인천
2022,5,인천
2022,4,인천
2022,3,인천
2022,2,인천
2022,1,인천
2022,12,전남
2022,11,전남
2022,10,전남
2022,9,전남
2022,8,전남
2022,7,전남
2022,6,전남
2022,5,전남
2022,4,전남
2022,3,전남
2022,2,전남
2022,1,전남
2022,12,전북
2022,11,전북
2022,10,전북
2022,9,전북
2022,8,전북
2022,7,전북
2022,6,전북
2022,5,전북
2022,4,전북
2022,3,전북
2022,2,전북
2022,1,전북
2022,12,제주
2022,11,제주
2022,10,제주
2022,9,제주
2022,8,제주
2022,7,제주
2022,6,제주
2022,5,제주
2022,4,제주
2022,3,제주
2022,2,제주
2022,1,제주
2022,12,충남
2022,11,충남
2022,10,충남
2022,9,충남
2022,8,충남
2022,7,충남
2022,6,충남
2022,5,충남
2022,4,충남
2022,3,충남
2022,2,충남
2022,1,충남
2022,12,충북
2022,11,충북
2022,10,충북
2022,9,충북
2022,8,충북
2022,7,충북
2022,6,충북
2022,5,충북
2022,4,충북
2022,3,충북
2022,2,충북
2022,1,충북
2021,12,강원
2021,11,강원
2021,10,강원
2021,9,강원
2021,8,강원
2021,7,강원
2021,6,강원
2021,5,강원
2021,4,강원
2021,3,강원
2021,2,강원
2021,1,강원
2021,12,경기
2021,11,경기
2021,10,경기
2021,9,경기
2021,8,경기
2021,7,경기
2021,6,경기
2021,5,경기
2021,4,경기
2021,3,경기
2021,2,경기
2021,1,경기
2021,12,경남
2021,11,경남
2021,10,경남
2021,9,경남
2021,8,경남
2021,7,경남
2021,6,경남
2021,5,경남
2021,4,경남
2021,3,경남
2021,2,경남
2021,1,경남
2021,12,경북
2021,11,경북
2021,10,경북
2021,9,경북
2021,8,경북
2021,7,경북
2021,6,경북
2021,5,경북
2021,4,경북
2021,3,경북
2021,2,경북
2021,1,경북
2021,12,광주
2021,11,광주
2021,10,광주
2021,9,광주
2021,8,광주
2021,7,광주
2021,6,광주
2021,5,광주
2021,4,광주
2021,3,광주
2021,2,광주
2021,1,광주
2021,12,대구
2021,11,대구
2021,10,대구
2021,9,대구
2021,8,대구
2021,7,대구
2021,6,대구
2021,5,대구
2021,4,대구
2021,3,대구
2021,2,대구
2021,1,대구
2021,12,대전
2021,11,대전
2021,10,대전
2021,9,대전
2021,8,대전
2021,7,대전
2021,6,대전
2021,5,대전
2021,4,대전
2021,3,대전
2021,2,대전
2021,1,대전
2021,12,부산
2021,11,부산
2021,10,부산
2021,9,부산
2021,8,부산
2021,7,부산
2021,6,부산
2021,5,부산
2021,4,부산
2021,3,부산
2021,2,부산
2021,1,부산
2021,12,서울
2021,11,서울
2021,10,서울
2021,9,서울
2021,8,서울
2021,7,서울
2021,6,서울
2021,5,서울
2021,4,서울
2021,3,서울
2021,2,서울
2021,1,서울
2021,12,세종
2021,11,세종
2021,10,세종
2021,9,세종
2021,8,세종
2021,7,세종
2021,6,세종
2021,5,세종
2021,4,세종
2021,3,세종
2021,2,세종
2021,1,세종
2021,12,울산
2021,11,울산
2021,10,울산
2021,9,울산
2021,8,울산
2021,7,울산
2021,6,울산
2021,5,울산
2021,4,울산
2021,3,울산
2021,2,울산
2021,1,울산
2021,12,인천
2021,11,인천
2021,10,인천
2021,9,인천
2021,8,인천
2021,7,인천
2021,6,인천
2021,5,인천
2021,4,인천
2021,3,인천
2021,2,인천
2021,1,인천
2021,12,전남
2021,11,전남
2021,10,전남
2021,9,전남
2021,8,전남
2021,7,전남
2021,6,전남
2021,5,전남
2021,4,전남
2021,3,전남
2021,2,전남
2021,1,전남
2021,12,전북
2021,11,전북
2021,10,전북
2021,9,전북
2021,8,전북
2021,7,전북
2021,6,전북
2021,5,전북
2021,4,전북
2021,3,전북
2021,2,전북
2021,1,전북
2021,12,제주
2021,11,제주
2021,10,제주
2021,9,제주
2021,8,제주
2021,7,제주
2021,6,제주
2021,5,제주
2021,4,제주
2021,3,제주
2021,2,제주
2021,1,제주
2021,12,충남
2021,11,충남
2021,10,충남
2021,9,충남
2021,8,충남
2021,7,충남
2021,6,충남
2021,5,충남
2021,4,충남
2021,3,충남
2021,2,충남
2021,1,충남
2021,12,충북
2021,11,충북
2021,10,충북
2021,9,충북
2021,8,충북
2021,7,충북
2021,6,충북
2021,5,충북
2021,4,충북
2021,3,충북
2021,2,충북
2021,1,충북
2020,12,강원
2020,11,강원
2020,10,강원
2020,9,강원
2020,8,강원
2020,7,강원
2020,6,강원
2020,5,강원
2020,4,강원
2020,3,강원
2020,2,강원
2020,1,강원
2020,12,경기
2020,11,경기
2020,10,경기
2020,9,경기
2020,8,경기
2020,7,경기
2020,6,경기
2020,5,경기
2020,4,경기
2020,3,경기
2020,2,경기
2020,1,경기
2020,12,경남
2020,11,경남
2020,10,경남
2020,9,경남
2020,8,경남
2020,7,경남
2020,6,경남
2020,5,경남
2020,4,경남
2020,3,경남
2020,2,경남
2020,1,경남
2020,12,경북
2020,11,경북
2020,10,경북
2020,9,경북
2020,8,경북
2020,7,경북
2020,6,경북
2020,5,경북
2020,4,경북
2020,3,경북
2020,2,경북
2020,1,경북
2020,12,광주
2020,11,광주
2020,10,광주
2020,9,광주
2020,8,광주
2020,7,광주
2020,6,광주
2020,5,광주
2020,4,광주
2020,3,광주
2020,2,광주
2020,1,광주
2020,12,대구
2020,11,대구
2020,10,대구
2020,9,대구
2020,8,대구
2020,7,대구
2020,6,대구
2020,5,대구
2020,4,대구
2020,3,대구
2020,2,대구
2020,1,대구
2020,12,대전
2020,11,대전
2020,10,대전
2020,9,대전
2020,8,대전
2020,7,대전
2020,6,대전
2020,5,대전
2020,4,대전
2020,3,대전
2020,2,대전
2020,1,대전
2020,12,부산
2020,11,부산
2020,10,부산
2020,9,부산
2020,8,부산
2020,7,부산
2020,6,부산
2020,5,부산
2020,4,부산
2020,3,부산
2020,2,부산
2020,1,부산
2020,12,서울
2020,11,서울
2020,10,서울
2020,9,서울
2020,8,서울
2020,7,서울
2020,6,서울
2020,5,서울
2020,4,서울
2020,3,서울
2020,2,서울
2020,1,서울
2020,12,세종
2020,11,세종
2020,10,세종
2020,9,세종
2020,8,세종
2020,7,세종
2020,6,세종
2020,5,세종
2020,4,세종
2020,3,세종
2020,2,세종
2020,1,세종
2020,12,울산
2020,11,울산
2020,10,울산
2020,9,울산
2020,8,울산
2020,7,울산
2020,6,울산
2020,5,울산
2020,4,울산
2020,3,울산
2020,2,울산
2020,1,울산
2020,12,인천
2020,11,인천
2020,10,인천
2020,9,인천
2020,8,인천
2020,7,인천
2020,6,인천
2020,5,인천
2020,4,인천
2020,3,인천
2020,2,인천
2020,1,인천
2020,12,전남
2020,11,전남
2020,10,전남
2020,9,전남
2020,8,전남
2020,7,전남
2020,6,전남
2020,5,전남
2020,4,전남
2020,3,전남
2020,2,전남
2020,1,전남
2020,12,전북
2020,11,전북
2020,10,전북
2020,9,전북
2020,8,전북
2020,7,전북
2020,6,전북
2020,5,전북
2020,4,전북
2020,3,전북
2020,2,전북
2020,1,전북
2020,12,제주
2020,11,제주
2020,10,제주
2020,9,제주
2020,8,제주
2020,7,제주
2020,6,제주
2020,5,제주
2020,4,제주
2020,3,제주
2020,2,제주
2020,1,제주
2020,12,충남
2020,11,충남
2020,10,충남
2020,9,충남
2020,8,충남
2020,7,충남
2020,6,충남
2020,5,충남
2020,4,충남
2020,3,충남
2020,2,충남
2020,1,충남
2020,12,충북
2020,11,충북
2020,10,충북
2020,9,충북
2020,8,충북
2020,7,충북
2020,6,충북
2020,5,충북
2020,4,충북
2020,3,충북
2020,2,충북
2020,1,충북
2019,12,강원
2019,11,강원
2019,10,강원
2019,9,강원
2019,8,강원
2019,7,강원
2019,6,강원
2019,5,강원
2019,4,강원
2019,3,강원
2019,2,강원
2019,1,강원
2019,12,경기
2019,11,경기
2019,10,경기
2019,9,경기
2019,8,경기
2019,7,경기
2019,6,경기
2019,5,경기
2019,4,경기
2019,3,경기
2019,2,경기
2019,1,경기
2019,12,경남
2019,11,경남
2019,10,경남
2019,9,경남
2019,8,경남
2019,7,경남
2019,6,경남
2019,5,경남
2019,4,경남
2019,3,경남
2019,2,경남
2019,1,경남
2019,12,경북
2019,11,경북
2019,10,경북
2019,9,경북
2019,8,경북
2019,7,경북
2019,6,경북
2019,5,경북
2019,4,경북
2019,3,경북
2019,2,경북
2019,1,경북
2019,12,광주
2019,11,광주
2019,10,광주
2019,9,광주
2019,8,광주
2019,7,광주
2019,6,광주
2019,5,광주
2019,4,광주
2019,3,광주
2019,2,광주
2019,1,광주
2019,12,대구
2019,11,대구
2019,10,대구
2019,9,대구
2019,8,대구
2019,7,대구
2019,6,대구
2019,5,대구
2019,4,대구
2019,3,대구
2019,2,대구
2019,1,대구
2019,12,대전
2019,11,대전
2019,10,대전
2019,9,대전
2019,8,대전
2019,7,대전
2019,6,대전
2019,5,대전
2019,4,대전
2019,3,대전
2019,2,대전
2019,1,대전
2019,12,부산
2019,11,부산
2019,10,부산
2019,9,부산
2019,8,부산
2019,7,부산
2019,6,부산
2019,5,부산
2019,4,부산
2019,3,부산
2019,2,부산
2019,1,부산
2019,12,서울
2019,11,서울
2019,10,서울
2019,9,서울
2019,8,서울
2019,7,서울
2019,6,서울
2019,5,서울
2019,4,서울
2019,3,서울
2019,2,서울
2019,1,서울
2019,12,세종
2019,11,세종
2019,10,세종
2019,9,세종
2019,8,세종
2019,7,세종
2019,6,세종
2019,5,세종
2019,4,세종
2019,3,세종
2019,2,세종
2019,1,세종
2019,12,울산
2019,11,울산
2019,10,울산
2019,9,울산
2019,8,울산
2019,7,울산
2019,6,울산
2019,5,울산
2019,4,울산
2019,3,울산
2019,2,울산
2019,1,울산
2019,12,인천
2019,11,인천
2019,10,인천
2019,9,인천
2019,8,인천
2019,7,인천
2019,6,인천
2019,5,인천
2019,4,인천
2019,3,인천
2019,2,인천
2019,1,인천
2019,12,전남
2019,11,전남
2019,10,전남
2019,9,전남
2019,8,전남
2019,7,전남
2019,6,전남
2019,5,전남
2019,4,전남
2019,3,전남
2019,2,전남
2019,1,전남
2019,12,전북
2019,11,전북
2019,10,전북
2019,9,전북
2019,8,전북
2019,7,전북
2019,6,전북
2019,5,전북
2019,4,전북
2019,3,전북
2019,2,전북
2019,1,전북
2019,12,제주
2019,11,제주
2019,10,제주
2019,9,제주
2019,8,제주
2019,7,제주
2019,6,제주
2019,5,제주
2019,4,제주
2019,3,제주
2019,2,제주
2019,1,제주
2019,12,충남
2019,11,충남
2019,10,충남
2019,9,충남
2019,8,충남
2019,7,충남
2019,6,충남
2019,5,충남
2019,4,충남
2019,3,충남
2019,2,충남
2019,1,충남
2019,12,충북
2019,11,충북
2019,10,충북
2019,9,충북
2019,8,충북
2019,7,충북
2019,6,충북
2019,5,충북
2019,4,충북
2019,3,충북
2019,2,충북
2019,1,충북
2018,12,강원
2018,11,강원
2018,10,강원
2018,9,강원
2018,8,강원
2018,7,강원
2018,6,강원
2018,5,강원
2018,4,강원
2018,3,강원
2018,2,강원
2018,1,강원
2018,12,경기
2018,11,경기
2018,10,경기
2018,9,경기
2018,8,경기
2018,7,경기
2018,6,경기
2018,5,경기
2018,4,경기
2018,3,경기
2018,2,경기
2018,1,경기
2018,12,경남
2018,11,경남
2018,10,경남
2018,9,경남
2018,8,경남
2018,7,경남
2018,6,경남
2018,5,경남
2018,4,경남
2018,3,경남
2018,2,경남
2018,1,경남
2018,12,경북
2018,11,경북
2018,10,경북
2018,9,경북
2018,8,경북
2018,7,경북
2018,6,경북
2018,5,경북
2018,4,경북
2018,3,경북
2018,2,경북
2018,1,경북
2018,12,광주
2018,11,광주
2018,10,광주
2018,9,광주
2018,8,광주
2018,7,광주
2018,6,광주
2018,5,광주
2018,4,광주
2018,3,광주
2018,2,광주
2018,1,광주
2018,12,대구
2018,11,대구
2018,10,대구
2018,9,대구
2018,8,대구
2018,7,대구
2018,6,대구
2018,5,대구
2018,4,대구
2018,3,대구
2018,2,대구
2018,1,대구
2018,12,대전
2018,11,대전
2018,10,대전
2018,9,대전
2018,8,대전
2018,7,대전
2018,6,대전
2018,5,대전
2018,4,대전
2018,3,대전
2018,2,대전
2018,1,대전
2018,12,부산
2018,11,부산
2018,10,부산
2018,9,부산
2018,8,부산
2018,7,부산
2018,6,부산
2018,5,부산
2018,4,부산
2018,3,부산
2018,2,부산
2018,1,부산
2018,12,서울
2018,11,서울
2018,10,서울
2018,9,서울
2018,8,서울
2018,7,서울
2018,6,서울
2018,5,서울
2018,4,서울
2018,3,서울
2018,2,서울
2018,1,서울
2018,12,세종
2018,11,세종
2018,10,세종
2018,9,세종
2018,8,세종
2018,7,세종
2018,6,세종
2018,5,세종
2018,4,세종
2018,3,세종
2018,2,세종
2018,1,세종
2018,12,울산
2018,11,울산
2018,10,울산
2018,9,울산
2018,8,울산
2018,7,울산
2018,6,울산
2018,5,울산
2018,4,울산
2018,3,울산
2018,2,울산
2018,1,울산
2018,12,인천
2018,11,인천
2018,10,인천
2018,9,인천
2018,8,인천
2018,7,인천
2018,6,인천
2018,5,인천
2018,4,인천
2018,3,인천
2018,2,인천
2018,1,인천
2018,12,전남
2018,11,전남
2018,10,전남
2018,9,전남
2018,8,전남
2018,7,전남
2018,6,전남
2018,5,전남
2018,4,전남
2018,3,전남
2018,2,전남
2018,1,전남
2018,12,전북
2018,11,전북
2018,10,전북
2018,9,전북
2018,8,전북
2018,7,전북
2018,6,전북
2018,5,전북
2018,4,전북
2018,3,전북
2018,2,전북
2018,1,전북
2018,12,제주
2018,11,제주
2018,10,제주
2018,9,제주
2018,8,제주
2018,7,제주
2018,6,제주
2018,5,제주
2018,4,제주
2018,3,제주
2018,2,제주
2018,1,제주
2018,12,충남
2018,11,충남
2018,10,충남
2018,9,충남
2018,8,충남
2018,7,충남
2018,6,충남
2018,5,충남
2018,4,충남
2018,3,충남
2018,2,충남
2018,1,충남
2018,12,충북
2018,11,충북
2018,10,충북
2018,9,충북
2018,8,충북
2018,7,충북
2018,6,충북
2018,5,충북
2018,4,충북
2018,3,충북
2018,2,충북
2018,1,충북
2017,12,강원
2017,11,강원
2017,10,강원
2017,9,강원
2017,8,강원
2017,7,강원
2017,6,강원
2017,5,강원
2017,4,강원
2017,3,강원
2017,2,강원
2017,1,강원
2017,12,경기
2017,11,경기
2017,10,경기
2017,9,경기
2017,8,경기
2017,7,경기
2017,6,경기
2017,5,경기
2017,4,경기
2017,3,경기
2017,2,경기
2017,1,경기
2017,12,경남
2017,11,경남
2017,10,경남
2017,9,경남
2017,8,경남
2017,7,경남
2017,6,경남
2017,5,경남
2017,4,경남
2017,3,경남
2017,2,경남
2017,1,경남
2017,12,경북
2017,11,경북
2017,10,경북
2017,9,경북
2017,8,경북
2017,7,경북
2017,6,경북
2017,5,경북
2017,4,경북
2017,3,경북
2017,2,경북
2017,1,경북
2017,12,광주
2017,11,광주
2017,10,광주
2017,9,광주
2017,8,광주
2017,7,광주
2017,6,광주
2017,5,광주
2017,4,광주
2017,3,광주
2017,2,광주
2017,1,광주
2017,12,대구
2017,11,대구
2017,10,대구
2017,9,대구
2017,8,대구
2017,7,대구
2017,6,대구
2017,5,대구
2017,4,대구
2017,3,대구
2017,2,대구
2017,1,대구
2017,12,대전
2017,11,대전
2017,10,대전
2017,9,대전
2017,8,대전
2017,7,대전
2017,6,대전
2017,5,대전
2017,4,대전
2017,3,대전
2017,2,대전
2017,1,대전
2017,12,부산
2017,11,부산
2017,10,부산
2017,9,부산
2017,8,부산
2017,7,부산
2017,6,부산
2017,5,부산
2017,4,부산
2017,3,부산
2017,2,부산
2017,1,부산
2017,12,서울
2017,11,서울
2017,10,서울
2017,9,서울
2017,8,서울
2017,7,서울
2017,6,서울
2017,5,서울
2017,4,서울
2017,3,서울
2017,2,서울
2017,1,서울
2017,12,세종
2017,11,세종
2017,10,세종
2017,9,세종
2017,8,세종
2017,7,세종
2017,6,세종
2017,5,세종
2017,4,세종
2017,3,세종
2017,2,세종
2017,1,세종
2017,12,울산
2017,11,울산
2017,10,울산
2017,9,울산
2017,8,울산
2017,7,울산
2017,6,울산
2017,5,울산
2017,4,울산
2017,3,울산
2017,2,울산
2017,1,울산
2017,12,인천
2017,11,인천
2017,10,인천
2017,9,인천
2017,8,인천
2017,7,인천
2017,6,인천
2017,5,인천
2017,4,인천
2017,3,인천
2017,2,인천
2017,1,인천
2017,12,전남
2017,11,전남
2017,10,전남
2017,9,전남
2017,8,전남
2017,7,전남
2017,6,전남
2017,5,전남
2017,4,전남
2017,3,전남
2017,2,전남
2017,1,전남
2017,12,전북
2017,11,전북
2017,10,전북
2017,9,전북
2017,8,전북
2017,7,전북
2017,6,전북
2017,5,전북
2017,4,전북
2017,3,전북
2017,2,전북
2017,1,전북
2017,12,제주
2017,11,제주
2017,10,제주
2017,9,제주
2017,8,제주
2017,7,제주
2017,6,제주
2017,5,제주
2017,4,제주
2017,3,제주
2017,2,제주
2017,1,제주
2017,12,충남
2017,11,충남
2017,10,충남
2017,9,충남
2017,8,충남
2017,7,충남
2017,6,충남
2017,5,충남
2017,4,충남
2017,3,충남
2017,2,충남
2017,1,충남
2017,12,충북
2017,11,충북
2017,10,충북
2017,9,충북
2017,8,충북
2017,7,충북
2017,6,충북
2017,5,충북
2017,4,충북
2017,3,충북
2017,2,충북
2017,1,충북
2016,12,강원
2016,11,강원
2016,10,강원
2016,9,강원
2016,8,강원
2016,7,강원
2016,6,강원
2016,5,강원
2016,4,강원
2016,3,강원
2016,2,강원
2016,1,강원
2016,12,경기
2016,11,경기
2016,10,경기
2016,9,경기
2016,8,경기
2016,7,경기
2016,6,경기
2016,5,경기
2016,4,경기
2016,3,경기
2016,2,경기
2016,1,경기
2016,12,경남
2016,11,경남
2016,10,경남
2016,9,경남
2016,8,경남
2016,7,경남
2016,6,경남
2016,5,경남
2016,4,경남
2016,3,경남
2016,2,경남
2016,1,경남
2016,12,경북
2016,11,경북
2016,10,경북
2016,9,경북
2016,8,경북
2016,7,경북
2016,6,경북
2016,5,경북
2016,4,경북
2016,3,경북
2016,2,경북
2016,1,경북
2016,12,광주
2016,11,광주
2016,10,광주
2016,9,광주
2016,8,광주
2016,7,광주
2016,6,광주
2016,5,광주
2016,4,광주
2016,3,광주
2016,2,광주
2016,1,광주
2016,12,대구
2016,11,대구
2016,10,대구
2016,9,대구
2016,8,대구
2016,7,대구
2016,6,대구
2016,5,대구
2016,4,대구
2016,3,대구
2016,2,대구
2016,1,대구
2016,12,대전
2016,11,대전
2016,10,대전
2016,9,대전
2016,8,대전
2016,7,대전
2016,6,대전
2016,5,대전
2016,4,대전
2016,3,대전
2016,2,대전
2016,1,대전
2016,12,부산
2016,11,부산
2016,10,부산
2016,9,부산
2016,8,부산
2016,7,부산
2016,6,부산
2016,5,부산
2016,4,부산
2016,3,부산
2016,2,부산
2016,1,부산
2016,12,서울
2016,11,서울
2016,10,서울
2016,9,서울
2016,8,서울
2016,7,서울
2016,6,서울
2016,5,서울
2016,4,서울
2016,3,서울
2016,2,서울
2016,1,서울
2016,12,세종
2016,11,세종
2016,10,세종
2016,9,세종
2016,8,세종
2016,7,세종
2016,6,세종
2016,5,세종
2016,4,세종
2016,3,세종
2016,2,세종
2016,1,세종
2016,12,울산
2016,11,울산
2016,10,울산
2016,9,울산
2016,8,울산
2016,7,울산
2016,6,울산
2016,5,울산
2016,4,울산
2016,3,울산
2016,2,울산
2016,1,울산
2016,12,인천
2016,11,인천
2016,10,인천
2016,9,인천
2016,8,인천
2016,7,인천
2016,6,인천
2016,5,인천
2016,4,인천
2016,3,인천
2016,2,인천
2016,1,인천
2016,12,전남
2016,11,전남
2016,10,전남
2016,9,전남
2016,8,전남
2016,7,전남
2016,6,전남
2016,5,전남
2016,4,전남
2016,3,전남
2016,2,전남
2016,1,전남
2016,12,전북
2016,11,전북
2016,10,전북
2016,9,전북
2016,8,전북
2016,7,전북
2016,6,전북
2016,5,전북
2016,4,전북
2016,3,전북
2016,2,전북
2016,1,전북
2016,12,제주
2016,11,제주
2016,10,제주
2016,9,제주
2016,8,제주
2016,7,제주
2016,6,제주
2016,5,제주
2016,4,제주
2016,3,제주
2016,2,제주
2016,1,제주
2016,12,충남
2016,11,충남
2016,10,충남
2016,9,충남
2016,8,충남
2016,7,충남
2016,6,충남
2016,5,충남
2016,4,충남
2016,3,충남
2016,2,충남
2016,1,충남
2016,12,충북
2016,11,충북
2016,10,충북
2016,9,충북
2016,8,충북
2016,7,충북
2016,6,충북
2016,5,충북
2016,4,충북
2016,3,충북
2016,2,충북
2016,1,충북
2015,12,강원
2015,11,강원
2015,10,강원
2015,9,강원
2015,8,강원
2015,7,강원
2015,6,강원
2015,5,강원
2015,4,강원
2015,3,강원
2015,2,강원
2015,1,강원
2015,12,경기
2015,11,경기
2015,10,경기
2015,9,경기
2015,8,경기
2015,7,경기
2015,6,경기
2015,5,경기
2015,4,경기
2015,3,경기
2015,2,경기
2015,1,경기
2015,12,경남
2015,11,경남
2015,10,경남
2015,9,경남
2015,8,경남
2015,7,경남
2015,6,경남
2015,5,경남
2015,4,경남
2015,3,경남
2015,2,경남
2015,1,경남
2015,12,경북
2015,11,경북
2015,10,경북
2015,9,경북
2015,8,경북
2015,7,경북
2015,6,경북
2015,5,경북
2015,4,경북
2015,3,경북
2015,2,경북
2015,1,경북
2015,12,광주
2015,11,광주
2015,10,광주
2015,9,광주
2015,8,광주
2015,7,광주
2015,6,광주
2015,5,광주
2015,4,광주
2015,3,광주
2015,2,광주
2015,1,광주
2015,12,대구
2015,11,대구
2015,10,대구
2015,9,대구
2015,8,대구
2015,7,대구
2015,6,대구
2015,5,대구
2015,4,대구
2015,3,대구
2015,2,대구
2015,1,대구
2015,12,대전
2015,11,대전
2015,10,대전
2015,9,대전
2015,8,대전
2015,7,대전
2015,6,대전
2015,5,대전
2015,4,대전
2015,3,대전
2015,2,대전
2015,1,대전
2015,12,부산
2015,11,부산
2015,10,부산
2015,9,부산
2015,8,부산
2015,7,부산
2015,6,부산
2015,5,부산
2015,4,부산
2015,3,부산
2015,2,부산
2015,1,부산
2015,12,서울
2015,11,서울
2015,10,서울
2015,9,서울
2015,8,서울
2015,7,서울
2015,6,서울
2015,5,서울
2015,4,서울
2015,3,서울
2015,2,서울
2015,1,서울
2015,12,세종
2015,11,세종
2015,10,세종
2015,9,세종
2015,8,세종
2015,7,세종
2015,6,세종
2015,5,세종
2015,4,세종
2015,3,세종
2015,2,세종
2015,1,세종
2015,12,울산
2015,11,울산
2015,10,울산
2015,9,울산
2015,8,울산
2015,7,울산
2015,6,울산
2015,5,울산
2015,4,울산
2015,3,울산
2015,2,울산
2015,1,울산
2015,12,인천
2015,11,인천
2015,10,인천
2015,9,인천
2015,8,인천
2015,7,인천
2015,6,인천
2015,5,인천
2015,4,인천
2015,3,인천
2015,2,인천
2015,1,인천
2015,12,전남
2015,11,전남
2015,10,전남
2015,9,전남
2015,8,전남
2015,7,전남
2015,6,전남
2015,5,전남
2015,4,전남
2015,3,전남
2015,2,전남
2015,1,전남
2015,12,전북
2015,11,전북
2015,10,전북
2015,9,전북
2015,8,전북
2015,7,전북
2015,6,전북
2015,5,전북
2015,4,전북
2015,3,전북
2015,2,전북
2015,1,전북
2015,12,제주
2015,11,제주
2015,10,제주
2015,9,제주
2015,8,제주
2015,7,제주
2015,6,제주
2015,5,제주
2015,4,제주
2015,3,제주
2015,2,제주
2015,1,제주
2015,12,충남
2015,11,충남
2015,10,충남
2015,9,충남
2015,8,충남
2015,7,충남
2015,6,충남
2015,5,충남
2015,4,충남
2015,3,충남
2015,2,충남
2015,1,충남
2015,12,충북
2015,11,충북
2015,10,충북
2015,9,충북
2015,8,충북
2015,7,충북
2015,6,충북
2015,5,충북
2015,4,충북
2015,3,충북
2015,2,충북
2015,1,충북
2014,12,강원
2014,11,강원
2014,10,강원
2014,9,강원
2014,8,강원
2014,7,강원
2014,6,강원
2014,5,강원
2014,4,강원
2014,3,강원
2014,2,강원
2014,1,강원
2014,12,경기
2014,11,경기
2014,10,경기
2014,9,경기
2014,8,경기
2014,7,경기
2014,6,경기
2014,5,경기
2014,4,경기
2014,3,경기
2014,2,경기
2014,1,경기
2014,12,경남
2014,11,경남
2014,10,경남
2014,9,경남
2014,8,경남
2014,7,경남
2014,6,경남
2014,5,경남
2014,4,경남
2014,3,경남
2014,2,경남
2014,1,경남
2014,12,경북
2014,11,경북
2014,10,경북
2014,9,경북
2014,8,경북
2014,7,경북
2014,6,경북
2014,5,경북
2014,4,경북
2014,3,경북
2014,2,경북
2014,1,경북
2014,12,광주
2014,11,광주
2014,10,광주
2014,9,광주
2014,8,광주
2014,7,광주
2014,6,광주
2014,5,광주
2014,4,광주
2014,3,광주
2014,2,광주
2014,1,광주
2014,12,대구
2014,11,대구
2014,10,대구
2014,9,대구
2014,8,대구
2014,7,대구
2014,6,대구
2014,5,대구
2014,4,대구
2014,3,대구
2014,2,대구
2014,1,대구
2014,12,대전
2014,11,대전
2014,10,대전
2014,9,대전
2014,8,대전
2014,7,대전
2014,6,대전
2014,5,대전
2014,4,대전
2014,3,대전
2014,2,대전
2014,1,대전
2014,12,부산
2014,11,부산
2014,10,부산
2014,9,부산
2014,8,부산
2014,7,부산
2014,6,부산
2014,5,부산
2014,4,부산
2014,3,부산
2014,2,부산
2014,1,부산
2014,12,서울
2014,11,서울
2014,10,서울
2014,9,서울
2014,8,서울
2014,7,서울
2014,6,서울
2014,5,서울
2014,4,서울
2014,3,서울
2014,2,서울
2014,1,서울
2014,12,세종
2014,11,세종
2014,10,세종
2014,9,세종
2014,8,세종
2014,7,세종
2014,6,세종
2014,5,세종
2014,4,세종
2014,3,세종
2014,2,세종
2014,1,세종
2014,12,울산
2014,11,울산
2014,10,울산
2014,9,울산
2014,8,울산
2014,7,울산
2014,6,울산
2014,5,울산
2014,4,울산
2014,3,울산
2014,2,울산
2014,1,울산
2014,12,인천
2014,11,인천
2014,10,인천
2014,9,인천
2014,8,인천
2014,7,인천
2014,6,인천
2014,5,인천
2014,4,인천
2014,3,인천
2014,2,인천
2014,1,인천
2014,12,전남
2014,11,전남
2014,10,전남
2014,9,전남
2014,8,전남
2014,7,전남
2014,6,전남
2014,5,전남
2014,4,전남
2014,3,전남
2014,2,전남
2014,1,전남
2014,12,전북
2014,11,전북
2014,10,전북
2014,9,전북
2014,8,전북
2014,7,전북
2014,6,전북
2014,5,전북
2014,4,전북
2014,3,전북
2014,2,전북
2014,1,전북
2014,12,제주
2014,11,제주
2014,10,제주
2014,9,제주
2014,8,제주
2014,7,제주
2014,6,제주
2014,5,제주
2014,4,제주
2014,3,제주
2014,2,제주
2014,1,제주
2014,12,충남
2014,11,충남
2014,10,충남
2014,9,충남
2014,8,충남
2014,7,충남
2014,6,충남
2014,5,충남
2014,4,충남
2014,3,충남
2014,2,충남
2014,1,충남
2014,12,충북
2014,11,충북
2014,10,충북
2014,9,충북
2014,8,충북
2014,7,충북
2014,6,충북
2014,5,충북
2014,4,충북
2014,3,충북
2014,2,충북
2014,1,충북
2013,12,강원
2013,11,강원
2013,10,강원
2013,9,강원
2013,8,강원
2013,7,강원
2013,6,강원
2013,5,강원
2013,4,강원
2013,3,강원
2013,2,강원
2013,1,강원
2013,12,경기
2013,11,경기
2013,10,경기
2013,9,경기
2013,8,경기
2013,7,경기
2013,6,경기
2013,5,경기
2013,4,경기
2013,3,경기
2013,2,경기
2013,1,경기
2013,12,경남
2013,11,경남
2013,10,경남
2013,9,경남
2013,8,경남
2013,7,경남
2013,6,경남
2013,5,경남
2013,4,경남
2013,3,경남
2013,2,경남
2013,1,경남
2013,12,경북
2013,11,경북
2013,10,경북
2013,9,경북
2013,8,경북
2013,7,경북
2013,6,경북
2013,5,경북
2013,4,경북
2013,3,경북
2013,2,경북
2013,1,경북
2013,12,광주
2013,11,광주
2013,10,광주
2013,9,광주
2013,8,광주
2013,7,광주
2013,6,광주
2013,5,광주
2013,4,광주
2013,3,광주
2013,2,광주
2013,1,광주
2013,12,대구
2013,11,대구
2013,10,대구
2013,9,대구
2013,8,대구
2013,7,대구
2013,6,대구
2013,5,대구
2013,4,대구
2013,3,대구
2013,2,대구
2013,1,대구
2013,12,대전
2013,11,대전
2013,10,대전
2013,9,대전
2013,8,대전
2013,7,대전
2013,6,대전
2013,5,대전
2013,4,대전
2013,3,대전
2013,2,대전
2013,1,대전
2013,12,부산
2013,11,부산
2013,10,부산
2013,9,부산
2013,8,부산
2013,7,부산
2013,6,부산
2013,5,부산
2013,4,부산
2013,3,부산
2013,2,부산
2013,1,부산
2013,12,서울
2013,11,서울
2013,10,서울
2013,9,서울
2013,8,서울
2013,7,서울
2013,6,서울
2013,5,서울
2013,4,서울
2013,3,서울
2013,2,서울
2013,1,서울
2013,12,세종
2013,11,세종
2013,10,세종
2013,9,세종
2013,8,세종
2013,7,세종
2013,6,세종
2013,5,세종
2013,4,세종
2013,3,세종
2013,2,세종
2013,1,세종
2013,12,울산
2013,11,울산
2013,10,울산
2013,9,울산
2013,8,울산
2013,7,울산
2013,6,울산
2013,5,울산
2013,4,울산
2013,3,울산
2013,2,울산
2013,1,울산
2013,12,인천
2013,11,인천
2013,10,인천
2013,9,인천
2013,8,인천
2013,7,인천
2013,6,인천
2013,5,인천
2013,4,인천
2013,3,인천
2013,2,인천
2013,1,인천
2013,12,전남
2013,11,전남
2013,10,전남
2013,9,전남
2013,8,전남
2013,7,전남
2013,6,전남
2013,5,전남
2013,4,전남
2013,3,전남
2013,2,전남
2013,1,전남
2013,12,전북
2013,11,전북
2013,10,전북
2013,9,전북
2013,8,전북
2013,7,전북
2013,6,전북
2013,5,전북
2013,4,전북
2013,3,전북
2013,2,전북
2013,1,전북
2013,12,제주
2013,11,제주
2013,10,제주
2013,9,제주
2013,8,제주
2013,7,제주
2013,6,제주
2013,5,제주
2013,4,제주
2013,3,제주
2013,2,제주
2013,1,제주
2013,12,충남
2013,11,충남
2013,10,충남
2013,9,충남
2013,8,충남
2013,7,충남
2013,6,충남
2013,5,충남
2013,4,충남
2013,3,충남
2013,2,충남
2013,1,충남
2013,12,충북
2013,11,충북
2013,10,충북
2013,9,충북
2013,8,충북
2013,7,충북
2013,6,충북
2013,5,충북
2013,4,충북
2013,3,충북
2013,2,충북
2013,1,충북
2012,12,강원
2012,11,강원
2012,10,강원
2012,9,강원
2012,8,강원
2012,7,강원
2012,6,강원
2012,5,강원
2012,4,강원
2012,3,강원
2012,2,강원
2012,1,강원
2012,12,경기
2012,11,경기
2012,10,경기
2012,9,경기
2012,8,경기
2012,7,경기
2012,6,경기
2012,5,경기
2012,4,경기
2012,3,경기
2012,2,경기
2012,1,경기
2012,12,경남
2012,11,경남
2012,10,경남
2012,9,경남
2012,8,경남
2012,7,경남
2012,6,경남
2012,5,경남
2012,4,경남
2012,3,경남
2012,2,경남
2012,1,경남
2012,12,경북
2012,11,경북
2012,10,경북
2012,9,경북
2012,8,경북
2012,7,경북
2012,6,경북
2012,5,경북
2012,4,경북
2012,3,경북
2012,2,경북
2012,1,경북
2012,12,광주
2012,11,광주
2012,10,광주
2012,9,광주
2012,8,광주
2012,7,광주
2012,6,광주
2012,5,광주
2012,4,광주
2012,3,광주
2012,2,광주
2012,1,광주
2012,12,대구
2012,11,대구
2012,10,대구
2012,9,대구
2012,8,대구
2012,7,대구
2012,6,대구
2012,5,대구
2012,4,대구
2012,3,대구
2012,2,대구
2012,1,대구
2012,12,대전
2012,11,대전
2012,10,대전
2012,9,대전
2012,8,대전
2012,7,대전
2012,6,대전
2012,5,대전
2012,4,대전
2012,3,대전
2012,2,대전
2012,1,대전
2012,12,부산
2012,11,부산
2012,10,부산
2012,9,부산
2012,8,부산
2012,7,부산
2012,6,부산
2012,5,부산
2012,4,부산
2012,3,부산
2012,2,부산
2012,1,부산
2012,12,서울
2012,11,서울
2012,10,서울
2012,9,서울
2012,8,서울
2012,7,서울
2012,6,서울
2012,5,서울
2012,4,서울
2012,3,서울
2012,2,서울
2012,1,서울
2012,12,세종
2012,11,세종
2012,10,세종
2012,9,세종
2012,8,세종
2012,7,세종
2012,12,울산
2012,11,울산
2012,10,울산
2012,9,울산
2012,8,울산
2012,7,울산
2012,6,울산
2012,5,울산
2012,4,울산
2012,3,울산
2012,2,울산
2012,1,울산
2012,12,인천
2012,11,인천
2012,10,인천
2012,9,인천
2012,8,인천
2012,7,인천
2012,6,인천
2012,5,인천
2012,4,인천
2012,3,인천
2012,2,인천
2012,1,인천
2012,12,전남
2012,11,전남
2012,10,전남
2012,9,전남
2012,8,전남
2012,7,전남
2012,6,전남
2012,5,전남
2012,4,전남
2012,3,전남
2012,2,전남
2012,1,전남
2012,12,전북
2012,11,전북
2012,10,전북
2012,9,전북
2012,8,전북
2012,7,전북
2012,6,전북
2012,5,전북
2012,4,전북
2012,3,전북
2012,2,전북
2012,1,전북
2012,12,제주
2012,11,제주
2012,10,제주
2012,9,제주
2012,8,제주
2012,7,제주
2012,6,제주
2012,5,제주
2012,4,제주
2012,3,제주
2012,2,제주
2012,1,제주
2012,12,충남
2012,11,충남
2012,10,충남
2012,9,충남
2012,8,충남
2012,7,충남
2012,6,충남
2012,5,충남
2012,4,충남
2012,3,충남
2012,2,충남
2012,1,충남
2012,12,충북
2012,11,충북
2012,10,충북
2012,9,충북
2012,8,충북
2012,7,충북
2012,6,충북
2012,5,충북
2012,4,충북
2012,3,충북
2012,2,충북
2012,1,충북
2011,12,강원
2011,11,강원
2011,10,강원
2011,9,강원
2011,8,강원
2011,7,강원
2011,6,강원
2011,5,강원
2011,4,강원
2011,3,강원
2011,2,강원
2011,1,강원
2011,12,경기
2011,11,경기
2011,10,경기
2011,9,경기
2011,8,경기
2011,7,경기
2011,6,경기
2011,5,경기
2011,4,경기
2011,3,경기
2011,2,경기
2011,1,경기
2011,12,경남
2011,11,경남
2011,10,경남
2011,9,경남
2011,8,경남
2011,7,경남
2011,6,경남
2011,5,경남
2011,4,경남
2011,3,경남
2011,2,경남
2011,1,경남
2011,12,경북
2011,11,경북
2011,10,경북
2011,9,경북
2011,8,경북
2011,7,경북
2011,6,경북
2011,5,경북
2011,4,경북
2011,3,경북
2011,2,경북
2011,1,경북
2011,12,광주
2011,11,광주
2011,10,광주
2011,9,광주
2011,8,광주
2011,7,광주
2011,6,광주
2011,5,광주
2011,4,광주
2011,3,광주
2011,2,광주
2011,1,광주
2011,12,대구
2011,11,대구
2011,10,대구
2011,9,대구
2011,8,대구
2011,7,대구
2011,6,대구
2011,5,대구
2011,4,대구
2011,3,대구
2011,2,대구
2011,1,대구
2011,12,대전
2011,11,대전
2011,10,대전
2011,9,대전
2011,8,대전
2011,7,대전
2011,6,대전
2011,5,대전
2011,4,대전
2011,3,대전
2011,2,대전
2011,1,대전
2011,12,부산
2011,11,부산
2011,10,부산
2011,9,부산
2011,8,부산
2011,7,부산
2011,6,부산
2011,5,부산
2011,4,부산
2011,3,부산
2011,2,부산
2011,1,부산
2011,12,서울
2011,11,서울
2011,10,서울
2011,9,서울
2011,8,서울
2011,7,서울
2011,6,서울
2011,5,서울
2011,4,서울
2011,3,서울
2011,2,서울
2011,1,서울
2011,12,울산
2011,11,울산
2011,10,울산
2011,9,울산
2011,8,울산
2011,7,울산
2011,6,울산
2011,5,울산
2011,4,울산
2011,3,울산
2011,2,울산
2011,1,울산
2011,12,인천
2011,11,인천
2011,10,인천
2011,9,인천
2011,8,인천
2011,7,인천
2011,6,인천
2011,5,인천
2011,4,인천
2011,3,인천
2011,2,인천
2011,1,인천
2011,12,전남
2011,11,전남
2011,10,전남
2011,9,전남
2011,8,전남
2011,7,전남
2011,6,전남
2011,5,전남
2011,4,전남
2011,3,전남
2011,2,전남
2011,1,전남
2011,12,전북
2011,11,전북
2011,10,전북
2011,9,전북
2011,8,전북
2011,7,전북
2011,6,전북
2011,5,전북
2011,4,전북
2011,3,전북
2011,2,전북
2011,1,전북
2011,12,제주
2011,11,제주
2011,10,제주
2011,9,제주
2011,8,제주
2011,7,제주
2011,6,제주
2011,5,제주
2011,4,제주
2011,3,제주
2011,2,제주
2011,1,제주
2011,12,충남
2011,11,충남
2011,10,충남
2011,9,충남
2011,8,충남
2011,7,충남
2011,6,충남
2011,5,충남
2011,4,충남
2011,3,충남
2011,2,충남
2011,1,충남
2011,12,충북
2011,11,충북
2011,10,충북
2011,9,충북
2011,8,충북
2011,7,충북
2011,6,충북
2011,5,충북
2011,4,충북
2011,3,충북
2011,2,충북
2011,1,충북
2010,12,강원
2010,11,강원
2010,10,강원
2010,9,강원
2010,8,강원
2010,7,강원
2010,6,강원
2010,5,강원
2010,4,강원
2010,3,강원
2010,2,강원
2010,1,강원
2010,12,경기
2010,11,경기
2010,10,경기
2010,9,경기
2010,8,경기
2010,7,경기
2010,6,경기
2010,5,경기
2010,4,경기
2010,3,경기
2010,2,경기
2010,1,경기
2010,12,경남
2010,11,경남
2010,10,경남
2010,9,경남
2010,8,경남
2010,7,경남
2010,6,경남
2010,5,경남
2010,4,경남
2010,3,경남
2010,2,경남
2010,1,경남
2010,12,경북
2010,11,경북
2010,10,경북
2010,9,경북
2010,8,경북
2010,7,경북
2010,6,경북
2010,5,경북
2010,4,경북
2010,3,경북
2010,2,경북
2010,1,경북
2010,12,광주
2010,11,광주
2010,10,광주
2010,9,광주
2010,8,광주
2010,7,광주
2010,6,광주
2010,5,광주
2010,4,광주
2010,3,광주
2010,2,광주
2010,1,광주
2010,12,대구
2010,11,대구
2010,10,대구
2010,9,대구
2010,8,대구
2010,7,대구
2010,6,대구
2010,5,대구
2010,4,대구
2010,3,대구
2010,2,대구
2010,1,대구
2010,12,대전
2010,11,대전
2010,10,대전
2010,9,대전
2010,8,대전
2010,7,대전
2010,6,대전
2010,5,대전
2010,4,대전
2010,3,대전
2010,2,대전
2010,1,대전
2010,12,부산
2010,11,부산
2010,10,부산
2010,9,부산
2010,8,부산
2010,7,부산
2010,6,부산
2010,5,부산
2010,4,부산
2010,3,부산
2010,2,부산
2010,1,부산
2010,12,서울
2010,11,서울
2010,10,서울
2010,9,서울
2010,8,서울
2010,7,서울
2010,6,서울
2010,5,서울
2010,4,서울
2010,3,서울
2010,2,서울
2010,1,서울
2010,12,울산
2010,11,울산
2010,10,울산
2010,9,울산
2010,8,울산
2010,7,울산
2010,6,울산
2010,5,울산
2010,4,울산
2010,3,울산
2010,2,울산
2010,1,울산
2010,12,인천
2010,11,인천
2010,10,인천
2010,9,인천
2010,8,인천
2010,7,인천
2010,6,인천
2010,5,인천
2010,4,인천
2010,3,인천
2010,2,인천
2010,1,인천
2010,12,전남
2010,11,전남
2010,10,전남
2010,9,전남
2010,8,전남
2010,7,전남
2010,6,전남
2010,5,전남
2010,4,전남
2010,3,전남
2010,2,전남
2010,1,전남
2010,12,전북
2010,11,전북
2010,10,전북
2010,9,전북
2010,8,전북
2010,7,전북
2010,6,전북
2010,5,전북
2010,4,전북
2010,3,전북
2010,2,전북
2010,1,전북
2010,12,제주
2010,11,제주
2010,10,제주
2010,9,제주
2010,8,제주
2010,7,제주
2010,6,제주
2010,5,제주
2010,4,제주
2010,3,제주
2010,2,제주
2010,1,제주
2010,12,충남
2010,11,충남
2010,10,충남
2010,9,충남
2010,8,충남
2010,7,충남
2010,6,충남
2010,5,충남
2010,4,충남
2010,3,충남
2010,2,충남
2010,1,충남
2010,12,충북
2010,11,충북
2010,10,충북
2010,9,충북
2010,8,충북
2010,7,충북
2010,6,충북
2010,5,충북
2010,4,충북
2010,3,충북
2010,2,충북
2010,1,충북
2009,12,강원
2009,11,강원
2009,10,강원
2009,9,강원
2009,8,강원
2009,7,강원
2009,6,강원
2009,5,강원
2009,4,강원
2009,3,강원
2009,2,강원
2009,1,강원
2009,12,경기
2009,11,경기
2009,10,경기
2009,9,경기
2009,8,경기
2009,7,경기
2009,6,경기
2009,5,경기
2009,4,경기
2009,3,경기
2009,2,경기
2009,1,경기
2009,12,경남
2009,11,경남
2009,10,경남
2009,9,경남
2009,8,경남
2009,7,경남
2009,6,경남
2009,5,경남
2009,4,경남
2009,3,경남
2009,2,경남
2009,1,경남
2009,12,경북
2009,11,경북
2009,10,경북
2009,9,경북
2009,8,경북
2009,7,경북
2009,6,경북
2009,5,경북
2009,4,경북
2009,3,경북
2009,2,경북
2009,1,경북
2009,12,광주
2009,11,광주
2009,10,광주
2009,9,광주
2009,8,광주
2009,7,광주
2009,6,광주
2009,5,광주
2009,4,광주
2009,3,광주
2009,2,광주
2009,1,광주
2009,12,대구
2009,11,대구
2009,10,대구
2009,9,대구
2009,8,대구
2009,7,대구
2009,6,대구
2009,5,대구
2009,4,대구
2009,3,대구
2009,2,대구
2009,1,대구
2009,12,대전
2009,11,대전
2009,10,대전
2009,9,대전
2009,8,대전
2009,7,대전
2009,6,대전
2009,5,대전
2009,4,대전
2009,3,대전
2009,2,대전
2009,1,대전
2009,12,부산
2009,11,부산
2009,10,부산
2009,9,부산
2009,8,부산
2009,7,부산
2009,6,부산
2009,5,부산
2009,4,부산
2009,3,부산
2009,2,부산
2009,1,부산
2009,12,서울
2009,11,서울
2009,10,서울
2009,9,서울
2009,8,서울
2009,7,서울
2009,6,서울
2009,5,서울
2009,4,서울
2009,3,서울
2009,2,서울
2009,1,서울
2009,12,울산
2009,11,울산
2009,10,울산
2009,9,울산
2009,8,울산
2009,7,울산
2009,6,울산
2009,5,울산
2009,4,울산
2009,3,울산
2009,2,울산
2009,1,울산
2009,12,인천
2009,11,인천
2009,10,인천
2009,9,인천
2009,8,인천
2009,7,인천
2009,6,인천
2009,5,인천
2009,4,인천
2009,3,인천
2009,2,인천
2009,1,인천
2009,12,전남
2009,11,전남
2009,10,전남
2009,9,전남
2009,8,전남
2009,7,전남
2009,6,전남
2009,5,전남
2009,4,전남
2009,3,전남
2009,2,전남
2009,1,전남
2009,12,전북
2009,11,전북
2009,10,전북
2009,9,전북
2009,8,전북
2009,7,전북
2009,6,전북
2009,5,전북
2009,4,전북
2009,3,전북
2009,2,전북
2009,1,전북
2009,12,제주
2009,11,제주
2009,10,제주
2009,9,제주
2009,8,제주
2009,7,제주
2009,6,제주
2009,5,제주
2009,4,제주
2009,3,제주
2009,2,제주
2009,1,제주
2009,12,충남
2009,11,충남
2009,10,충남
2009,9,충남
2009,8,충남
2009,7,충남
2009,6,충남
2009,5,충남
2009,4,충남
2009,3,충남
2009,2,충남
2009,1,충남
2009,12,충북
2009,11,충북
2009,10,충북
2009,9,충북
2009,8,충북
2009,7,충북
2009,6,충북
2009,5,충북
2009,4,충북
2009,3,충북
2009,2,충북
2009,1,충북
2008,12,강원
2008,11,강원
2008,10,강원
2008,9,강원
2008,8,강원
2008,7,강원
2008,6,강원
2008,5,강원
2008,4,강원
2008,3,강원
2008,2,강원
2008,1,강원
2008,12,경기
2008,11,경기
2008,10,경기
2008,9,경기
2008,8,경기
2008,7,경기
2008,6,경기
2008,5,경기
2008,4,경기
2008,3,경기
2008,2,경기
2008,1,경기
2008,12,경남
2008,11,경남
2008,10,경남
2008,9,경남
2008,8,경남
2008,7,경남
2008,6,경남
2008,5,경남
2008,4,경남
2008,3,경남
2008,2,경남
2008,1,경남
2008,12,경북
2008,11,경북
2008,10,경북
2008,9,경북
2008,8,경북
2008,7,경북
2008,6,경북
2008,5,경북
2008,4,경북
2008,3,경북
2008,2,경북
2008,1,경북
2008,12,광주
2008,11,광주
2008,10,광주
2008,9,광주
2008,8,광주
2008,7,광주
2008,6,광주
2008,5,광주
2008,4,광주
2008,3,광주
2008,2,광주
2008,1,광주
2008,12,대구
2008,11,대구
2008,10,대구
2008,9,대구
2008,8,대구
2008,7,대구
2008,6,대구
2008,5,대구
2008,4,대구
2008,3,대구
2008,2,대구
2008,1,대구
2008,12,대전
2008,11,대전
2008,10,대전
2008,9,대전
2008,8,대전
2008,7,대전
2008,6,대전
2008,5,대전
2008,4,대전
2008,3,대전
2008,2,대전
2008,1,대전
2008,12,부산
2008,11,부산
2008,10,부산
2008,9,부산
2008,8,부산
2008,7,부산
2008,6,부산
2008,5,부산
2008,4,부산
2008,3,부산
2008,2,부산
2008,1,부산
2008,12,서울
2008,11,서울
2008,10,서울
2008,9,서울
2008,8,서울
2008,7,서울
2008,6,서울
2008,5,서울
2008,4,서울
2008,3,서울
2008,2,서울
2008,1,서울
2008,12,울산
2008,11,울산
2008,10,울산
2008,9,울산
2008,8,울산
2008,7,울산
2008,6,울산
2008,5,울산
2008,4,울산
2008,3,울산
2008,2,울산
2008,1,울산
2008,12,인천
2008,11,인천
2008,10,인천
2008,9,인천
2008,8,인천
2008,7,인천
2008,6,인천
2008,5,인천
2008,4,인천
2008,3,인천
2008,2,인천
2008,1,인천
2008,12,전남
2008,11,전남
2008,10,전남
2008,9,전남
2008,8,전남
2008,7,전남
2008,6,전남
2008,5,전남
2008,4,전남
2008,3,전남
2008,2,전남
2008,1,전남
2008,12,전북
2008,11,전북
2008,10,전북
2008,9,전북
2008,8,전북
2008,7,전북
2008,6,전북
2008,5,전북
2008,4,전북
2008,3,전북
2008,2,전북
2008,1,전북
2008,12,제주
2008,11,제주
2008,10,제주
2008,9,제주
2008,8,제주
2008,7,제주
2008,6,제주
2008,5,제주
2008,4,제주
2008,3,제주
2008,2,제주
2008,1,제주
2008,12,충남
2008,11,충남
2008,10,충남
2008,9,충남
2008,8,충남
2008,7,충남
2008,6,충남
2008,5,충남
2008,4,충남
2008,3,충남
2008,2,충남
2008,1,충남
2008,12,충북
2008,11,충북
2008,10,충북
2008,9,충북
2008,8,충북
2008,7,충북
2008,6,충북
2008,5,충북
2008,4,충북
2008,3,충북
2008,2,충북
2008,1,충북
2007,12,강원
2007,11,강원
2007,10,강원
2007,9,강원
2007,8,강원
2007,7,강원
2007,6,강원
2007,5,강원
2007,4,강원
2007,3,강원
2007,2,강원
2007,1,강원
2007,12,경기
2007,11,경기
2007,10,경기
2007,9,경기
2007,8,경기
2007,7,경기
2007,6,경기
2007,5,경기
2007,4,경기
2007,3,경기
2007,2,경기
2007,1,경기
2007,12,경남
2007,11,경남
2007,10,경남
2007,9,경남
2007,8,경남
2007,7,경남
2007,6,경남
2007,5,경남
2007,4,경남
2007,3,경남
2007,2,경남
2007,1,경남
2007,12,경북
2007,11,경북
2007,10,경북
2007,9,경북
2007,8,경북
2007,7,경북
2007,6,경북
2007,5,경북
2007,4,경북
2007,3,경북
2007,2,경북
2007,1,경북
2007,12,광주
2007,11,광주
2007,10,광주
2007,9,광주
2007,8,광주
2007,7,광주
2007,6,광주
2007,5,광주
2007,4,광주
2007,3,광주
2007,2,광주
2007,1,광주
2007,12,대구
2007,11,대구
2007,10,대구
2007,9,대구
2007,8,대구
2007,7,대구
2007,6,대구
2007,5,대구
2007,4,대구
2007,3,대구
2007,2,대구
2007,1,대구
2007,12,대전
2007,11,대전
2007,10,대전
2007,9,대전
2007,8,대전
2007,7,대전
2007,6,대전
2007,5,대전
2007,4,대전
2007,3,대전
2007,2,대전
2007,1,대전
2007,12,부산
2007,11,부산
2007,10,부산
2007,9,부산
2007,8,부산
2007,7,부산
2007,6,부산
2007,5,부산
2007,4,부산
2007,3,부산
2007,2,부산
2007,1,부산
2007,12,서울
2007,11,서울
2007,10,서울
2007,9,서울
2007,8,서울
2007,7,서울
2007,6,서울
2007,5,서울
2007,4,서울
2007,3,서울
2007,2,서울
2007,1,서울
2007,12,울산
2007,11,울산
2007,10,울산
2007,9,울산
2007,8,울산
2007,7,울산
2007,6,울산
2007,5,울산
2007,4,울산
2007,3,울산
2007,2,울산
2007,1,울산
2007,12,인천
2007,11,인천
2007,10,인천
2007,9,인천
2007,8,인천
2007,7,인천
2007,6,인천
2007,5,인천
2007,4,인천
2007,3,인천
2007,2,인천
2007,1,인천
2007,12,전남
2007,11,전남
2007,10,전남
2007,9,전남
2007,8,전남
2007,7,전남
2007,6,전남
2007,5,전남
2007,4,전남
2007,3,전남
2007,2,전남
2007,1,전남
2007,12,전북
2007,11,전북
2007,10,전북
2007,9,전북
2007,8,전북
2007,7,전북
2007,6,전북
2007,5,전북
2007,4,전북
2007,3,전북
2007,2,전북
2007,1,전북
2007,12,제주
2007,11,제주
2007,10,제주
2007,9,제주
2007,8,제주
2007,7,제주
2007,6,제주
2007,5,제주
2007,4,제주
2007,3,제주
2007,2,제주
2007,1,제주
2007,12,충남
2007,11,충남
2007,10,충남
2007,9,충남
2007,8,충남
2007,7,충남
2007,6,충남
2007,5,충남
2007,4,충남
2007,3,충남
2007,2,충남
2007,1,충남
2007,12,충북
2007,11,충북
2007,10,충북
2007,9,충북
2007,8,충북
2007,7,충북
2007,6,충북
2007,5,충북
2007,4,충북
2007,3,충북
2007,2,충북
2007,1,충북
2006,12,강원
2006,11,강원
2006,10,강원
2006,9,강원
2006,8,강원
2006,7,강원
2006,6,강원
2006,5,강원
2006,4,강원
2006,3,강원
2006,2,강원
2006,1,강원
2006,12,경기
2006,11,경기
2006,10,경기
2006,9,경기
2006,8,경기
2006,7,경기
2006,6,경기
2006,5,경기
2006,4,경기
2006,3,경기
2006,2,경기
2006,1,경기
2006,12,경남
2006,11,경남
2006,10,경남
2006,9,경남
2006,8,경남
2006,7,경남
2006,6,경남
2006,5,경남
2006,4,경남
2006,3,경남
2006,2,경남
2006,1,경남
2006,12,경북
2006,11,경북
2006,10,경북
2006,9,경북
2006,8,경북
2006,7,경북
2006,6,경북
2006,5,경북
2006,4,경북
2006,3,경북
2006,2,경북
2006,1,경북
2006,12,광주
2006,11,광주
2006,10,광주
2006,9,광주
2006,8,광주
2006,7,광주
2006,6,광주
2006,5,광주
2006,4,광주
2006,3,광주
2006,2,광주
2006,1,광주
2006,12,대구
2006,11,대구
2006,10,대구
2006,9,대구
2006,8,대구
2006,7,대구
2006,6,대구
2006,5,대구
2006,4,대구
2006,3,대구
2006,2,대구
2006,1,대구
2006,12,대전
2006,11,대전
2006,10,대전
2006,9,대전
2006,8,대전
2006,7,대전
2006,6,대전
2006,5,대전
2006,4,대전
2006,3,대전
2006,2,대전
2006,1,대전
2006,12,부산
2006,11,부산
2006,10,부산
2006,9,부산
2006,8,부산
2006,7,부산
2006,6,부산
2006,5,부산
2006,4,부산
2006,3,부산
2006,2,부산
2006,1,부산
2006,12,서울
2006,11,서울
2006,10,서울
2006,9,서울
2006,8,서울
2006,7,서울
2006,6,서울
2006,5,서울
2006,4,서울
2006,3,서울
2006,2,서울
2006,1,서울
2006,12,울산
2006,11,울산
2006,10,울산
2006,9,울산
2006,8,울산
2006,7,울산
2006,6,울산
2006,5,울산
2006,4,울산
2006,3,울산
2006,2,울산
2006,1,울산
2006,12,인천
2006,11,인천
2006,10,인천
2006,9,인천
2006,8,인천
2006,7,인천
2006,6,인천
2006,5,인천
2006,4,인천
2006,3,인천
2006,2,인천
2006,1,인천
2006,12,전남
2006,11,전남
2006,10,전남
2006,9,전남
2006,8,전남
2006,7,전남
2006,6,전남
2006,5,전남
2006,4,전남
2006,3,전남
2006,2,전남
2006,1,전남
2006,12,전북
2006,11,전북
2006,10,전북
2006,9,전북
2006,8,전북
2006,7,전북
2006,6,전북
2006,5,전북
2006,4,전북
2006,3,전북
2006,2,전북
2006,1,전북
2006,12,제주
2006,11,제주
2006,10,제주
2006,9,제주
2006,8,제주
2006,7,제주
2006,6,제주
2006,5,제주
2006,4,제주
2006,3,제주
2006,2,제주
2006,1,제주
2006,12,충남
2006,11,충남
2006,10,충남
2006,9,충남
2006,8,충남
2006,7,충남
2006,6,충남
2006,5,충남
2006,4,충남
2006,3,충남
2006,2,충남
2006,1,충남
2006,12,충북
2006,11,충북
2006,10,충북
2006,9,충북
2006,8,충북
2006,7,충북
2006,6,충북
2006,5,충북
2006,4,충북
2006,3,충북
2006,2,충북
2006,1,충북
2005,12,강원
2005,11,강원
2005,10,강원
2005,9,강원
2005,8,강원
2005,7,강원
2005,6,강원
2005,5,강원
2005,4,강원
2005,3,강원
2005,2,강원
2005,1,강원
2005,12,경기
2005,11,경기
2005,10,경기
2005,9,경기
2005,8,경기
2005,7,경기
2005,6,경기
2005,5,경기
2005,4,경기
2005,3,경기
2005,2,경기
2005,1,경기
2005,12,경남
2005,11,경남
2005,10,경남
2005,9,경남
2005,8,경남
2005,7,경남
2005,6,경남
2005,5,경남
2005,4,경남
2005,3,경남
2005,2,경남
2005,1,경남
2005,12,경북
2005,11,경북
2005,10,경북
2005,9,경북
2005,8,경북
2005,7,경북
2005,6,경북
2005,5,경북
2005,4,경북
2005,3,경북
2005,2,경북
2005,1,경북
2005,12,광주
2005,11,광주
2005,10,광주
2005,9,광주
2005,8,광주
2005,7,광주
2005,6,광주
2005,5,광주
2005,4,광주
2005,3,광주
2005,2,광주
2005,1,광주
2005,12,대구
2005,11,대구
2005,10,대구
2005,9,대구
2005,8,대구
2005,7,대구
2005,6,대구
2005,5,대구
2005,4,대구
2005,3,대구
2005,2,대구
2005,1,대구
2005,12,대전
2005,11,대전
2005,10,대전
2005,9,대전
2005,8,대전
2005,7,대전
2005,6,대전
2005,5,대전
2005,4,대전
2005,3,대전
2005,2,대전
2005,1,대전
2005,12,부산
2005,11,부산
2005,10,부산
2005,9,부산
2005,8,부산
2005,7,부산
2005,6,부산
2005,5,부산
2005,4,부산
2005,3,부산
2005,2,부산
2005,1,부산
2005,12,서울
2005,11,서울
2005,10,서울
2005,9,서울
2005,8,서울
2005,7,서울
2005,6,서울
2005,5,서울
2005,4,서울
2005,3,서울
2005,2,서울
2005,1,서울
2005,12,울산
2005,11,울산
2005,10,울산
2005,9,울산
2005,8,울산
2005,7,울산
2005,6,울산
2005,5,울산
2005,4,울산
2005,3,울산
2005,2,울산
2005,1,울산
2005,12,인천
2005,11,인천
2005,10,인천
2005,9,인천
2005,8,인천
2005,7,인천
2005,6,인천
2005,5,인천
2005,4,인천
2005,3,인천
2005,2,인천
2005,1,인천
2005,12,전남
2005,11,전남
2005,10,전남
2005,9,전남
2005,8,전남
2005,7,전남
2005,6,전남
2005,5,전남
2005,4,전남
2005,3,전남
2005,2,전남
2005,1,전남
2005,12,전북
2005,11,전북
2005,10,전북
2005,9,전북
2005,8,전북
2005,7,전북
2005,6,전북
2005,5,전북
2005,4,전북
2005,3,전북
2005,2,전북
2005,1,전북
2005,12,제주
2005,11,제주
2005,10,제주
2005,9,제주
2005,8,제주
2005,7,제주
2005,6,제주
2005,5,제주
2005,4,제주
2005,3,제주
2005,2,제주
2005,1,제주
2005,12,충남
2005,11,충남
2005,10,충남
2005,9,충남
2005,8,충남
2005,7,충남
2005,6,충남
2005,5,충남
2005,4,충남
2005,3,충남
2005,2,충남
2005,1,충남
2005,12,충북
2005,11,충북
2005,10,충북
2005,9,충북
2005,8,충북
2005,7,충북
2005,6,충북
2005,5,충북
2005,4,충북
2005,3,충북
2005,2,충북
2005,1,충북
2004,12,강원
2004,11,강원
2004,10,강원
2004,9,강원
2004,8,강원
2004,7,강원
2004,6,강원
2004,5,강원
2004,4,강원
2004,3,강원
2004,2,강원
2004,1,강원
2004,12,경기
2004,11,경기
2004,10,경기
2004,9,경기
2004,8,경기
2004,7,경기
2004,6,경기
2004,5,경기
2004,4,경기
2004,3,경기
2004,2,경기
2004,1,경기
2004,12,경남
2004,11,경남
2004,10,경남
2004,9,경남
2004,8,경남
2004,7,경남
2004,6,경남
2004,5,경남
2004,4,경남
2004,3,경남
2004,2,경남
2004,1,경남
2004,12,경북
2004,11,경북
2004,10,경북
2004,9,경북
2004,8,경북
2004,7,경북
2004,6,경북
2004,5,경북
2004,4,경북
2004,3,경북
2004,2,경북
2004,1,경북
2004,12,광주
2004,11,광주
2004,10,광주
2004,9,광주
2004,8,광주
2004,7,광주
2004,6,광주
2004,5,광주
2004,4,광주
2004,3,광주
2004,2,광주
2004,1,광주
2004,12,대구
2004,11,대구
2004,10,대구
2004,9,대구
2004,8,대구
2004,7,대구
2004,6,대구
2004,5,대구
2004,4,대구
2004,3,대구
2004,2,대구
2004,1,대구
2004,12,대전
2004,11,대전
2004,10,대전
2004,9,대전
2004,8,대전
2004,7,대전
2004,6,대전
2004,5,대전
2004,4,대전
2004,3,대전
2004,2,대전
2004,1,대전
2004,12,부산
2004,11,부산
2004,10,부산
2004,9,부산
2004,8,부산
2004,7,부산
2004,6,부산
2004,5,부산
2004,4,부산
2004,3,부산
2004,2,부산
2004,1,부산
2004,12,서울
2004,11,서울
2004,10,서울
2004,9,서울
2004,8,서울
2004,7,서울
2004,6,서울
2004,5,서울
2004,4,서울
2004,3,서울
2004,2,서울
2004,1,서울
2004,12,울산
2004,11,울산
2004,10,울산
2004,9,울산
2004,8,울산
2004,7,울산
2004,6,울산
2004,5,울산
2004,4,울산
2004,3,울산
2004,2,울산
2004,1,울산
2004,12,인천
2004,11,인천
2004,10,인천
2004,9,인천
2004,8,인천
2004,7,인천
2004,6,인천
2004,5,인천
2004,4,인천
2004,3,인천
2004,2,인천
2004,1,인천
2004,12,전남
2004,11,전남
2004,10,전남
2004,9,전남
2004,8,전남
2004,7,전남
2004,6,전남
2004,5,전남
2004,4,전남
2004,3,전남
2004,2,전남
2004,1,전남
2004,12,전북
2004,11,전북
2004,10,전북
2004,9,전북
2004,8,전북
2004,7,전북
2004,6,전북
2004,5,전북
2004,4,전북
2004,3,전북
2004,2,전북
2004,1,전북
2004,12,제주
2004,11,제주
2004,10,제주
2004,9,제주
2004,8,제주
2004,7,제주
2004,6,제주
2004,5,제주
2004,4,제주
2004,3,제주
2004,2,제주
2004,1,제주
2004,12,충남
2004,11,충남
2004,10,충남
2004,9,충남
2004,8,충남
2004,7,충남
2004,6,충남
2004,5,충남
2004,4,충남
2004,3,충남
2004,2,충남
2004,1,충남
2004,12,충북
2004,11,충북
2004,10,충북
2004,9,충북
2004,8,충북
2004,7,충북
2004,6,충북
2004,5,충북
2004,4,충북
2004,3,충북
2004,2,충북
2004,1,충북
2003,12,강원
2003,11,강원
2003,10,강원
2003,9,강원
2003,8,강원
2003,7,강원
2003,6,강원
2003,5,강원
2003,4,강원
2003,3,강원
2003,2,강원
2003,1,강원
2003,12,경기
2003,11,경기
2003,10,경기
2003,9,경기
2003,8,경기
2003,7,경기
2003,6,경기
2003,5,경기
2003,4,경기
2003,3,경기
2003,2,경기
2003,1,경기
2003,12,경남
2003,11,경남
2003,10,경남
2003,9,경남
2003,8,경남
2003,7,경남
2003,6,경남
2003,5,경남
2003,4,경남
2003,3,경남
2003,2,경남
2003,1,경남
2003,12,경북
2003,11,경북
2003,10,경북
2003,9,경북
2003,8,경북
2003,7,경북
2003,6,경북
2003,5,경북
2003,4,경북
2003,3,경북
2003,2,경북
2003,1,경북
2003,12,광주
2003,11,광주
2003,10,광주
2003,9,광주
2003,8,광주
2003,7,광주
2003,6,광주
2003,5,광주
2003,4,광주
2003,3,광주
2003,2,광주
2003,1,광주
2003,12,대구
2003,11,대구
2003,10,대구
2003,9,대구
2003,8,대구
2003,7,대구
2003,6,대구
2003,5,대구
2003,4,대구
2003,3,대구
2003,2,대구
2003,1,대구
2003,12,대전
2003,11,대전
2003,10,대전
2003,9,대전
2003,8,대전
2003,7,대전
2003,6,대전
2003,5,대전
2003,4,대전
2003,3,대전
2003,2,대전
2003,1,대전
2003,12,부산
2003,11,부산
2003,10,부산
2003,9,부산
2003,8,부산
2003,7,부산
2003,6,부산
2003,5,부산
2003,4,부산
2003,3,부산
2003,2,부산
2003,1,부산
2003,12,서울
2003,11,서울
2003,10,서울
2003,9,서울
2003,8,서울
2003,7,서울
2003,6,서울
2003,5,서울
2003,4,서울
2003,3,서울
2003,2,서울
2003,1,서울
2003,12,울산
2003,11,울산
2003,10,울산
2003,9,울산
2003,8,울산
2003,7,울산
2003,6,울산
2003,5,울산
2003,4,울산
2003,3,울산
2003,2,울산
2003,1,울산
2003,12,인천
2003,11,인천
2003,10,인천
2003,9,인천
2003,8,인천
2003,7,인천
2003,6,인천
2003,5,인천
2003,4,인천
2003,3,인천
2003,2,인천
2003,1,인천
2003,12,전남
2003,11,전남
2003,10,전남
2003,9,전남
2003,8,전남
2003,7,전남
2003,6,전남
2003,5,전남
2003,4,전남
2003,3,전남
2003,2,전남
2003,1,전남
2003,12,전북
2003,11,전북
2003,10,전북
2003,9,전북
2003,8,전북
2003,7,전북
2003,6,전북
2003,5,전북
2003,4,전북
2003,3,전북
2003,2,전북
2003,1,전북
2003,12,제주
2003,11,제주
2003,10,제주
2003,9,제주
2003,8,제주
2003,7,제주
2003,6,제주
2003,5,제주
2003,4,제주
2003,3,제주
2003,2,제주
2003,1,제주
2003,12,충남
2003,11,충남
2003,10,충남
2003,9,충남
2003,8,충남
2003,7,충남
2003,6,충남
2003,5,충남
2003,4,충남
2003,3,충남
2003,2,충남
2003,1,충남
2003,12,충북
2003,11,충북
2003,10,충북
2003,9,충북
2003,8,충북
2003,7,충북
2003,6,충북
2003,5,충북
2003,4,충북
2003,3,충북
2003,2,충북
2003,1,충북
2002,12,강원
2002,11,강원
2002,10,강원
2002,9,강원
2002,8,강원
2002,7,강원
2002,6,강원
2002,5,강원
2002,4,강원
2002,3,강원
2002,2,강원
2002,1,강원
2002,12,경기
2002,11,경기
2002,10,경기
2002,9,경기
2002,8,경기
2002,7,경기
2002,6,경기
2002,5,경기
2002,4,경기
2002,3,경기
2002,2,경기
2002,1,경기
2002,12,경남
2002,11,경남
2002,10,경남
2002,9,경남
2002,8,경남
2002,7,경남
2002,6,경남
2002,5,경남
2002,4,경남
2002,3,경남
2002,2,경남
2002,1,경남
2002,12,경북
2002,11,경북
2002,10,경북
2002,9,경북
2002,8,경북
2002,7,경북
2002,6,경북
2002,5,경북
2002,4,경북
2002,3,경북
2002,2,경북
2002,1,경북
2002,12,광주
2002,11,광주
2002,10,광주
2002,9,광주
2002,8,광주
2002,7,광주
2002,6,광주
2002,5,광주
2002,4,광주
2002,3,광주
2002,2,광주
2002,1,광주
2002,12,대구
2002,11,대구
2002,10,대구
2002,9,대구
2002,8,대구
2002,7,대구
2002,6,대구
2002,5,대구
2002,4,대구
2002,3,대구
2002,2,대구
2002,1,대구
2002,12,대전
2002,11,대전
2002,10,대전
2002,9,대전
2002,8,대전
2002,7,대전
2002,6,대전
2002,5,대전
2002,4,대전
2002,3,대전
2002,2,대전
2002,1,대전
2002,12,부산
2002,11,부산
2002,10,부산
2002,9,부산
2002,8,부산
2002,7,부산
2002,6,부산
2002,5,부산
2002,4,부산
2002,3,부산
2002,2,부산
2002,1,부산
2002,12,서울
2002,11,서울
2002,10,서울
2002,9,서울
2002,8,서울
2002,7,서울
2002,6,서울
2002,5,서울
2002,4,서울
2002,3,서울
2002,2,서울
2002,1,서울
2002,12,울산
2002,11,울산
2002,10,울산
2002,9,울산
2002,8,울산
2002,7,울산
2002,6,울산
2002,5,울산
2002,4,울산
2002,3,울산
2002,2,울산
2002,1,울산
2002,12,인천
2002,11,인천
2002,10,인천
2002,9,인천
2002,8,인천
2002,7,인천
2002,6,인천
2002,5,인천
2002,4,인천
2002,3,인천
2002,2,인천
2002,1,인천
2002,12,전남
2002,11,전남
2002,10,전남
2002,9,전남
2002,8,전남
2002,7,전남
2002,6,전남
2002,5,전남
2002,4,전남
2002,3,전남
2002,2,전남
2002,1,전남
2002,12,전북
2002,11,전북
2002,10,전북
2002,9,전북
2002,8,전북
2002,7,전북
2002,6,전북
2002,5,전북
2002,4,전북
2002,3,전북
2002,2,전북
2002,1,전북
2002,12,제주
2002,11,제주
2002,10,제주
2002,9,제주
2002,8,제주
2002,7,제주
2002,6,제주
2002,5,제주
2002,4,제주
2002,3,제주
2002,2,제주
2002,1,제주
2002,12,충남
2002,11,충남
2002,10,충남
2002,9,충남
2002,8,충남
2002,7,충남
2002,6,충남
2002,5,충남
2002,4,충남
2002,3,충남
2002,2,충남
2002,1,충남
2002,12,충북
2002,11,충북
2002,10,충북
2002,9,충북
2002,8,충북
2002,7,충북
2002,6,충북
2002,5,충북
2002,4,충북
2002,3,충북
2002,2,충북
2002,1,충북
