OCCRNC_YEAR,OCCRNC_MM,PATNT_CNT,OCCRNC_CNT,OCCRNC_VIRS
2024,08,32,1,기타바이러스
2024,08,14,2,노로바이러스
2024,08,5,1,바실러스세레우스
2024,08,296,10,병원성대장균
2024,08,210,21,불명
2024,08,151,8,살모넬라
2024,08,23,2,장염비브리오
2024,08,62,1,황색포도상구균
2024,07,7,2,기타바이러스
2024,07,191,8,노로바이러스
2024,07,163,7,병원성대장균
2024,07,1307,26,불명
2024,07,152,6,살모넬라
2024,07,109,3,캠필로박터제주니
2024,07,2,1,클로스트리디움퍼프린젠스
2024,07,35,3,황색포도상구균
2024,06,93,5,노로바이러스
2024,06,126,7,병원성대장균
2024,06,126,10,불명
2024,06,43,5,살모넬라
2024,06,58,2,캠필로박터제주니
2024,06,9,2,클로스트리디움퍼프린젠스
2024,05,60,5,기타바이러스
2024,05,301,14,노로바이러스
2024,05,49,4,병원성대장균
2024,05,84,15,불명
2024,05,184,8,살모넬라
2024,05,4,1,원충
2024,05,156,2,클로스트리디움퍼프린젠스
2024,05,73,2,황색포도상구균
2024,04,70,3,기타바이러스
2024,04,527,25,노로바이러스
2024,04,15,1,바실러스세레우스
2024,04,91,2,병원성대장균
2024,04,93,7,불명
2024,04,144,6,살모넬라
2024,04,18,1,원충
2024,04,86,4,클로스트리디움퍼프린젠스
2024,04,63,2,황색포도상구균
2024,03,6,1,기타바이러스
2024,03,664,36,노로바이러스
2024,03,29,6,불명
2024,03,90,3,살모넬라
2024,03,69,3,클로스트리디움퍼프린젠스
2024,03,100,1,황색포도상구균
2024,02,3,1,기타바이러스
2024,02,15,1,기타세균
2024,02,258,23,노로바이러스
2024,02,2,1,살모넬라
2024,02,14,1,클로스트리디움퍼프린젠스
2024,01,433,41,노로바이러스
2024,01,25,1,바실러스세레우스
2024,01,2,1,병원성대장균
2024,01,26,7,불명
2024,01,62,1,살모넬라
2024,01,113,1,클로스트리디움퍼프린젠스
2023,12,152,10,노로바이러스
2023,12,18,1,바실러스세레우스
2023,12,3,1,병원성대장균
2023,12,127,5,불명
2023,12,15,2,살모넬라
2023,11,18,1,기타바이러스
2023,11,63,2,노로바이러스
2023,11,23,1,병원성대장균
2023,11,58,8,불명
2023,11,204,4,살모넬라
2023,11,26,1,캠필로박터제주니
2023,11,49,1,클로스트리디움퍼프린젠스
2023,11,6,1,황색포도상구균
2023,10,29,2,병원성대장균
2023,10,64,12,불명
2023,10,241,5,살모넬라
2023,10,4,1,원충
2023,10,18,1,캠필로박터제주니
2023,10,362,7,클로스트리디움퍼프린젠스
2023,10,17,1,황색포도상구균
2023,09,9,1,바실러스세레우스
2023,09,738,14,병원성대장균
2023,09,56,11,불명
2023,09,623,6,살모넬라
2023,09,19,3,원충
2023,09,4,1,장염비브리오
2023,09,79,3,캠필로박터제주니
2023,09,49,2,클로스트리디움퍼프린젠스
2023,09,13,2,황색포도상구균
2023,08,3,1,바실러스세레우스
2023,08,473,9,병원성대장균
2023,08,54,12,불명
2023,08,409,10,살모넬라
2023,08,4,2,원충
2023,08,22,2,클로스트리디움퍼프린젠스
2023,08,12,1,황색포도상구균
2023,07,6,1,기타세균
2023,07,10,1,노로바이러스
2023,07,11,2,바실러스세레우스
2023,07,868,13,병원성대장균
2023,07,56,10,불명
2023,07,477,8,살모넬라
2023,07,76,2,장염비브리오
2023,07,59,4,캠필로박터제주니
2023,06,4,1,노로바이러스
2023,06,78,3,병원성대장균
2023,06,101,14,불명
2023,06,132,7,살모넬라
2023,06,9,2,원충
2023,06,62,2,클로스트리디움퍼프린젠스
2023,06,17,1,황색포도상구균
2023,05,10,1,기타바이러스
2023,05,5,1,노로바이러스
2023,05,6,1,병원성대장균
2023,05,89,13,불명
2023,05,448,6,살모넬라
2023,05,130,4,캠필로박터제주니
2023,05,66,2,클로스트리디움퍼프린젠스
2023,04,198,6,노로바이러스
2023,04,18,1,바실러스세레우스
2023,04,160,14,불명
2023,04,8,2,원충
2023,04,102,3,클로스트리디움퍼프린젠스
2023,04,312,2,황색포도상구균
2023,03,10,1,기타바이러스
2023,03,10,1,기타세균
2023,03,107,12,노로바이러스
2023,03,78,1,바실러스세레우스
2023,03,69,2,병원성대장균
2023,03,75,7,불명
2023,03,35,4,자연독
2023,03,130,2,클로스트리디움퍼프린젠스
2023,02,130,12,노로바이러스
2023,02,64,8,불명
2023,02,4,1,원충
2023,02,30,2,캠필로박터제주니
2023,02,38,1,클로스트리디움퍼프린젠스
2023,01,291,17,노로바이러스
2023,01,7,2,바실러스세레우스
2023,01,28,10,불명
2023,01,75,1,캠필로박터제주니
2023,01,26,1,클로스트리디움퍼프린젠스
2022,12,3,1,기타세균
2022,12,235,13,노로바이러스
2022,12,37,2,바실러스세레우스
2022,12,32,1,병원성대장균
2022,12,132,13,불명
2022,12,3,1,살모넬라
2022,11,37,3,노로바이러스
2022,11,51,2,병원성대장균
2022,11,118,17,불명
2022,11,73,1,살모넬라
2022,11,12,1,캠필로박터제주니
2022,11,21,2,황색포도상구균
2022,10,19,1,노로바이러스
2022,10,98,4,병원성대장균
2022,10,135,12,불명
2022,10,7,1,원충
2022,10,4,1,자연독
2022,10,171,2,클로스트리디움퍼프린젠스
2022,10,2,1,황색포도상구균
2022,09,2,1,노로바이러스
2022,09,13,2,바실러스세레우스
2022,09,153,4,병원성대장균
2022,09,44,9,불명
2022,09,277,7,살모넬라
2022,09,2,1,원충
2022,09,41,3,캠필로박터제주니
2022,09,46,2,클로스트리디움퍼프린젠스
2022,08,23,2,바실러스세레우스
2022,08,169,4,병원성대장균
2022,08,68,17,불명
2022,08,210,5,살모넬라
2022,08,2,1,원충
2022,08,66,2,황색포도상구균
2022,07,13,1,기타바이러스
2022,07,8,2,기타세균
2022,07,59,6,노로바이러스
2022,07,4,2,바실러스세레우스
2022,07,111,5,병원성대장균
2022,07,79,22,불명
2022,07,234,11,살모넬라
2022,07,2,1,원충
2022,07,114,5,캠필로박터제주니
2022,07,28,2,황색포도상구균
2022,06,7,2,기타세균
2022,06,93,5,노로바이러스
2022,06,30,3,바실러스세레우스
2022,06,194,5,병원성대장균
2022,06,154,17,불명
2022,06,103,5,살모넬라
2022,06,59,3,캠필로박터제주니
2022,06,399,1,클로스트리디움퍼프린젠스
2022,06,4,1,황색포도상구균
2022,05,2,1,기타바이러스
2022,05,4,1,기타세균
2022,05,44,4,노로바이러스
2022,05,44,2,병원성대장균
2022,05,33,8,불명
2022,05,288,9,살모넬라
2022,05,5,1,원충
2022,05,41,1,캠필로박터제주니
2022,05,162,2,클로스트리디움퍼프린젠스
2022,05,34,1,황색포도상구균
2022,04,115,4,노로바이러스
2022,04,24,6,불명
2022,04,6,1,원충
2022,04,3,1,캠필로박터제주니
2022,03,205,4,노로바이러스
2022,03,76,4,불명
2022,03,9,2,살모넬라
2022,03,5,1,자연독
2022,03,125,1,클로스트리디움퍼프린젠스
2022,03,2,1,황색포도상구균
2022,02,40,3,노로바이러스
2022,02,8,2,불명
2022,02,35,2,살모넬라
2022,02,51,1,클로스트리디움퍼프린젠스
2022,01,2,1,기타세균
2022,01,65,5,노로바이러스
2022,01,30,2,불명
2022,01,3,1,살모넬라
2022,01,39,1,클로스트리디움퍼프린젠스
2021,12,69,2,노로바이러스
2021,12,43,1,바실러스세레우스
2021,12,2,1,병원성대장균
2021,12,69,8,불명
2021,12,25,2,캠필로박터제주니
2021,12,137,2,클로스트리디움퍼프린젠스
2021,11,15,2,노로바이러스
2021,11,35,2,바실러스세레우스
2021,11,9,1,병원성대장균
2021,11,40,6,불명
2021,11,24,1,살모넬라
2021,11,14,1,캠필로박터제주니
2021,11,5,1,클로스트리디움퍼프린젠스
2021,10,5,1,노로바이러스
2021,10,6,1,바실러스세레우스
2021,10,19,1,병원성대장균
2021,10,17,3,불명
2021,10,117,2,살모넬라
2021,10,38,1,캠필로박터제주니
2021,10,20,2,클로스트리디움퍼프린젠스
2021,09,6,2,기타바이러스
2021,09,1,1,기타세균
2021,09,29,1,노로바이러스
2021,09,19,1,바실러스세레우스
2021,09,3,1,병원성대장균
2021,09,28,7,불명
2021,09,240,8,살모넬라
2021,09,5,1,장염비브리오
2021,09,4,1,캠필로박터제주니
2021,08,4,1,기타바이러스
2021,08,12,1,노로바이러스
2021,08,4,1,바실러스세레우스
2021,08,493,18,병원성대장균
2021,08,79,11,불명
2021,08,222,10,살모넬라
2021,08,3,1,장염비브리오
2021,08,61,3,캠필로박터제주니
2021,07,17,1,기타세균
2021,07,28,3,노로바이러스
2021,07,29,3,병원성대장균
2021,07,61,5,불명
2021,07,833,4,살모넬라
2021,07,161,9,캠필로박터제주니
2021,07,162,2,클로스트리디움퍼프린젠스
2021,07,2,1,황색포도상구균
2021,06,61,6,노로바이러스
2021,06,6,1,바실러스세레우스
2021,06,102,4,병원성대장균
2021,06,16,3,불명
2021,06,118,5,살모넬라
2021,06,8,2,원충
2021,06,32,3,캠필로박터제주니
2021,05,3,1,기타바이러스
2021,05,92,4,노로바이러스
2021,05,7,2,병원성대장균
2021,05,23,5,불명
2021,05,3,1,살모넬라
2021,05,54,4,캠필로박터제주니
2021,05,12,1,클로스트리디움퍼프린젠스
2021,04,16,3,기타바이러스
2021,04,118,11,노로바이러스
2021,04,9,3,불명
2021,04,181,3,캠필로박터제주니
2021,04,89,2,클로스트리디움퍼프린젠스
2021,04,4,2,황색포도상구균
2021,03,3,1,기타바이러스
2021,03,299,10,노로바이러스
2021,03,4,1,병원성대장균
2021,03,30,5,불명
2021,03,4,1,살모넬라
2021,03,1,1,자연독
2021,03,14,1,캠필로박터제주니
2021,03,46,1,황색포도상구균
2021,02,105,9,노로바이러스
2021,02,3,1,불명
2021,02,190,1,클로스트리디움퍼프린젠스
2021,01,225,7,노로바이러스
2021,01,37,1,불명
2021,01,30,1,황색포도상구균
2020,12,17,3,노로바이러스
2020,12,17,3,불명
2020,12,44,1,클로스트리디움퍼프린젠스
2020,11,81,2,노로바이러스
2020,11,119,2,병원성대장균
2020,11,8,3,불명
2020,11,19,1,살모넬라
2020,11,15,1,캠필로박터제주니
2020,11,10,1,클로스트리디움퍼프린젠스
2020,10,2,1,노로바이러스
2020,10,6,1,바실러스세레우스
2020,10,6,1,병원성대장균
2020,10,17,3,불명
2020,10,136,4,살모넬라
2020,10,4,1,원충
2020,09,6,1,노로바이러스
2020,09,35,2,병원성대장균
2020,09,20,4,불명
2020,09,40,3,살모넬라
2020,09,4,1,원충
2020,09,6,1,장염비브리오
2020,09,15,2,캠필로박터제주니
2020,09,31,2,클로스트리디움퍼프린젠스
2020,08,14,1,바실러스세레우스
2020,08,56,3,병원성대장균
2020,08,15,4,불명
2020,08,33,4,살모넬라
2020,08,9,2,원충
2020,08,6,2,장염비브리오
2020,08,21,1,캠필로박터제주니
2020,08,6,1,클로스트리디움퍼프린젠스
2020,07,122,6,병원성대장균
2020,07,154,11,불명
2020,07,47,4,살모넬라
2020,07,7,2,원충
2020,07,358,7,캠필로박터제주니
2020,06,6,1,바실러스세레우스
2020,06,213,6,병원성대장균
2020,06,24,5,불명
2020,06,141,3,살모넬라
2020,06,3,1,원충
2020,06,62,2,캠필로박터제주니
2020,06,39,1,클로스트리디움퍼프린젠스
2020,05,3,1,병원성대장균
2020,05,10,3,불명
2020,05,6,1,원충
2020,04,6,1,기타바이러스
2020,04,15,1,노로바이러스
2020,04,68,1,병원성대장균
2020,04,13,3,불명
2020,04,4,1,원충
2020,04,6,1,캠필로박터제주니
2020,03,4,1,불명
2020,03,113,2,살모넬라
2020,02,45,4,노로바이러스
2020,02,17,3,불명
2020,02,9,1,캠필로박터제주니
2020,02,4,1,황색포도상구균
2020,01,77,17,노로바이러스
2020,01,6,1,병원성대장균
2020,01,25,5,불명
2020,01,3,1,원충
2020,01,29,2,캠필로박터제주니
2020,01,77,2,클로스트리디움퍼프린젠스
2019,12,17,1,기타세균
2019,12,106,7,노로바이러스
2019,12,25,5,불명
2019,12,8,2,원충
2019,12,95,3,클로스트리디움퍼프린젠스
2019,11,68,3,노로바이러스
2019,11,46,2,병원성대장균
2019,11,52,7,불명
2019,11,31,3,살모넬라
2019,11,24,2,원충
2019,11,15,1,클로스트리디움퍼프린젠스
2019,10,11,2,기타바이러스
2019,10,10,1,노로바이러스
2019,10,3,1,병원성대장균
2019,10,83,4,불명
2019,10,39,1,살모넬라
2019,10,43,3,원충
2019,10,7,1,자연독
2019,10,3,1,장염비브리오
2019,10,23,1,캠필로박터제주니
2019,10,5,1,황색포도상구균
2019,09,7,2,바실러스세레우스
2019,09,55,5,병원성대장균
2019,09,29,6,불명
2019,09,4,2,살모넬라
2019,09,27,5,원충
2019,09,3,1,장염비브리오
2019,09,11,1,캠필로박터제주니
2019,08,70,1,노로바이러스
2019,08,26,1,바실러스세레우스
2019,08,21,2,병원성대장균
2019,08,49,10,불명
2019,08,119,5,살모넬라
2019,08,34,4,원충
2019,08,14,2,장염비브리오
2019,07,187,2,기타바이러스
2019,07,78,4,병원성대장균
2019,07,27,6,불명
2019,07,44,3,살모넬라
2019,07,43,7,원충
2019,07,165,5,캠필로박터제주니
2019,07,6,1,클로스트리디움퍼프린젠스
2019,06,10,2,기타바이러스
2019,06,84,2,노로바이러스
2019,06,199,7,병원성대장균
2019,06,110,17,불명
2019,06,20,5,원충
2019,06,109,4,캠필로박터제주니
2019,05,15,1,기타바이러스
2019,05,141,6,노로바이러스
2019,05,14,1,바실러스세레우스
2019,05,90,2,병원성대장균
2019,05,47,13,불명
2019,05,51,2,살모넬라
2019,05,36,6,원충
2019,05,3,1,자연독
2019,05,4,1,캠필로박터제주니
2019,05,37,2,황색포도상구균
2019,04,7,1,기타바이러스
2019,04,133,7,노로바이러스
2019,04,5,2,병원성대장균
2019,04,94,15,불명
2019,04,287,2,살모넬라
2019,04,11,3,원충
2019,04,6,1,클로스트리디움퍼프린젠스
2019,03,387,9,노로바이러스
2019,03,44,5,불명
2019,03,6,2,원충
2019,03,5,1,장염비브리오
2019,03,62,2,클로스트리디움퍼프린젠스
2019,02,15,2,노로바이러스
2019,02,34,9,불명
2019,02,20,4,원충
2019,02,40,1,클로스트리디움퍼프린젠스
2019,01,90,8,노로바이러스
2019,01,28,1,바실러스세레우스
2019,01,21,5,불명
2019,01,36,5,원충
2019,01,27,1,클로스트리디움퍼프린젠스
2019,01,14,1,황색포도상구균
2018,12,59,5,노로바이러스
2018,12,6,1,바실러스세레우스
2018,12,26,3,불명
2018,12,6,1,살모넬라
2018,12,25,4,원충
2018,12,20,1,캠필로박터제주니
2018,11,41,3,노로바이러스
2018,11,5,1,바실러스세레우스
2018,11,6,1,병원성대장균
2018,11,69,13,불명
2018,11,38,4,원충
2018,11,26,1,황색포도상구균
2018,10,17,1,기타바이러스
2018,10,144,4,노로바이러스
2018,10,6,1,바실러스세레우스
2018,10,9,2,병원성대장균
2018,10,125,18,불명
2018,10,103,4,살모넬라
2018,10,71,11,원충
2018,10,12,2,장염비브리오
2018,10,121,2,클로스트리디움퍼프린젠스
2018,09,653,1,기타세균
2018,09,111,3,노로바이러스
2018,09,27,2,바실러스세레우스
2018,09,1009,16,병원성대장균
2018,09,135,22,불명
2018,09,3220,7,살모넬라
2018,09,18,3,원충
2018,09,66,2,장염비브리오
2018,08,127,1,기타세균
2018,08,6,1,노로바이러스
2018,08,4,1,바실러스세레우스
2018,08,1172,17,병원성대장균
2018,08,102,7,불명
2018,08,6,1,살모넬라
2018,08,4,1,원충
2018,08,89,5,장염비브리오
2018,08,14,1,캠필로박터제주니
2018,08,12,1,황색포도상구균
2018,07,1,1,기타세균
2018,07,84,3,노로바이러스
2018,07,5,2,바실러스세레우스
2018,07,218,5,병원성대장균
2018,07,78,12,불명
2018,07,4,1,살모넬라
2018,07,3,1,원충
2018,07,46,2,장염비브리오
2018,07,179,7,캠필로박터제주니
2018,07,12,1,클로스트리디움퍼프린젠스
2018,06,7,1,기타세균
2018,06,129,3,노로바이러스
2018,06,8,1,바실러스세레우스
2018,06,249,7,병원성대장균
2018,06,23,8,불명
2018,06,81,2,살모넬라
2018,06,9,2,원충
2018,06,212,3,캠필로박터제주니
2018,06,14,1,황색포도상구균
2018,05,162,5,노로바이러스
2018,05,93,1,바실러스세레우스
2018,05,48,2,병원성대장균
2018,05,88,13,불명
2018,05,12,3,원충
2018,05,4,1,자연독
2018,05,446,6,클로스트리디움퍼프린젠스
2018,04,111,1,기타바이러스
2018,04,45,2,노로바이러스
2018,04,52,3,바실러스세레우스
2018,04,4,1,병원성대장균
2018,04,162,13,불명
2018,04,32,1,살모넬라
2018,04,16,2,원충
2018,04,7,1,캠필로박터제주니
2018,04,15,1,클로스트리디움퍼프린젠스
2018,03,13,1,기타세균
2018,03,318,14,노로바이러스
2018,03,34,1,바실러스세레우스
2018,03,265,12,불명
2018,03,64,2,살모넬라
2018,03,16,2,원충
2018,03,21,1,캠필로박터제주니
2018,03,85,4,클로스트리디움퍼프린젠스
2018,02,159,7,노로바이러스
2018,02,2,1,바실러스세레우스
2018,02,27,6,불명
2018,02,6,1,원충
2018,01,61,7,노로바이러스
2018,01,53,7,불명
2018,01,11,3,원충
2017,12,4,1,기타바이러스
2017,12,86,7,노로바이러스
2017,12,20,5,불명
2017,12,13,3,원충
2017,11,26,1,기타세균
2017,11,15,2,노로바이러스
2017,11,36,2,바실러스세레우스
2017,11,60,9,불명
2017,11,31,1,살모넬라
2017,11,11,2,원충
2017,10,22,1,노로바이러스
2017,10,89,3,병원성대장균
2017,10,65,7,불명
2017,10,146,3,살모넬라
2017,10,10,2,원충
2017,09,89,1,노로바이러스
2017,09,4,1,바실러스세레우스
2017,09,284,7,병원성대장균
2017,09,38,13,불명
2017,09,129,3,살모넬라
2017,09,17,3,원충
2017,09,21,2,자연독
2017,09,163,1,장염비브리오
2017,08,178,5,노로바이러스
2017,08,4,1,바실러스세레우스
2017,08,1033,14,병원성대장균
2017,08,70,13,불명
2017,08,110,4,살모넬라
2017,08,13,4,원충
2017,08,134,4,장염비브리오
2017,08,13,1,클로스트리디움퍼프린젠스
2017,07,2,1,바실러스세레우스
2017,07,74,5,병원성대장균
2017,07,99,21,불명
2017,07,83,4,살모넬라
2017,07,27,7,원충
2017,07,53,3,장염비브리오
2017,07,77,3,캠필로박터제주니
2017,07,14,2,클로스트리디움퍼프린젠스
2017,06,41,4,노로바이러스
2017,06,17,2,바실러스세레우스
2017,06,719,10,병원성대장균
2017,06,103,23,불명
2017,06,23,2,살모넬라
2017,06,13,3,원충
2017,05,188,8,노로바이러스
2017,05,6,2,바실러스세레우스
2017,05,129,3,병원성대장균
2017,05,84,18,불명
2017,05,140,3,살모넬라
2017,05,13,3,원충
2017,05,18,1,캠필로박터제주니
2017,05,27,2,클로스트리디움퍼프린젠스
2017,04,217,6,노로바이러스
2017,04,46,3,병원성대장균
2017,04,111,11,불명
2017,04,31,5,원충
2017,04,4,1,장염비브리오
2017,03,48,1,기타바이러스
2017,03,48,1,노로바이러스
2017,03,3,1,병원성대장균
2017,03,24,7,불명
2017,03,15,4,원충
2017,03,3,1,캠필로박터제주니
2017,03,5,1,클로스트리디움퍼프린젠스
2017,02,9,3,노로바이러스
2017,02,4,1,바실러스세레우스
2017,02,58,11,불명
2017,02,5,1,원충
2017,02,3,1,캠필로박터제주니
2017,02,10,1,클로스트리디움퍼프린젠스
2017,01,75,8,노로바이러스
2017,01,6,1,병원성대장균
2017,01,31,9,불명
2017,01,9,2,원충
2016,12,283,11,노로바이러스
2016,12,96,17,불명
2016,12,14,3,원충
2016,12,4,1,황색포도상구균
2016,11,312,15,노로바이러스
2016,11,5,1,바실러스세레우스
2016,11,66,4,병원성대장균
2016,11,49,13,불명
2016,11,14,4,원충
2016,10,69,3,노로바이러스
2016,10,5,1,바실러스세레우스
2016,10,77,7,병원성대장균
2016,10,129,19,불명
2016,10,76,5,살모넬라
2016,10,26,3,원충
2016,10,25,2,장염비브리오
2016,10,324,1,클로스트리디움퍼프린젠스
2016,09,20,2,노로바이러스
2016,09,209,7,병원성대장균
2016,09,79,14,불명
2016,09,55,6,살모넬라
2016,09,4,1,원충
2016,09,6,1,자연독
2016,09,52,8,장염비브리오
2016,08,50,3,노로바이러스
2016,08,1979,18,병원성대장균
2016,08,251,24,불명
2016,08,35,2,살모넬라
2016,08,25,7,원충
2016,08,48,8,장염비브리오
2016,07,16,1,바실러스세레우스
2016,07,35,3,병원성대장균
2016,07,56,12,불명
2016,07,3,1,살모넬라
2016,07,5,1,원충
2016,07,165,4,캠필로박터제주니
2016,06,6,1,노로바이러스
2016,06,267,11,병원성대장균
2016,06,91,14,불명
2016,06,112,2,살모넬라
2016,06,14,4,원충
2016,06,9,1,장염비브리오
2016,06,262,3,캠필로박터제주니
2016,05,19,2,노로바이러스
2016,05,11,3,병원성대장균
2016,05,119,18,불명
2016,05,29,2,살모넬라
2016,05,66,8,원충
2016,05,117,3,장염비브리오
2016,05,300,6,캠필로박터제주니
2016,05,12,1,클로스트리디움퍼프린젠스
2016,04,187,5,노로바이러스
2016,04,75,2,병원성대장균
2016,04,79,19,불명
2016,04,44,3,살모넬라
2016,04,10,3,원충
2016,04,104,2,캠필로박터제주니
2016,04,55,5,클로스트리디움퍼프린젠스
2016,03,178,7,노로바이러스
2016,03,35,2,병원성대장균
2016,03,69,11,불명
2016,03,18,4,원충
2016,03,58,1,클로스트리디움퍼프린젠스
2016,02,15,3,노로바이러스
2016,02,20,5,불명
2016,02,16,1,원충
2016,01,48,3,노로바이러스
2016,01,50,11,불명
2015,12,183,8,노로바이러스
2015,12,57,10,불명
2015,12,35,1,캠필로박터제주니
2015,11,34,4,노로바이러스
2015,11,50,1,병원성대장균
2015,11,70,11,불명
2015,11,2,1,살모넬라
2015,11,13,2,원충
2015,11,9,2,장염비브리오
2015,11,43,3,황색포도상구균
2015,10,3,1,기타바이러스
2015,10,15,4,노로바이러스
2015,10,70,4,병원성대장균
2015,10,114,20,불명
2015,10,17,3,원충
2015,10,74,1,캠필로박터제주니
2015,10,6,1,클로스트리디움퍼프린젠스
2015,09,2,1,바실러스세레우스
2015,09,226,4,병원성대장균
2015,09,77,19,불명
2015,09,51,1,살모넬라
2015,09,15,2,원충
2015,09,29,1,캠필로박터제주니
2015,08,54,2,노로바이러스
2015,08,1234,8,병원성대장균
2015,08,323,12,불명
2015,08,21,3,살모넬라
2015,08,12,1,원충
2015,08,3,1,장염비브리오
2015,08,78,3,캠필로박터제주니
2015,08,4,1,황색포도상구균
2015,07,8,2,바실러스세레우스
2015,07,58,8,병원성대장균
2015,07,34,10,불명
2015,07,40,3,살모넬라
2015,07,2,1,장염비브리오
2015,07,364,9,캠필로박터제주니
2015,07,21,1,황색포도상구균
2015,06,35,2,노로바이러스
2015,06,2,1,바실러스세레우스
2015,06,384,7,병원성대장균
2015,06,107,11,불명
2015,06,36,2,살모넬라
2015,06,59,4,캠필로박터제주니
2015,06,129,4,클로스트리디움퍼프린젠스
2015,05,93,4,노로바이러스
2015,05,5,1,바실러스세레우스
2015,05,52,3,병원성대장균
2015,05,40,8,불명
2015,05,52,3,살모넬라
2015,05,34,4,원충
2015,05,11,1,장염비브리오
2015,05,71,1,캠필로박터제주니
2015,05,119,1,클로스트리디움퍼프린젠스
2015,05,16,1,황색포도상구균
2015,04,6,1,기타바이러스
2015,04,55,2,노로바이러스
2015,04,5,1,바실러스세레우스
2015,04,3,1,병원성대장균
2015,04,93,15,불명
2015,04,3,1,원충
2015,04,95,2,캠필로박터제주니
2015,04,76,5,클로스트리디움퍼프린젠스
2015,04,66,2,황색포도상구균
2015,03,230,7,노로바이러스
2015,03,97,12,불명
2015,03,51,2,클로스트리디움퍼프린젠스
2015,03,34,2,황색포도상구균
2015,02,102,5,노로바이러스
2015,02,21,5,불명
2015,02,13,1,원충
2015,02,6,1,클로스트리디움퍼프린젠스
2015,02,7,1,황색포도상구균
2015,01,195,20,노로바이러스
2015,01,61,3,병원성대장균
2015,01,52,11,불명
2015,01,7,1,원충
2015,01,7,1,클로스트리디움퍼프린젠스
2014,12,356,25,노로바이러스
2014,12,105,17,불명
2014,12,3,1,살모넬라
2014,12,6,1,캠필로박터제주니
2014,12,37,2,클로스트리디움퍼프린젠스
2014,12,113,4,황색포도상구균
2014,11,181,6,노로바이러스
2014,11,4,1,병원성대장균
2014,11,90,19,불명
2014,11,17,1,살모넬라
2014,11,44,3,클로스트리디움퍼프린젠스
2014,11,6,2,황색포도상구균
2014,10,10,3,바실러스세레우스
2014,10,105,2,병원성대장균
2014,10,74,13,불명
2014,10,13,1,살모넬라
2014,10,9,1,캠필로박터제주니
2014,10,31,2,클로스트리디움퍼프린젠스
2014,10,15,2,황색포도상구균
2014,09,3,1,기타바이러스
2014,09,8,2,바실러스세레우스
2014,09,74,4,병원성대장균
2014,09,49,11,불명
2014,09,87,4,살모넬라
2014,09,3,1,장염비브리오
2014,09,3,1,캠필로박터제주니
2014,09,4,1,클로스트리디움퍼프린젠스
2014,09,30,2,황색포도상구균
2014,08,3,1,노로바이러스
2014,08,8,2,바실러스세레우스
2014,08,96,6,병원성대장균
2014,08,106,21,불명
2014,08,918,5,살모넬라
2014,08,5,1,자연독
2014,08,71,4,장염비브리오
2014,08,153,2,캠필로박터제주니
2014,08,69,1,클로스트리디움퍼프린젠스
2014,07,4,1,바실러스세레우스
2014,07,124,6,병원성대장균
2014,07,71,14,불명
2014,07,99,1,살모넬라
2014,07,4,2,장염비브리오
2014,07,182,9,캠필로박터제주니
2014,06,198,5,병원성대장균
2014,06,200,23,불명
2014,06,31,2,살모넬라
2014,06,137,4,캠필로박터제주니
2014,06,384,1,클로스트리디움퍼프린젠스
2014,06,5,1,황색포도상구균
2014,05,66,2,노로바이러스
2014,05,9,2,바실러스세레우스
2014,05,1177,13,병원성대장균
2014,05,114,12,불명
2014,05,29,1,살모넬라
2014,05,135,3,클로스트리디움퍼프린젠스
2014,05,18,2,황색포도상구균
2014,04,80,1,기타바이러스
2014,04,48,3,노로바이러스
2014,04,10,1,바실러스세레우스
2014,04,26,6,불명
2014,04,105,4,살모넬라
2014,04,97,6,클로스트리디움퍼프린젠스
2014,04,5,1,황색포도상구균
2014,03,9,1,기타바이러스
2014,03,52,3,노로바이러스
2014,03,31,8,불명
2014,03,114,4,살모넬라
2014,03,854,7,클로스트리디움퍼프린젠스
2014,03,3,1,황색포도상구균
2014,02,10,1,기타바이러스
2014,02,12,4,노로바이러스
2014,02,6,1,병원성대장균
2014,02,33,7,불명
2014,02,19,1,클로스트리디움퍼프린젠스
2014,01,21,2,노로바이러스
2014,01,20,6,불명
2014,01,15,1,클로스트리디움퍼프린젠스
2013,12,184,5,노로바이러스
2013,12,2,1,바실러스세레우스
2013,12,97,15,불명
2013,12,3,1,살모넬라
2013,12,40,4,클로스트리디움퍼프린젠스
2013,12,45,1,황색포도상구균
2013,11,99,4,노로바이러스
2013,11,6,1,바실러스세레우스
2013,11,38,4,병원성대장균
2013,11,20,6,불명
2013,11,141,2,살모넬라
2013,11,97,2,캠필로박터제주니
2013,11,91,2,클로스트리디움퍼프린젠스
2013,10,22,2,노로바이러스
2013,10,2,1,병원성대장균
2013,10,20,6,불명
2013,10,25,2,살모넬라
2013,10,48,1,캠필로박터제주니
2013,10,20,2,클로스트리디움퍼프린젠스
2013,10,4,1,황색포도상구균
2013,09,347,8,병원성대장균
2013,09,22,7,불명
2013,09,24,1,살모넬라
2013,09,57,2,캠필로박터제주니
2013,08,56,1,바실러스세레우스
2013,08,39,1,병원성대장균
2013,08,42,5,불명
2013,08,228,3,살모넬라
2013,08,40,5,장염비브리오
2013,07,12,1,노로바이러스
2013,07,19,1,바실러스세레우스
2013,07,411,9,병원성대장균
2013,07,87,11,불명
2013,07,27,1,살모넬라
2013,07,47,1,클로스트리디움퍼프린젠스
2013,07,8,2,황색포도상구균
2013,06,66,1,노로바이러스
2013,06,25,3,바실러스세레우스
2013,06,206,7,병원성대장균
2013,06,40,4,불명
2013,06,242,3,살모넬라
2013,06,98,6,클로스트리디움퍼프린젠스
2013,05,17,2,노로바이러스
2013,05,46,1,병원성대장균
2013,05,78,8,불명
2013,05,29,1,캠필로박터제주니
2013,05,76,7,클로스트리디움퍼프린젠스
2013,05,6,1,황색포도상구균
2013,04,2,1,기타바이러스
2013,04,781,8,노로바이러스
2013,04,55,9,불명
2013,04,58,6,클로스트리디움퍼프린젠스
2013,03,180,5,노로바이러스
2013,03,4,1,바실러스세레우스
2013,03,81,9,불명
2013,03,16,1,자연독
2013,03,46,3,클로스트리디움퍼프린젠스
2013,02,9,1,노로바이러스
2013,02,5,2,불명
2013,02,36,1,클로스트리디움퍼프린젠스
2013,01,236,14,노로바이러스
2013,01,46,7,불명
2013,01,4,1,클로스트리디움퍼프린젠스
2012,12,184,10,노로바이러스
2012,12,172,12,불명
2012,12,15,1,장염비브리오
2012,12,266,1,캠필로박터제주니
2012,12,33,1,클로스트리디움퍼프린젠스
2012,12,8,1,황색포도상구균
2012,11,278,8,노로바이러스
2012,11,6,1,바실러스세레우스
2012,11,42,7,불명
2012,11,20,1,클로스트리디움퍼프린젠스
2012,10,5,1,노로바이러스
2012,10,10,1,바실러스세레우스
2012,10,137,20,불명
2012,10,33,1,살모넬라
2012,10,4,1,황색포도상구균
2012,09,1236,16,병원성대장균
2012,09,78,15,불명
2012,09,4,1,자연독
2012,09,54,3,장염비브리오
2012,09,14,1,캠필로박터제주니
2012,09,9,1,클로스트리디움퍼프린젠스
2012,09,8,1,황색포도상구균
2012,08,47,2,바실러스세레우스
2012,08,357,6,병원성대장균
2012,08,75,12,불명
2012,08,11,3,살모넬라
2012,08,71,4,장염비브리오
2012,08,29,1,캠필로박터제주니
2012,07,3,1,병원성대장균
2012,07,133,15,불명
2012,07,40,2,장염비브리오
2012,07,124,2,캠필로박터제주니
2012,06,22,1,기타바이러스
2012,06,66,3,병원성대장균
2012,06,144,15,불명
2012,06,43,3,살모넬라
2012,06,5,1,자연독
2012,06,204,2,캠필로박터제주니
2012,06,19,2,클로스트리디움퍼프린젠스
2012,05,313,7,노로바이러스
2012,05,156,4,병원성대장균
2012,05,78,11,불명
2012,05,12,1,살모넬라
2012,05,106,3,클로스트리디움퍼프린젠스
2012,05,15,2,황색포도상구균
2012,04,166,5,노로바이러스
2012,04,39,1,바실러스세레우스
2012,04,53,7,불명
2012,04,48,1,살모넬라
2012,04,2,1,캠필로박터제주니
2012,04,79,2,클로스트리디움퍼프린젠스
2012,03,221,5,노로바이러스
2012,03,57,4,불명
2012,03,15,1,장염비브리오
2012,03,3,1,클로스트리디움퍼프린젠스
2012,02,264,11,노로바이러스
2012,02,9,1,바실러스세레우스
2012,02,106,8,불명
2012,02,13,1,클로스트리디움퍼프린젠스
2012,01,234,3,노로바이러스
2012,01,26,1,병원성대장균
2012,01,15,3,불명
2012,01,4,1,자연독
2012,01,15,1,클로스트리디움퍼프린젠스
2011,12,5,1,기타바이러스
2011,12,117,4,노로바이러스
2011,12,10,1,병원성대장균
2011,12,45,6,불명
2011,11,61,2,노로바이러스
2011,11,9,1,병원성대장균
2011,11,51,10,불명
2011,11,126,1,살모넬라
2011,11,14,1,캠필로박터제주니
2011,11,6,1,클로스트리디움퍼프린젠스
2011,10,53,1,노로바이러스
2011,10,33,2,병원성대장균
2011,10,69,5,불명
2011,10,39,1,살모넬라
2011,09,354,5,병원성대장균
2011,09,217,9,불명
2011,09,155,5,살모넬라
2011,09,18,3,장염비브리오
2011,09,8,1,클로스트리디움퍼프린젠스
2011,09,57,2,황색포도상구균
2011,08,10,1,기타바이러스
2011,08,51,1,노로바이러스
2011,08,26,2,바실러스세레우스
2011,08,1130,13,병원성대장균
2011,08,65,11,불명
2011,08,167,6,살모넬라
2011,08,6,1,자연독
2011,08,23,2,장염비브리오
2011,08,4,1,황색포도상구균
2011,07,45,1,노로바이러스
2011,07,56,3,바실러스세레우스
2011,07,132,3,병원성대장균
2011,07,13,4,불명
2011,07,357,4,살모넬라
2011,07,14,1,자연독
2011,07,29,3,장염비브리오
2011,07,85,3,캠필로박터제주니
2011,07,9,1,황색포도상구균
2011,06,158,4,병원성대장균
2011,06,145,20,불명
2011,06,14,3,살모넬라
2011,06,85,6,캠필로박터제주니
2011,06,2,1,클로스트리디움퍼프린젠스
2011,06,10,1,황색포도상구균
2011,05,479,1,노로바이러스
2011,05,16,1,바실러스세레우스
2011,05,283,3,병원성대장균
2011,05,82,9,불명
2011,05,61,2,살모넬라
2011,05,9,1,캠필로박터제주니
2011,05,84,1,클로스트리디움퍼프린젠스
2011,05,3,1,황색포도상구균
2011,04,20,2,기타세균
2011,04,187,5,노로바이러스
2011,04,114,11,불명
2011,04,113,1,살모넬라
2011,04,5,1,자연독
2011,04,136,2,캠필로박터제주니
2011,04,224,3,클로스트리디움퍼프린젠스
2011,04,28,1,황색포도상구균
2011,03,228,7,노로바이러스
2011,03,253,12,불명
2011,03,209,2,황색포도상구균
2011,02,6,1,기타바이러스
2011,02,198,4,노로바이러스
2011,02,46,5,불명
2011,02,33,1,살모넬라
2011,02,2,1,자연독
2011,02,63,1,장염비브리오
2011,02,3,1,황색포도상구균
2011,01,105,5,노로바이러스
2011,01,32,6,불명
2010,12,225,5,노로바이러스
2010,12,3,1,바실러스세레우스
2010,12,31,1,병원성대장균
2010,12,114,10,불명
2010,12,60,1,클로스트리디움퍼프린젠스
2010,12,3,1,화학물질
2010,12,33,4,황색포도상구균
2010,11,22,1,노로바이러스
2010,11,216,2,병원성대장균
2010,11,23,4,불명
2010,11,6,1,살모넬라
2010,11,6,1,자연독
2010,11,64,3,캠필로박터제주니
2010,11,7,1,클로스트리디움퍼프린젠스
2010,11,18,2,황색포도상구균
2010,10,5,1,기타바이러스
2010,10,145,1,노로바이러스
2010,10,9,1,바실러스세레우스
2010,10,15,1,병원성대장균
2010,10,51,9,불명
2010,10,73,2,살모넬라
2010,10,33,2,장염비브리오
2010,10,4,1,황색포도상구균
2010,09,323,5,바실러스세레우스
2010,09,203,5,병원성대장균
2010,09,127,14,불명
2010,09,83,3,살모넬라
2010,09,11,2,자연독
2010,09,25,5,장염비브리오
2010,09,11,1,황색포도상구균
2010,08,3,1,기타바이러스
2010,08,2,1,노로바이러스
2010,08,4,1,바실러스세레우스
2010,08,311,7,병원성대장균
2010,08,199,14,불명
2010,08,60,4,살모넬라
2010,08,153,9,장염비브리오
2010,08,34,3,캠필로박터제주니
2010,08,4,1,황색포도상구균
2010,07,5,1,노로바이러스
2010,07,10,2,바실러스세레우스
2010,07,145,7,병원성대장균
2010,07,264,16,불명
2010,07,56,4,살모넬라
2010,07,74,3,캠필로박터제주니
2010,07,7,1,클로스트리디움퍼프린젠스
2010,06,722,3,노로바이러스
2010,06,44,1,바실러스세레우스
2010,06,795,3,병원성대장균
2010,06,91,12,불명
2010,06,169,6,살모넬라
2010,06,6,1,장염비브리오
2010,06,76,2,캠필로박터제주니
2010,06,5,1,황색포도상구균
2010,05,11,2,노로바이러스
2010,05,6,2,바실러스세레우스
2010,05,25,4,불명
2010,05,30,2,살모넬라
2010,05,10,1,자연독
2010,05,6,1,장염비브리오
2010,05,100,2,캠필로박터제주니
2010,05,13,1,황색포도상구균
2010,04,408,6,노로바이러스
2010,04,203,1,병원성대장균
2010,04,24,5,불명
2010,04,195,4,살모넬라
2010,04,3,1,자연독
2010,04,29,1,캠필로박터제주니
2010,04,31,2,황색포도상구균
2010,03,119,2,노로바이러스
2010,03,7,1,병원성대장균
2010,03,64,8,불명
2010,03,5,1,살모넬라
2010,03,169,3,황색포도상구균
2010,02,297,6,노로바이러스
2010,02,2,1,바실러스세레우스
2010,02,24,5,불명
2010,02,3,1,캠필로박터제주니
2010,02,97,2,클로스트리디움퍼프린젠스
2010,02,7,2,황색포도상구균
2010,01,38,3,노로바이러스
2010,01,24,4,불명
2010,01,3,1,자연독
2010,01,77,1,황색포도상구균
2009,12,79,2,노로바이러스
2009,12,36,6,불명
2009,12,8,1,황색포도상구균
2009,11,20,2,노로바이러스
2009,11,12,3,불명
2009,11,2,1,자연독
2009,11,6,1,장염비브리오
2009,10,17,1,노로바이러스
2009,10,5,1,병원성대장균
2009,10,3,1,불명
2009,10,10,1,장염비브리오
2009,10,23,1,캠필로박터제주니
2009,10,8,1,클로스트리디움퍼프린젠스
2009,10,350,1,황색포도상구균
2009,09,71,6,병원성대장균
2009,09,46,8,불명
2009,09,38,1,살모넬라
2009,09,13,3,장염비브리오
2009,09,133,2,황색포도상구균
2009,08,6,1,노로바이러스
2009,08,241,7,병원성대장균
2009,08,42,6,불명
2009,08,29,3,장염비브리오
2009,08,6,1,황색포도상구균
2009,07,30,3,병원성대장균
2009,07,69,8,불명
2009,07,141,3,살모넬라
2009,07,32,3,장염비브리오
2009,07,106,3,캠필로박터제주니
2009,06,178,7,노로바이러스
2009,06,735,4,병원성대장균
2009,06,254,11,불명
2009,06,83,4,살모넬라
2009,06,4,1,자연독
2009,06,16,1,장염비브리오
2009,06,48,1,황색포도상구균
2009,05,93,5,노로바이러스
2009,05,205,5,병원성대장균
2009,05,295,17,불명
2009,05,109,3,살모넬라
2009,05,276,3,캠필로박터제주니
2009,05,254,3,황색포도상구균
2009,04,73,3,노로바이러스
2009,04,378,10,병원성대장균
2009,04,164,9,불명
2009,04,67,3,살모넬라
2009,04,27,1,클로스트리디움퍼프린젠스
2009,03,16,1,노로바이러스
2009,03,137,12,불명
2009,03,23,2,살모넬라
2009,03,106,3,자연독
2009,03,471,2,클로스트리디움퍼프린젠스
2009,02,35,4,노로바이러스
2009,02,145,13,불명
2009,02,16,1,살모넬라
2009,02,14,1,자연독
2009,02,21,1,클로스트리디움퍼프린젠스
2009,02,48,2,황색포도상구균
2009,01,51,6,노로바이러스
2009,01,6,1,병원성대장균
2009,01,52,6,불명
2009,01,17,1,황색포도상구균
2008,12,537,10,노로바이러스
2008,12,10,1,병원성대장균
2008,12,225,14,불명
2008,12,87,1,클로스트리디움퍼프린젠스
2008,11,273,14,노로바이러스
2008,11,12,1,바실러스세레우스
2008,11,36,4,병원성대장균
2008,11,88,9,불명
2008,11,31,1,화학물질
2008,10,35,5,노로바이러스
2008,10,150,7,병원성대장균
2008,10,195,18,불명
2008,10,18,1,살모넬라
2008,10,47,4,장염비브리오
2008,10,9,2,황색포도상구균
2008,09,43,4,노로바이러스
2008,09,3,1,바실러스세레우스
2008,09,488,7,병원성대장균
2008,09,172,17,불명
2008,09,64,7,살모넬라
2008,09,129,10,장염비브리오
2008,09,19,2,캠필로박터제주니
2008,09,80,1,클로스트리디움퍼프린젠스
2008,09,209,2,황색포도상구균
2008,08,281,7,병원성대장균
2008,08,128,21,불명
2008,08,31,1,살모넬라
2008,08,42,4,장염비브리오
2008,08,24,2,캠필로박터제주니
2008,08,3,1,화학물질
2008,08,29,2,황색포도상구균
2008,07,150,4,노로바이러스
2008,07,24,3,병원성대장균
2008,07,94,13,불명
2008,07,30,2,살모넬라
2008,07,32,4,장염비브리오
2008,07,21,1,캠필로박터제주니
2008,07,3,1,황색포도상구균
2008,06,247,3,노로바이러스
2008,06,22,2,바실러스세레우스
2008,06,89,3,병원성대장균
2008,06,533,18,불명
2008,06,142,6,살모넬라
2008,06,3,1,자연독
2008,06,70,1,장염비브리오
2008,06,150,2,황색포도상구균
2008,05,27,3,노로바이러스
2008,05,285,4,바실러스세레우스
2008,05,12,1,병원성대장균
2008,05,105,12,불명
2008,05,86,4,살모넬라
2008,05,47,1,자연독
2008,05,9,1,장염비브리오
2008,05,56,2,황색포도상구균
2008,04,288,10,노로바이러스
2008,04,32,3,바실러스세레우스
2008,04,174,2,병원성대장균
2008,04,146,12,불명
2008,04,16,1,살모넬라
2008,04,9,1,캠필로박터제주니
2008,04,32,1,클로스트리디움퍼프린젠스
2008,04,54,1,황색포도상구균
2008,03,26,1,기타바이러스
2008,03,348,7,노로바이러스
2008,03,19,2,바실러스세레우스
2008,03,14,1,병원성대장균
2008,03,90,11,불명
2008,03,183,1,클로스트리디움퍼프린젠스
2008,02,59,5,노로바이러스
2008,02,3,1,바실러스세레우스
2008,02,32,6,불명
2008,02,46,1,클로스트리디움퍼프린젠스
2008,02,4,1,황색포도상구균
2008,01,98,4,노로바이러스
2008,01,31,6,불명
2008,01,6,1,클로스트리디움퍼프린젠스
2008,01,42,2,황색포도상구균
2007,12,142,7,노로바이러스
2007,12,50,1,바실러스세레우스
2007,12,34,2,병원성대장균
2007,12,48,11,불명
2007,11,83,6,노로바이러스
2007,11,62,3,병원성대장균
2007,11,89,17,불명
2007,11,22,1,살모넬라
2007,11,3,1,장염비브리오
2007,11,35,4,황색포도상구균
2007,10,17,3,노로바이러스
2007,10,11,2,병원성대장균
2007,10,49,14,불명
2007,10,132,2,장염비브리오
2007,10,12,2,클로스트리디움퍼프린젠스
2007,10,66,2,황색포도상구균
2007,09,51,2,노로바이러스
2007,09,360,5,병원성대장균
2007,09,269,21,불명
2007,09,256,6,살모넬라
2007,09,15,1,자연독
2007,09,118,6,장염비브리오
2007,09,86,1,캠필로박터제주니
2007,09,188,2,황색포도상구균
2007,08,7,1,노로바이러스
2007,08,37,9,병원성대장균
2007,08,191,32,불명
2007,08,56,5,살모넬라
2007,08,322,22,장염비브리오
2007,08,71,2,캠필로박터제주니
2007,08,70,5,황색포도상구균
2007,07,81,4,노로바이러스
2007,07,383,15,병원성대장균
2007,07,85,14,불명
2007,07,102,4,살모넬라
2007,07,15,1,장염비브리오
2007,07,31,3,캠필로박터제주니
2007,07,152,8,황색포도상구균
2007,06,152,5,노로바이러스
2007,06,754,14,병원성대장균
2007,06,266,26,불명
2007,06,268,5,살모넬라
2007,06,261,1,캠필로박터제주니
2007,06,69,2,클로스트리디움퍼프린젠스
2007,06,33,3,황색포도상구균
2007,05,32,2,기타바이러스
2007,05,453,12,노로바이러스
2007,05,115,5,병원성대장균
2007,05,155,27,불명
2007,05,368,12,살모넬라
2007,05,44,1,장염비브리오
2007,05,129,6,황색포도상구균
2007,04,270,13,노로바이러스
2007,04,159,4,병원성대장균
2007,04,157,17,불명
2007,04,306,5,살모넬라
2007,04,4,1,자연독
2007,04,63,2,황색포도상구균
2007,03,304,16,노로바이러스
2007,03,9,1,병원성대장균
2007,03,317,17,불명
2007,03,119,4,살모넬라
2007,03,71,3,황색포도상구균
2007,02,171,12,노로바이러스
2007,02,103,15,불명
2007,02,3,1,자연독
2007,01,614,16,노로바이러스
2007,01,21,2,병원성대장균
2007,01,59,10,불명
2007,01,36,3,황색포도상구균
2006,12,1176,25,노로바이러스
2006,12,104,4,병원성대장균
2006,12,207,9,불명
2006,12,43,2,황색포도상구균
2006,11,10,1,기타바이러스
2006,11,102,2,노로바이러스
2006,11,12,2,불명
2006,11,5,1,살모넬라
2006,11,61,2,황색포도상구균
2006,10,20,2,노로바이러스
2006,10,7,1,바실러스세레우스
2006,10,44,6,불명
2006,10,82,2,살모넬라
2006,10,58,3,장염비브리오
2006,10,5,1,황색포도상구균
2006,09,104,5,노로바이러스
2006,09,17,1,바실러스세레우스
2006,09,527,10,병원성대장균
2006,09,44,5,불명
2006,09,103,3,살모넬라
2006,09,178,7,장염비브리오
2006,09,188,4,황색포도상구균
2006,08,5,1,기타세균
2006,08,789,9,병원성대장균
2006,08,118,15,불명
2006,08,48,3,살모넬라
2006,08,120,9,장염비브리오
2006,08,434,5,황색포도상구균
2006,07,23,2,기타바이러스
2006,07,6,1,바실러스세레우스
2006,07,42,3,병원성대장균
2006,07,115,13,불명
2006,07,32,2,살모넬라
2006,07,34,5,장염비브리오
2006,07,53,1,캠필로박터제주니
2006,07,14,1,화학물질
2006,07,29,3,황색포도상구균
2006,06,1878,14,노로바이러스
2006,06,1361,11,병원성대장균
2006,06,531,18,불명
2006,06,70,3,살모넬라
2006,06,157,1,장염비브리오
2006,06,570,9,황색포도상구균
2006,05,170,1,불명
2006,05,84,1,살모넬라
2006,05,555,4,황색포도상구균
2006,04,4,1,노로바이러스
2006,04,6,2,불명
2006,04,65,5,살모넬라
2006,03,39,1,노로바이러스
2006,03,21,1,바실러스세레우스
2006,03,9,1,병원성대장균
2006,03,3,1,불명
2006,03,87,2,살모넬라
2006,03,160,2,클로스트리디움퍼프린젠스
2006,02,13,2,불명
2006,02,39,2,황색포도상구균
2006,01,15,1,노로바이러스
2006,01,8,1,바실러스세레우스
2006,01,25,3,불명
2006,01,4,1,자연독
2005,12,25,2,기타바이러스
2005,12,341,1,노로바이러스
2005,12,4,2,불명
2005,12,188,1,황색포도상구균
2005,11,264,1,노로바이러스
2005,11,123,2,불명
2005,11,47,1,살모넬라
2005,11,15,1,황색포도상구균
2005,10,24,1,바실러스세레우스
2005,10,6,2,불명
2005,10,5,1,살모넬라
2005,10,5,1,장염비브리오
2005,10,11,1,황색포도상구균
2005,09,91,1,병원성대장균
2005,09,2,1,불명
2005,09,100,3,살모넬라
2005,09,450,7,장염비브리오
2005,09,145,3,황색포도상구균
2005,08,364,2,병원성대장균
2005,08,23,3,불명
2005,08,108,1,살모넬라
2005,08,3,1,자연독
2005,08,134,5,장염비브리오
2005,08,7,1,황색포도상구균
2005,07,45,1,기타세균
2005,07,36,4,불명
2005,07,195,3,살모넬라
2005,07,70,3,장염비브리오
2005,06,18,1,노로바이러스
2005,06,762,5,병원성대장균
2005,06,46,1,불명
2005,06,63,3,살모넬라
2005,06,4,1,장염비브리오
2005,06,8,1,화학물질
2005,06,161,4,황색포도상구균
2005,05,232,2,병원성대장균
2005,05,127,4,불명
2005,05,172,5,살모넬라
2005,05,158,1,황색포도상구균
2005,04,18,1,노로바이러스
2005,04,409,2,병원성대장균
2005,04,22,3,불명
2005,04,63,5,살모넬라
2005,04,175,1,캠필로박터제주니
2005,04,178,4,황색포도상구균
2005,03,7,1,병원성대장균
2005,03,37,2,불명
2005,02,78,2,노로바이러스
2005,01,18,2,병원성대장균
2005,01,124,2,불명
2004,12,18,1,기타세균
2004,12,226,2,노로바이러스
2004,12,25,1,병원성대장균
2004,12,40,2,불명
2004,12,12,1,살모넬라
2004,12,54,1,캠필로박터제주니
2004,11,234,3,노로바이러스
2004,11,73,1,바실러스세레우스
2004,11,88,5,불명
2004,11,52,1,황색포도상구균
2004,10,224,1,기타세균
2004,10,152,1,노로바이러스
2004,10,5,1,병원성대장균
2004,10,74,3,불명
2004,10,19,1,살모넬라
2004,10,29,2,장염비브리오
2004,09,307,1,기타바이러스
2004,09,31,1,기타세균
2004,09,135,2,병원성대장균
2004,09,823,6,불명
2004,09,258,3,살모넬라
2004,09,3,1,자연독
2004,09,125,7,장염비브리오
2004,09,137,1,클로스트리디움퍼프린젠스
2004,09,13,1,황색포도상구균
2004,08,171,1,병원성대장균
2004,08,64,2,불명
2004,08,120,4,살모넬라
2004,08,17,2,장염비브리오
2004,07,11,1,바실러스세레우스
2004,07,179,2,병원성대장균
2004,07,268,7,불명
2004,07,24,1,장염비브리오
2004,07,13,1,황색포도상구균
2004,06,60,1,기타바이러스
2004,06,134,3,기타세균
2004,06,968,9,병원성대장균
2004,06,977,15,불명
2004,06,38,3,살모넬라
2004,06,9,1,장염비브리오
2004,06,58,1,클로스트리디움퍼프린젠스
2004,06,382,3,황색포도상구균
2004,05,91,2,기타바이러스
2004,05,594,3,기타세균
2004,05,258,5,노로바이러스
2004,05,464,4,병원성대장균
2004,05,421,7,불명
2004,05,317,7,살모넬라
2004,05,37,1,장염비브리오
2004,05,121,2,캠필로박터제주니
2004,05,277,1,클로스트리디움퍼프린젠스
2004,05,98,3,황색포도상구균
2004,04,43,1,기타세균
2004,04,96,1,병원성대장균
2004,04,54,4,불명
2004,04,69,3,살모넬라
2004,04,8,1,자연독
2004,04,59,1,장염비브리오
2004,04,208,1,클로스트리디움퍼프린젠스
2004,04,205,2,황색포도상구균
2004,03,75,2,기타세균
2004,03,37,1,노로바이러스
2004,02,37,1,기타세균
2004,02,15,1,노로바이러스
2004,02,6,1,살모넬라
2004,01,27,1,기타바이러스
2004,01,117,1,불명
2004,01,4,1,자연독
2003,11,61,1,기타바이러스
2003,11,115,1,노로바이러스
2003,10,63,2,불명
2003,10,22,1,살모넬라
2003,10,3,1,장염비브리오
2003,09,103,1,기타바이러스
2003,09,56,1,병원성대장균
2003,09,304,12,불명
2003,09,41,3,살모넬라
2003,09,447,11,장염비브리오
2003,08,35,1,기타세균
2003,08,15,3,불명
2003,08,14,2,살모넬라
2003,08,282,10,장염비브리오
2003,08,18,1,황색포도상구균
2003,07,12,1,불명
2003,07,8,1,살모넬라
2003,07,9,1,자연독
2003,07,59,2,황색포도상구균
2003,06,31,1,바실러스세레우스
2003,06,378,3,병원성대장균
2003,06,517,9,불명
2003,06,81,2,살모넬라
2003,06,215,1,캠필로박터제주니
2003,06,3,1,클로스트리디움보톨리눔
2003,06,276,2,황색포도상구균
2003,05,45,2,기타세균
2003,05,233,2,노로바이러스
2003,05,164,1,바실러스세레우스
2003,05,479,1,병원성대장균
2003,05,454,8,불명
2003,05,183,6,살모넬라
2003,05,12,1,클로스트리디움퍼프린젠스
2003,05,346,4,황색포도상구균
2003,04,61,1,노로바이러스
2003,04,3,1,바실러스세레우스
2003,04,56,2,불명
2003,04,35,1,살모넬라
2003,04,53,2,황색포도상구균
2003,03,56,2,기타세균
2003,03,1033,10,노로바이러스
2003,03,589,1,병원성대장균
2003,03,759,10,불명
2003,03,32,1,살모넬라
2003,03,56,2,황색포도상구균
2003,01,90,1,기타세균
2003,01,2,1,자연독
2002,12,80,2,살모넬라
2002,11,354,2,불명
2002,10,23,1,병원성대장균
2002,10,21,1,살모넬라
2002,10,17,1,장염비브리오
2002,10,36,1,황색포도상구균
2002,09,25,3,불명
2002,09,108,1,살모넬라
2002,09,143,6,장염비브리오
2002,08,118,5,불명
2002,08,35,3,살모넬라
2002,08,4,1,자연독
2002,08,28,3,장염비브리오
2002,08,27,1,황색포도상구균
2002,07,245,1,기타세균
2002,07,16,1,불명
2002,07,30,2,살모넬라
2002,07,58,1,황색포도상구균
2002,06,34,1,기타세균
2002,06,113,1,불명
2002,06,57,4,살모넬라
2002,06,27,2,황색포도상구균
2002,05,228,7,불명
2002,05,70,3,살모넬라
2002,04,315,4,불명
2002,04,92,5,살모넬라
2002,04,19,1,자연독
2002,04,28,2,황색포도상구균
2002,03,105,3,불명
2002,03,79,3,살모넬라
2002,02,137,1,기타바이러스
2002,02,42,1,불명
2002,01,40,1,병원성대장균
2002,01,15,1,불명
2002,01,17,1,살모넬라
2002,01,194,1,황색포도상구균
