OCCRNC_YEAR,OCCRNC_MM,CTPRVN_CD,OCCRNC_REGN,황금연휴여부,황금연휴기간,소비자물가지수,평균기온,평균최고기온,평균최저기온,평균강수량,평균풍속,평균최고풍속,평균기압,최고기압,최저기압,평균해면기압,최고해면기압,최저해면기압,평균상대습도,최소상대습도,총일조시간,축제횟수,축제여부,총인구수,초등학생수,중학생수,고등학생수,60세이상인구수,POP_STU_PER_SCH,초등학생비율,중학생비율,고등학생비율,60세이상비율,인구밀도,집단급식소수
2023,1,42,강원,0.62797364,3.017036393,107.7622733,-2.068334791,3.521481491,-7.08648523,-3.363862359,1.548456012,7.487602484,1020.254735,1031.945835,1002.528519,1026.119839,1039.129563,1008.830929,70.06981509,18.56264933,239.1624317,3.664774501,0.265414073,1536898.296,72085.52844,38906.6409,37287.85045,504594.0088,214.5161779,0.046914887,0.025323713,0.024271963,0.328267599,91.30965243,3.258184073
2023,2,42,강원,0.700743511,4.068268831,107.8685577,0.17756036,6.230216806,-5.282962917,10.01661783,1.723208753,7.696602746,1018.235593,1030.747189,1003.617502,1023.584334,1037.518205,1007.393853,69.22361764,19.29066587,251.7700143,2.582343866,0.171082769,1535424.115,71730.19671,38953.23388,36900.34968,506276.3634,217.0112383,0.046738583,0.025382814,0.024051727,0.329595574,91.22314973,4.96813791
2023,3,42,강원,0.324784266,1.169251484,109.0275911,5.216128196,11.04672843,-0.504783674,43.77538809,2.027741605,8.746083752,1015.442718,1029.339653,994.8878533,1020.527719,1035.841045,999.8341514,69.11471266,18.65411628,261.4866896,2.686496078,0.801789421,1536548.476,72239.32921,38718.45752,37116.39122,509231.9235,217.0612407,0.047006156,0.0251986,0.024174864,0.331368623,91.24133425,7.56756544
2023,4,42,강원,0.203596686,0.773432305,109.3412976,10.93897211,16.97811359,5.17905068,107.23379,1.611856752,8.479531589,1014.305804,1028.614244,1000.45152,1017.959666,1033.077982,1006.644467,73.29101055,15.97618366,225.7292721,3.553697638,0.749661933,1536468.691,71887.05616,38828.562,36955.46944,510422.5881,218.9825475,0.046783169,0.025275398,0.024067633,0.332169084,91.26450867,5.226972805
2023,5,42,강원,0.907129658,3.909058491,109.3842176,17.7109806,24.25783667,11.43570224,69.93758645,1.947417453,8.032306388,1008.819858,1015.871828,992.3081557,1012.179258,1020.746358,998.8846403,65.78534531,22.31841499,324.5946464,4.821894494,0.832300265,1536262.05,71616.16497,38835.66946,36805.59203,511761.6418,219.9963289,0.04661918,0.025286548,0.02397482,0.333097988,91.2765134,4.513619292
2023,6,42,강원,0.58878623,2.057795284,109.1223723,21.2492187,27.02575021,16.33953024,179.2069781,1.376690699,6.589390931,1004.532148,1016.718798,988.3900793,1007.274943,1019.698152,993.070862,81.88537156,22.92608507,286.1570315,3.635585579,0.823647503,1536087.884,71603.99775,38810.41356,36544.6927,513471.9203,219.3309193,0.046620351,0.025272211,0.023804051,0.334217299,91.26630846,5.755460572
2023,7,42,강원,0.198793925,0.782134289,109.3447033,24.15701288,28.48757068,20.86210792,192.3899983,1.37723161,6.702867528,1005.041736,1014.569938,987.0665895,1007.04016,1018.5784,991.5347317,94.68324934,41.0418618,207.0414799,6.574512168,0.841634054,1535964.481,71505.68616,38843.68241,36340.37079,515327.3516,218.9768633,0.046559303,0.025294187,0.023672365,0.335432716,91.260824,4.806281694
2023,8,42,강원,0.690095365,2.443506654,109.6315098,24.95094316,29.69509383,21.48621142,258.5805284,1.158001696,6.854557084,1006.73852,1016.334756,998.8069367,1010.322555,1021.287751,1001.040262,89.27608536,52.77771347,236.9322281,7.166701682,0.844189191,1535918.969,71432.02467,38903.79906,36176.68021,517093.986,218.9439797,0.046510424,0.025333868,0.023568538,0.336580968,91.25866016,5.326310745
2023,9,42,강원,0.902228672,4.664061343,109.7640138,19.77354597,25.25955757,15.41000459,220.5368784,1.246092706,7.007999959,1012.699601,1024.182852,1005.771464,1016.352087,1028.967158,1006.640226,90.18151835,32.79232654,232.2026864,6.941275906,0.84488307,1535834.488,71435.51789,38887.89051,36108.00078,518824.3146,219.3316677,0.046512613,0.025325011,0.023527878,0.337717303,91.25424082,4.320230845
2023,10,42,강원,0.826982211,3.241611298,110.1934629,13.19622292,19.51152851,7.964279674,93.8777157,1.5233419,7.655195129,1014.918672,1026.26039,991.4910534,1019.312542,1030.811382,998.0968541,79.94851049,28.12393862,268.4244593,9.251021154,0.848785586,1536425.633,71435.41739,38826.11568,36038.69641,520998.3466,220.5421591,0.046493799,0.025271152,0.023472591,0.339060637,91.29010259,3.117263756
2023,11,42,강원,0.040941872,0.182200269,110.170285,7.54559681,13.17471177,2.705731029,101.7493916,1.243682743,7.722231441,1020.563386,1028.768676,1001.510728,1024.483374,1036.183466,1009.609919,82.21511108,26.28047287,180.2666774,2.394495651,0.590864348,1536522.029,71328.48294,38869.53433,35907.48681,522600.6046,222.6156766,0.046421093,0.025298347,0.023386288,0.340093439,91.29616097,3.789797173
2023,12,42,강원,0.550019691,2.312510718,110.6240289,-0.217854355,5.020683561,-4.856206703,-47.88596476,1.731131679,7.565173317,1019.437341,1031.664283,1004.254678,1025.755118,1038.038772,1015.143583,73.9520924,17.2478859,247.1416235,2.843458273,0.538396808,1536390.839,71106.68225,38816.61728,35745.31284,524089.9917,224.86562,0.046284294,0.025267471,0.023280631,0.341091867,91.28798791,3.676128677
2023,1,41,경기,0.62797364,3.017036393,106.6583996,-2.640208455,3.159116693,-8.056555574,10.16954918,1.213974198,6.927022384,1022.606618,1031.845959,1006.263732,1026.699103,1037.097733,1010.98134,72.39675437,21.84887036,218.2564367,3.150613419,0.557981262,13698139.49,793103.2653,407660.5257,367561.2581,3059598.333,568.7485142,0.057854304,0.029791245,0.026740918,0.223868643,1342.574969,34.71936827
2023,2,41,경기,0.700743511,4.068268831,106.7258668,0.03692892,6.79760402,-5.687700268,18.2473593,1.464584693,7.092953334,1019.894947,1036.397709,1002.853489,1024.2295,1036.204074,1007.42123,68.77055679,24.56673619,239.5883889,3.27717849,0.194119863,13708213.92,791158.7142,409201.2379,366047.6636,3073454.462,572.2497673,0.057648305,0.029894812,0.026598832,0.224780593,1343.585498,48.56131281
2023,3,41,경기,0.324784266,1.169251484,107.8775812,5.154333654,11.06328038,-0.729214406,25.73363505,1.806841724,8.024009623,1016.755757,1026.314976,997.2623434,1020.803793,1033.826925,1001.202057,70.25684469,21.57422037,221.0759029,4.780644415,1.107575728,13731350.75,795996.4011,409173.9827,366982.979,3095016.654,580.1609318,0.057928275,0.029782169,0.026641371,0.225989484,1345.896891,85.1091395
2023,4,41,경기,0.203596686,0.773432305,108.0722991,11.45873083,17.36981918,5.341892694,63.13564395,1.680895534,7.85242565,1014.255441,1029.101826,1003.622425,1018.183142,1033.596745,1007.661747,71.3965452,18.83729756,211.071043,9.303924285,1.162499283,13732099.65,793782.0876,408646.9795,366535.1608,3105597.292,580.4144044,0.057753945,0.029769533,0.026596579,0.226782544,1345.952123,61.65177235
2023,5,41,경기,0.907129658,3.909058491,108.1190518,18.48630268,26.47515777,11.62842471,84.76916252,1.658502824,7.239230853,1008.731723,1017.558785,994.3602941,1012.934373,1021.321443,998.1270662,71.31822272,28.71607824,315.3921302,14.96323024,1.124653809,13741474.76,792307.5757,409239.4675,365601.4125,3117863.58,580.5760575,0.057597569,0.029816561,0.026505604,0.227555392,1346.878985,63.92544413
2023,6,41,경기,0.58878623,2.057795284,107.7623226,22.26659862,27.87526354,17.29590877,132.5457775,1.346355813,6.523897381,1004.046388,1011.835806,989.7296867,1007.841441,1015.736868,994.9049624,83.87450144,27.46541507,231.4014464,4.541407694,0.927353229,13754274.84,792443.7609,410114.1529,364519.379,3130979.381,580.5669926,0.057548666,0.029847,0.026388704,0.228350992,1348.132236,48.97382103
2023,7,41,경기,0.198793925,0.782134289,107.957906,25.70870822,30.7026713,22.01696032,392.3407088,1.37384152,6.471551832,1002.932834,1010.985883,988.4889565,1006.929062,1014.77578,992.2616461,86.81136901,39.95862358,214.1306327,0.666298738,0.470286267,13768565.95,793044.2087,411200.2162,363242.6995,3145774.304,581.0563545,0.057527287,0.029896769,0.026249753,0.22923909,1349.544919,44.51459429
2023,8,41,경기,0.690095365,2.443506654,108.2916827,25.68623318,30.28331912,22.11543633,279.6777678,1.207958707,7.209791822,1006.687299,1018.96241,998.4679625,1010.724632,1023.046726,1001.815837,92.1267758,45.78135511,196.0058094,3.594780152,1.058390927,13781462.4,792994.4137,412184.015,362636.0522,3160943.745,582.4215066,0.057463417,0.029937429,0.026171584,0.230170692,1350.818881,54.67278868
2023,9,41,경기,0.902228672,4.664061343,108.4313406,20.92968948,26.57688846,16.14898339,131.7239686,1.181083775,6.827171012,1011.422754,1022.122109,998.4862703,1015.409823,1026.110244,1004.215175,85.11930188,38.30291576,216.1880397,17.6535493,1.165604314,13791655.43,792825.6741,413114.7821,362533.5118,3175197.893,584.4904127,0.057404993,0.029979901,0.026143912,0.231077278,1351.82843,28.14289654
2023,10,41,경기,0.826982211,3.241611298,108.8110469,13.3634822,19.64406756,7.96155935,48.38691267,1.132512926,6.522941847,1015.761831,1026.010133,995.0960163,1019.84346,1030.489714,999.1619297,80.71714036,28.84387446,251.285775,23.41352568,1.150069538,13806028.47,793370.0457,413123.2005,362449.9688,3192061.913,587.4428266,0.057392414,0.029945875,0.026122244,0.232142892,1353.282528,68.00735399
2023,11,41,경기,0.040941872,0.182200269,108.7584839,7.637845816,14.20970587,2.038976882,51.18071889,1.19401751,6.977865327,1020.365548,1030.861506,1007.824305,1024.446871,1035.497496,1010.683594,78.79185594,28.7309369,186.5687036,2.966368541,0.937420839,13816351.21,793076.7686,413326.1031,362431.1791,3205218.008,591.1695158,0.057325473,0.029942625,0.026099089,0.232968917,1354.315445,43.21162311
2023,12,41,경기,0.550019691,2.312510718,109.1690968,-0.682807274,4.747944514,-5.694777928,16.64291907,1.226050275,6.881663477,1022.151097,1033.180745,1012.540176,1026.472369,1038.417147,1017.53577,75.90364723,25.00237919,191.3410693,2.103286042,0.350680809,13825287.84,792684.8412,413094.0015,361430.9197,3218307.632,594.6136917,0.057258367,0.029910161,0.025996503,0.233821459,1355.191943,30.01433323
2023,1,48,경남,0.62797364,3.017036393,106.6587339,1.805862333,7.520135942,-2.875782932,10.15617054,1.599399,7.879727013,1022.131293,1043.215658,1010.025505,1024.411196,1035.43043,1013.114297,64.67507681,18.36018745,212.9260618,4.643594203,0.604159311,3288460.278,188006.2971,98815.79028,87761.43845,939536.9369,357.9395722,0.057179599,0.030042071,0.026704984,0.285394009,311.9023408,10.37317047
2023,2,48,경남,0.700743511,4.068268831,106.9241578,3.008430585,9.973289144,-3.070917445,30.34877872,1.628469942,7.151200671,1021.28591,1031.047689,1002.792897,1023.293699,1035.836462,1005.07553,59.14439812,16.34986259,224.4765588,4.148561206,0.144402109,3286226.716,187522.7985,98991.94177,87270.11813,942890.3039,360.0133233,0.057070077,0.030116436,0.026586696,0.286533146,311.6998165,4.806313412
2023,3,48,경남,0.324784266,1.169251484,107.9752757,7.995090154,14.46071888,1.808009493,60.14120795,1.816698241,9.427956625,1017.81764,1023.708643,997.4560823,1019.748748,1032.957749,1000.698774,61.92110213,18.66896983,239.8074739,5.995060788,0.937575208,3282509.707,188128.8198,98933.41294,87695.7793,948865.9582,360.9314827,0.057324804,0.030108497,0.026724713,0.288703797,311.3599886,23.82856256
2023,4,48,경남,0.203596686,0.773432305,108.1329058,13.38754949,19.41417673,8.087524022,106.8744233,1.652872921,6.660772205,1015.953315,1031.509986,1008.400257,1017.754886,1031.984311,1010.601445,69.38598129,17.52423561,225.2810537,10.73885928,0.989441206,3281309.634,187672.4089,98912.24294,87318.00129,951447.075,362.4672469,0.05720685,0.03012129,0.02662256,0.289569917,311.2447342,18.63353528
2023,5,48,경남,0.907129658,3.909058491,108.1626461,19.42973442,26.01095693,13.25557798,114.2478031,1.637414074,7.117623179,1010.973964,1021.010906,998.1244318,1013.09333,1020.839567,1000.343001,71.54439178,26.75136847,275.2257319,10.82732966,0.968735332,3279826.5,187155.9036,99018.48999,86917.15302,954581.2133,363.4664765,0.057080143,0.030176964,0.026519935,0.290609453,311.1023449,4.18197565
2023,6,48,경남,0.58878623,2.057795284,107.8332479,23.12630949,28.7536582,18.54671958,145.2534479,1.491499558,6.486058057,1006.477309,1016.12048,995.7413858,1008.371182,1015.450994,999.4233665,82.40099271,32.46839682,232.4010242,6.580488551,0.953529324,3277616.719,187041.3423,99306.73483,86465.45545,957576.2903,363.1428879,0.057078035,0.030281578,0.026405966,0.291641437,310.8923228,16.91708042
2023,7,48,경남,0.198793925,0.782134289,108.0502733,24.6068575,29.28359205,21.19191108,308.04782,1.314023408,7.67936647,1005.780209,1011.664396,990.8880367,1007.50631,1014.734694,993.2357304,83.51040311,44.71454665,204.1268513,7.121900688,0.961711834,3275646.254,187008.4002,99473.64837,86257.44844,960881.248,363.2092058,0.057099099,0.030345208,0.026358514,0.292768281,310.7058074,15.74795067
2023,8,48,경남,0.690095365,2.443506654,108.2627563,26.14010446,30.60027185,23.00811662,264.6095031,1.200687712,5.686001186,1008.970526,1020.581233,995.4934755,1010.535079,1022.17077,996.7922145,86.31265241,59.73458641,200.0121976,5.796896704,0.96322702,3274181.892,186988.6401,99644.62164,86106.40111,964711.5627,363.6400128,0.057118414,0.030405412,0.026318372,0.29404688,310.5676062,14.48273625
2023,9,48,경남,0.902228672,4.664061343,108.5488285,22.57865501,28.253926,18.08831538,169.1088946,1.302525193,9.696533192,1012.77152,1024.010676,998.1824774,1014.466096,1026.526448,1001.41406,81.39611454,34.7750621,206.4397568,8.279602306,0.964310214,3272159.744,186724.9446,100043.1969,85893.14526,968488.6796,364.3651848,0.057074573,0.030537176,0.026267209,0.295350235,310.3792264,6.79010098
2023,10,48,경남,0.826982211,3.241611298,108.8851834,15.18414084,22.48293642,9.493020183,60.93092296,1.270078963,7.086918796,1017.160129,1025.210041,1000.972891,1019.398723,1029.149543,1003.268788,75.35484523,24.21538574,250.318239,15.32595187,0.978903413,3270231.931,186737.6517,99916.39811,85832.0506,972418.6275,365.6168712,0.057117118,0.030518961,0.026267832,0.296693138,310.1995973,6.991387712
2023,11,48,경남,0.040941872,0.182200269,108.809912,11.41638602,17.60082568,6.398471859,34.96916827,1.15967481,5.693507018,1020.930912,1027.523652,1008.209673,1023.307244,1032.615194,1010.986937,76.81267306,20.78431737,191.7570281,5.283801984,0.882454574,3268771.217,186435.6362,99969.32951,85645.22669,975805.2252,367.4143756,0.057054226,0.030547075,0.026225729,0.29783887,310.0668151,4.898714334
2023,12,48,경남,0.550019691,2.312510718,109.217293,3.941309393,9.57786223,-0.801239757,14.09299789,1.587886113,6.991042443,1022.336002,1029.197334,1011.806096,1024.471197,1034.648871,1015.993723,66.72188799,23.82242405,217.8300385,5.174065344,0.733303848,3266594.405,185937.8535,99865.81488,85283.07999,979019.5104,369.3786627,0.056940798,0.030541732,0.026139306,0.298964553,309.8682265,20.03920272
2023,1,47,경북,0.62797364,3.017036393,107.0469655,0.279613255,5.485437965,-4.562225047,16.30220744,2.399761674,8.624840877,1022.739914,1031.909871,1008.673443,1025.093151,1035.352871,1010.780967,73.77437074,31.15449071,222.9406731,2.696164735,0.416764259,2603751.371,129110.2802,66314.74641,61620.13612,874230.1458,257.6705447,0.049575693,0.025452633,0.023695806,0.335404839,136.7751711,7.455153197
2023,2,47,경북,0.700743511,4.068268831,107.1392055,1.730739744,7.936479189,-3.626846807,0.805727607,2.350418479,8.806841817,1021.589889,1032.366844,1003.992111,1023.443708,1035.3148,1005.847849,66.0684104,22.38335174,235.8846355,2.991435455,0.453642385,2601435.789,128619.451,66409.42407,61223.75103,876850.9719,260.3053007,0.04943576,0.025511363,0.023574075,0.336623252,136.6537377,12.89945861
2023,3,47,경북,0.324784266,1.169251484,108.4630406,6.561541688,12.97827087,0.594352511,32.38512462,2.469336562,10.52674123,1018.413221,1031.954601,995.7659874,1020.332062,1034.236736,998.4681458,63.78735395,20.91539317,252.3456696,3.233379511,0.779444372,2599423.521,129285.6533,66203.128,61584.9537,880493.0277,262.547358,0.049760252,0.025461478,0.023735294,0.338316875,136.5458844,8.34742471
2023,4,47,경북,0.203596686,0.773432305,108.7189171,11.98750166,18.11556914,5.977901442,87.4814436,2.14532655,8.083241548,1016.929611,1032.340239,1007.470139,1017.78343,1033.118055,1010.195218,75.98362943,17.14960847,217.923468,4.90653653,0.776522416,2598196.088,128926.0415,66231.07019,61343.89522,882878.3685,263.8250609,0.049632497,0.025479435,0.023648015,0.339368126,136.4823542,4.979049199
2023,5,47,경북,0.907129658,3.909058491,108.7384526,18.65763909,25.56697521,11.79174542,111.330185,2.159915539,8.133458864,1011.888444,1018.000215,996.7051851,1012.774185,1020.979249,998.6373563,69.63063769,20.56735041,295.7035966,6.506480662,1.092240778,2596737.346,128654.6218,66305.47006,61040.21342,885789.0126,264.4877618,0.049553769,0.025522859,0.023548218,0.340628124,136.4066644,5.777530571
2023,6,47,경북,0.58878623,2.057795284,108.2527547,22.36446634,28.35947191,17.00446808,124.7120778,1.748803964,6.566934283,1006.987629,1017.295507,994.2617941,1007.75546,1016.558458,995.2368383,85.0372321,33.31547477,255.3894668,3.694484675,0.993062917,2595201.598,128486.7496,66478.9587,60639.20716,888123.594,263.4781229,0.049510101,0.02559807,0.023411538,0.341651556,136.3249556,7.381053294
2023,7,47,경북,0.198793925,0.782134289,108.4190282,24.27282351,28.45356573,21.17928589,162.3262137,1.71421132,7.743617837,1007.062065,1018.788586,992.2818148,1008.046618,1015.98676,992.8693216,90.77600045,51.04909682,207.5749049,5.169453395,1.108328098,2593723.259,128596.3221,66496.34743,60377.12795,890640.3122,263.238472,0.049578147,0.02561684,0.023326465,0.342764435,136.2467642,13.72622502
2023,8,47,경북,0.690095365,2.443506654,108.7796802,25.56181503,30.25631176,21.96393783,205.7365879,1.338972022,6.510171924,1009.746706,1012.59393,997.066829,1010.944585,1020.164552,999.1122414,88.90969819,46.81423273,207.1728548,4.615428541,1.110772163,2592480.077,128619.6057,66673.98284,60181.37975,893330.6584,263.5332396,0.049614811,0.02569499,0.023263187,0.343933788,136.1801596,9.311894695
2023,9,47,경북,0.902228672,4.664061343,109.1389259,20.85033262,26.28716905,16.33812049,121.6842074,1.715875289,9.216774245,1014.145247,1027.860689,1004.162638,1015.593544,1028.301869,1007.389163,86.5753335,42.17561967,204.129854,9.967572236,1.109509376,2590926.814,128516.4613,66677.20175,60179.61879,895914.0487,264.2976494,0.049611196,0.02570999,0.02327459,0.345109858,136.0988454,3.392784719
2023,10,47,경북,0.826982211,3.241611298,109.4696759,13.88583313,20.88664131,8.628232216,116.5960526,1.786024699,8.719228227,1017.865102,1028.658263,994.0831457,1019.327959,1030.14635,997.1540546,77.14932563,32.20894605,250.7867262,13.30762692,1.108420397,2589005.038,128567.4548,66584.99557,60078.84071,898756.0165,265.8613004,0.049669838,0.025698764,0.02326174,0.346417994,135.9970623,7.406072031
2023,11,47,경북,0.040941872,0.182200269,109.3500895,9.253535775,15.52003938,3.760303354,72.91697844,1.702553879,7.519537099,1022.312453,1030.565175,1008.259026,1023.867888,1034.065312,1010.578228,82.56430768,29.7617482,184.3921819,2.99095876,1.01220172,2588256.329,128372.8384,66663.1224,59928.0541,901170.8579,268.1723939,0.049608837,0.025735542,0.02321185,0.347450765,135.9595744,6.360766573
2023,12,47,경북,0.550019691,2.312510718,109.776104,1.991120124,7.240730181,-2.757711652,-20.21560113,2.359411483,9.03828274,1022.782611,1032.155748,1012.426171,1025.188079,1035.579507,1016.009873,73.13660605,34.55314533,214.2672374,2.960618472,0.37518258,2588221.906,128165.2385,66575.74493,59660.82648,904556.5106,270.5436671,0.04952071,0.025697283,0.023104709,0.348773383,135.9574537,4.090726556
2023,1,29,광주,0.62797364,3.017036393,106.4071755,1.271015628,5.745942685,-2.056362232,15.21242236,1.200855297,7.124987044,1016.287598,1025.542225,986.435899,1025.127963,1034.629886,1013.561866,66.35667888,7.456523993,173.2890279,0.313751479,0.128469376,1433631.555,83735.81791,45009.01337,41930.7598,330306.6333,508.0590061,0.058411587,0.03139197,0.029266798,0.230239295,2861.365821,4.0642457
2023,2,29,광주,0.700743511,4.068268831,106.6308474,3.177562713,9.019198342,-1.546491646,23.57260334,1.213574062,4.61349747,1014.919379,1025.573227,994.4259299,1023.693387,1034.595004,1008.002066,63.44423489,10.01028631,225.263248,0.534493235,0.331037416,1433372.57,83417.61032,45203.86829,41481.02159,331625.0714,509.9543874,0.058198062,0.031530496,0.028983759,0.231191708,2860.811295,8.967280454
2023,3,29,광주,0.324784266,1.169251484,107.7492325,8.105885084,14.18354989,2.842364415,37.7455753,1.472872504,8.208725151,1011.545249,1023.205129,1022.56925,1020.170765,1032.003253,999.204422,62.95870126,13.5085115,195.1461033,0.966578396,0.779311353,1431426.089,83678.2904,44903.81261,41662.73433,332546.9718,515.9835774,0.058478236,0.03135505,0.029096793,0.232050987,2857.080552,7.371708596
2023,4,29,광주,0.203596686,0.773432305,107.9335726,13.63645012,19.54348246,9.013950082,69.54136852,1.279669554,9.191031053,1008.538374,1021.814459,1052.720619,1016.859052,1030.446332,1010.449689,70.17400171,12.75573813,193.3999927,0.456430151,0.286049083,1430191.503,83290.09981,44837.43044,41471.34298,333498.6339,515.8457088,0.058261702,0.031346978,0.02900699,0.23286624,2854.528988,6.822254627
2023,5,29,광주,0.907129658,3.909058491,107.9754536,20.42841206,27.06736877,14.66656228,78.05061262,1.508591896,7.703029782,1004.079931,1012.358687,1048.74648,1012.213096,1020.681308,1003.654667,61.2177808,16.64820112,276.7948134,0.548949743,0.30207922,1429734.91,82965.94387,44910.74313,41237.8578,334669.292,516.0209201,0.05805862,0.03141046,0.028866837,0.233720931,2853.567681,3.986056121
2023,6,29,광주,0.58878623,2.057795284,107.8234229,23.85895114,29.47733904,19.63270182,122.9428396,1.419178603,7.29585539,999.2259074,1005.9938,693.2701503,1007.156579,1014.255283,998.2228587,73.76647886,15.94238851,212.6903636,0.276830588,0.151244111,1429631.413,82927.13053,45016.78813,40891.86127,335806.9732,516.4620113,0.058026241,0.031484494,0.028634061,0.234547658,2853.391995,6.725317056
2023,7,29,광주,0.198793925,0.782134289,107.8307089,25.98157894,30.1351999,23.01143367,294.6935192,1.471294827,6.274004171,997.9687353,1004.414497,1072.706304,1005.758567,1012.302434,990.1594581,84.30669645,29.01896515,138.2744401,0.488554961,0.220834403,1429656.807,82930.92163,45067.77619,40644.05327,336998.8827,517.6948656,0.05802122,0.031513689,0.028452992,0.235386872,2853.479424,6.944891243
2023,8,29,광주,0.690095365,2.443506654,107.9498549,26.43309432,30.12383876,23.99395939,301.7417328,1.302301727,4.553051949,1001.864531,1013.443898,1043.166796,1009.760865,1021.36095,997.4862764,86.43712016,44.6543926,121.8450003,0.244216278,0.129361583,1429228.744,82920.84746,45033.83247,40636.29243,338160.7638,519.2730834,0.05803103,0.031496655,0.028443197,0.236249634,2852.657823,3.10468399
2023,9,29,광주,0.902228672,4.664061343,108.2775849,23.40762843,28.65427237,19.07113334,120.8637535,1.270101947,10.13854565,1005.189395,1014.685186,1018.654773,1013.193226,1022.85485,999.9507925,75.54992433,21.10673591,219.5093167,0.463843513,0.335818354,1428307.929,82667.83626,45036.09556,40517.04723,339389.5476,521.220564,0.057896371,0.031518556,0.028375261,0.23721925,2850.844886,2.126153646
2023,10,29,광주,0.826982211,3.241611298,108.8442867,16.02518047,22.16743935,11.21239784,48.88125014,0.974214788,8.032691246,1010.641955,1019.397993,991.7547314,1018.901723,1027.84506,1002.616036,71.99170134,23.01467796,255.5346508,2.436401088,1.057165196,1427672.568,82557.67787,44988.99776,40384.16926,340731.445,523.3236825,0.057852807,0.031498121,0.028296939,0.238227254,2849.57093,3.419080854
2023,11,29,광주,0.040941872,0.182200269,108.6390041,12.38832781,17.87435619,7.827620694,40.2000694,0.895917581,5.699440448,1013.888794,1023.223665,984.902612,1022.298446,1031.996338,1013.523439,73.50476982,21.92436238,160.8484923,0.284278145,0.173770384,1427149.746,82354.61378,45012.97333,40275.32012,341768.6724,525.4746067,0.057736844,0.03152654,0.028235991,0.239028731,2848.494165,6.554562749
2023,12,29,광주,0.550019691,2.312510718,108.9264738,4.198028077,8.40746584,0.624026322,22.92295082,1.096090761,4.370498295,1016.322155,1027.320323,980.8264454,1024.974564,1036.284217,1018.152731,69.2396147,13.90672176,147.0804248,0.291984718,0.154889583,1425421.029,82233.09435,44869.61597,39920.80032,342626.7312,527.2368037,0.057723249,0.031471498,0.028054278,0.239856727,2844.997478,4.247071036
2023,1,27,대구,0.62797364,3.017036393,106.8014592,1.20092734,6.128061342,-2.925989732,4.608382991,2.260059719,9.638523847,1017.301549,1027.386837,977.6063499,1024.190701,1034.497258,1010.414996,56.64471148,15.95262709,200.2340539,1.169183982,0.079603351,2361974.28,123406.1592,63612.82688,59927.57486,642048.8833,482.1399619,0.052258295,0.026917266,0.025435437,0.271310122,2669.287577,6.891602715
2023,2,27,대구,0.700743511,4.068268831,106.9129307,2.872805292,8.990349074,-2.66106177,9.96615496,2.369831156,9.139485542,1015.785774,1027.411967,973.8788745,1022.647111,1034.342073,1004.224832,53.31962829,15.73586577,260.9243059,1.184086917,0.080276606,2359143.571,122987.087,63783.43355,59269.24821,644558.9274,485.3997721,0.05214161,0.02701285,0.025206175,0.272591758,2666.169192,7.217153341
2023,3,27,대구,0.324784266,1.169251484,108.120892,8.341066952,14.63113327,2.440429717,28.65397198,2.712978466,10.66253463,1012.658516,1026.145123,991.9202341,1019.351036,1033.126188,997.9377159,53.41366291,15.60763863,232.7918609,1.173711,0.094140952,2357466.501,123536.3877,63230.68373,59757.24654,646657.5158,492.535197,0.05240703,0.026836998,0.025410415,0.273701368,2663.882192,15.10763012
2023,4,27,대구,0.203596686,0.773432305,108.2874092,13.85624059,19.89335586,8.399119287,51.72418572,2.434799186,8.921258917,1010.531166,1025.162726,1027.136165,1017.112971,1032.115536,1008.684815,61.75197994,13.33139633,179.6067737,3.626376354,1.020295549,2354799.191,123263.0199,63240.34457,59229.17165,648690.6815,493.4699491,0.052358702,0.026862665,0.025232168,0.274785109,2660.736675,9.703768338
2023,5,27,대구,0.907129658,3.909058491,108.366443,20.83112415,27.27409142,14.09349136,59.44832583,2.501276549,8.912265566,1005.611162,1013.016735,1041.893206,1011.977127,1019.446215,996.5805695,56.9298928,13.64341505,303.4539973,3.993845329,0.785621354,2353193.574,122905.7479,63262.24817,58854.1611,650954.0015,493.282378,0.05225364,0.026886354,0.025101179,0.27587266,2658.864671,6.54140563
2023,6,27,대구,0.58878623,2.057795284,107.9203118,24.51326232,30.22528184,19.33510706,92.27670322,2.240209691,7.80417661,1000.718144,1007.932212,1064.331437,1007.051355,1014.574433,998.6866547,66.75637845,14.61843901,226.941689,1.148444647,0.189324448,2351442.584,122754.8028,63430.34052,58467.06829,652990.0378,492.0673717,0.052219738,0.026964954,0.024959019,0.276862984,2656.863007,4.717358711
2023,7,27,대구,0.198793925,0.782134289,108.09227,24.79459464,29.85535861,21.3026948,223.7773557,2.470126252,8.722285963,1000.746222,1009.277358,676.6071646,1006.881713,1015.57817,991.4004139,79.57822591,36.89103855,147.4283382,2.146637519,0.486933019,2349271.279,122777.3385,63366.21822,58137.43064,654883.4767,492.0970003,0.052270041,0.026960571,0.024846922,0.277859109,2654.324019,7.749045193
2023,8,27,대구,0.690095365,2.443506654,108.5239394,26.78944829,31.66292485,23.0566416,239.8382406,1.721951406,8.622818851,1003.835177,1014.98815,1063.993295,1009.99441,1021.122787,995.4741218,81.7129475,39.54334456,134.7685216,2.967654249,0.911648823,2346756.349,122703.1447,63402.52836,57925.73488,656802.6599,493.0860875,0.052292612,0.027003364,0.0247865,0.278919409,2651.293742,11.15232025
2023,9,27,대구,0.902228672,4.664061343,108.8606047,22.6700478,27.81812036,18.14603288,114.0586538,2.187500374,9.141639257,1007.887437,1018.798903,1048.351575,1014.166558,1025.309705,1001.846623,74.24499686,23.30323644,210.8768316,2.583330745,0.706894934,2344149.413,122535.9603,63422.2821,57685.13998,658783.0413,494.625124,0.052278354,0.027043608,0.024717794,0.279995473,2648.188642,7.59751995
2023,10,27,대구,0.826982211,3.241611298,109.1206876,15.64815702,22.13830876,9.791790345,42.12229648,2.071253113,8.801483389,1012.090102,1021.967889,1016.658486,1018.688645,1028.785102,997.2425444,65.00523282,17.51885741,283.8725953,5.865061718,0.969563572,2343187.633,122613.0002,63165.53662,57537.83678,661402.5392,497.5578224,0.052338272,0.026954493,0.024668558,0.281201026,2647.051919,7.683903519
2023,11,27,대구,0.040941872,0.182200269,108.9613794,10.93388172,16.49104273,5.765027448,17.92082941,1.759336546,8.140577022,1016.210551,1025.901587,1004.275571,1022.932079,1032.84007,1010.555535,69.99451665,19.63091103,164.1394992,1.08523959,0.104993383,2341350.777,122387.4329,63117.87489,57434.49938,663276.2814,501.5035892,0.052290806,0.026956246,0.024648186,0.282185013,2644.865935,4.838447171
2023,12,27,대구,0.550019691,2.312510718,109.4110507,3.313497008,8.318877951,-1.095717867,7.019352548,2.535746197,9.271100163,1017.445913,1027.551627,984.5798916,1024.262443,1034.704669,1014.789627,59.08905395,16.22645535,187.4267327,1.141452172,0.077246365,2338837.226,122307.1026,63059.19727,57022.60948,665661.9918,505.6445699,0.052311418,0.026954902,0.024509862,0.283423962,2641.904529,4.911757184
2023,1,30,대전,0.62797364,3.017036393,106.2871322,0.012976539,5.237218791,-4.332306374,8.791848777,1.276509509,6.279385624,1016.915324,1026.613956,979.9344802,1025.899335,1035.863559,1012.710387,62.83150676,10.69711693,186.7300296,0.371702964,0.141970666,1440040.083,77476.97205,41564.25335,39594.23983,349021.9996,479.4594175,0.053839806,0.028855276,0.027559761,0.241959761,2668.203391,2.609967674
2023,2,30,대전,0.700743511,4.068268831,106.4415318,2.001477676,8.64182921,-3.277807982,17.28324705,1.453789638,5.692632,1014.894467,1025.950619,998.0417302,1023.762999,1035.116541,1006.879004,56.02558375,11.11702063,240.6250673,0.347016944,0.187333676,1439061.423,77148.81334,41603.48938,39264.48306,350441.3826,483.2417993,0.053652803,0.028895396,0.027360889,0.243069953,2666.441929,4.009583584
2023,3,30,대전,0.324784266,1.169251484,107.531498,6.901907395,13.49530207,1.300952174,27.9508509,2.30766107,9.788314539,1011.527918,1023.69152,991.6721198,1020.227143,1032.723496,998.8975433,59.55515159,15.0810853,203.2601629,0.376747118,0.127356537,1439400.355,77462.51753,41516.6507,39329.87882,352326.731,488.6518088,0.053834,0.028847152,0.027362606,0.244311174,2667.917252,6.69662908
2023,4,30,대전,0.203596686,0.773432305,107.7876676,13.07098915,18.99762645,7.608858738,60.80692519,1.871406928,6.620712775,1008.778195,1023.02197,995.9671413,1017.276911,1032.024816,1010.227113,63.18500323,13.39406686,190.4993637,1.057093291,0.399866832,1437639.425,77093.04884,41285.59243,39230.72704,353281.2839,489.125943,0.053659779,0.028723434,0.027347725,0.245204306,2664.338308,7.484834998
2023,5,30,대전,0.907129658,3.909058491,107.7523305,20.79264803,27.1373194,13.71971955,67.51968513,2.081532848,8.511948566,1003.951598,1011.955257,994.305675,1012.034185,1020.428021,998.6738209,56.85882045,19.18711836,311.3250207,1.867314922,0.429340772,1436316.601,76770.25493,41346.34036,39013.89872,354378.1957,489.3163211,0.053497674,0.02878732,0.027237019,0.246135625,2661.695286,2.311296264
2023,6,30,대전,0.58878623,2.057795284,107.3514816,24.05729187,29.52180639,19.10369707,130.0570269,1.462363793,5.215027874,999.1035303,1005.917026,994.2496884,1007.225408,1013.966372,996.046428,66.20584437,20.8665377,232.7161802,0.200811546,0.101438462,1435305.992,76639.22334,41382.20625,38828.07185,355525.1865,489.0410603,0.053445113,0.028825366,0.027132906,0.247063442,2659.697511,3.019482846
2023,7,30,대전,0.198793925,0.782134289,107.5892627,25.97190632,30.47391073,23.12036035,308.5563789,1.886349063,5.341128871,998.293718,1005.821044,992.9802174,1006.355381,1014.167702,992.3852156,77.75973109,28.42777885,182.4955912,0.278162573,0.239154051,1434725.868,76606.80828,41421.77298,38609.76097,356751.4121,489.0636742,0.053441191,0.028859931,0.026993772,0.247989977,2658.587305,3.829616431
2023,8,30,대전,0.690095365,2.443506654,107.9550787,26.75142444,31.03522762,23.79506107,268.1844576,1.475656128,8.327562434,1001.918993,1014.11713,994.4029303,1009.981254,1022.245098,998.5677616,81.67772773,51.10810843,129.6350485,0.60051287,0.796793424,1434061.413,76477.43602,41392.18022,38432.21375,358052.6645,489.7804523,0.053373954,0.028852288,0.02688234,0.24898184,2657.407013,2.777749527
2023,9,30,대전,0.902228672,4.664061343,108.1238891,22.5274789,27.92874083,17.88496609,132.2985155,1.684522382,8.880372787,1005.985434,1015.461805,996.4077017,1014.19512,1024.009101,1003.982941,74.14335193,17.88444346,209.9765081,1.409099269,0.742825369,1432813.511,76395.82477,41363.65504,38380.24058,359338.3284,491.069378,0.053363201,0.028860136,0.026868146,0.250037313,2655.111616,3.63638712
2023,10,30,대전,0.826982211,3.241611298,108.4516799,14.53762399,21.32848663,9.549651302,41.52831111,1.449053017,6.91919604,1010.794256,1019.862567,997.2290243,1019.154374,1028.605341,998.2514189,71.64058502,26.85490379,259.0183142,2.955837161,1.059032402,1432309.281,76218.78062,41320.73036,38370.24994,360897.749,493.4983332,0.053264822,0.028844591,0.026867342,0.251166393,2654.313257,4.988027645
2023,11,30,대전,0.040941872,0.182200269,108.2746837,10.70650163,16.16771643,5.105239645,35.83475347,1.528528142,5.322304539,1014.605497,1024.928991,999.7888523,1023.252192,1033.979671,1011.162554,71.28641793,24.76167259,172.6045712,0.360828018,0.193673441,1431459.461,76086.5215,41314.73176,38193.53752,361937.2038,496.9255296,0.053209049,0.028859088,0.026768942,0.252005055,2652.829967,3.794701125
2023,12,30,대전,0.550019691,2.312510718,108.7088496,2.142312127,7.09766721,-2.365563945,14.30644962,1.368155082,5.485663912,1016.619926,1027.805703,1002.212936,1025.641938,1037.262389,1018.631759,68.34794274,22.60238151,157.0666435,0.31866268,0.134377555,1429936.368,75812.9813,41156.62914,37961.57412,363186.0272,500.4989183,0.053085891,0.028780826,0.02665066,0.253071839,2650.035467,4.490083403
2023,1,26,부산,0.62797364,3.017036393,106.0714698,4.175194646,8.915601156,0.785427209,26.63845055,3.220684987,12.89326795,1013.091348,1022.890399,1004.363815,1021.734739,1031.581978,1007.840287,49.71372353,14.27799889,216.4106671,1.53242485,0.252268986,3319666.32,160926.7612,79015.91015,71615.1731,1026935.558,459.5892335,0.04847959,0.023790153,0.021624058,0.308878786,4304.142644,9.701710067
2023,2,26,부산,0.700743511,4.068268831,106.3463701,5.606567464,10.72166119,1.414152259,45.94611485,3.217288932,9.860863921,1012.357962,1023.482543,985.7674548,1021.026779,1032.22599,1002.472697,48.75238763,13.50384978,240.5181728,2.303825552,0.999420876,3317521.441,160566.6918,79093.31843,71137.04705,1030339.232,461.3055755,0.048405698,0.023828377,0.021508674,0.310028889,4301.538843,10.98942493
2023,3,26,부산,0.324784266,1.169251484,107.5899192,9.375201438,14.26826733,5.195069314,82.12456843,3.484266772,12.65136725,1009.445681,1021.964771,1073.485791,1017.861925,1030.77402,996.9829892,54.61674303,15.44603276,235.0766636,2.968304757,1.121211717,3314651.853,161647.9576,78821.86615,71242.6705,1033716.953,466.203262,0.04874495,0.023767221,0.021501938,0.311316594,4297.203411,19.13079459
2023,4,26,부산,0.203596686,0.773432305,107.6056528,14.06687028,17.99270146,10.62102139,141.2524981,3.496510175,13.86500372,1007.727797,1021.031469,1058.497663,1016.020619,1029.469976,1009.15558,67.03744319,15.71084739,195.2939018,4.517844402,1.091787984,3310181.641,160990.7241,78931.7688,70866.39202,1035821.4,466.6063209,0.048625528,0.02383182,0.021444234,0.312252213,4291.526243,15.18268827
2023,5,26,부산,0.907129658,3.909058491,107.3822995,19.15686496,23.48495061,15.68538807,148.3443922,3.168959303,13.20814628,1003.051165,1010.272892,617.6649978,1011.19843,1018.386118,997.2224562,67.30993073,24.46281776,274.1020126,5.370767546,1.06444568,3307960.131,160734.3215,78948.86442,70615.91188,1038858.5,467.3890711,0.048585992,0.023852483,0.021393204,0.313317086,4288.885074,13.01577212
2023,6,26,부산,0.58878623,2.057795284,107.2217485,22.36297306,26.25945523,19.88289098,171.549264,2.867592564,13.19114175,998.591692,1004.92102,1069.485703,1006.618608,1012.870994,993.2220394,79.4233651,30.2054358,206.7557257,2.067889846,0.782327652,3307390.896,160895.5034,79156.67671,70063.01321,1041936.476,468.6377679,0.048637865,0.02391391,0.021235844,0.314296198,4288.291719,11.78897691
2023,7,26,부산,0.198793925,0.782134289,107.3333637,24.33474555,27.59680046,21.92642195,338.3450003,3.205390484,10.58185249,997.950763,1005.109518,1041.431229,1005.790958,1013.374201,986.1197294,81.73861189,41.99912283,180.7939116,2.141419731,0.895453246,3304758.624,161089.5059,79173.42285,69686.4244,1044774.46,470.1739443,0.048730632,0.023936945,0.021141592,0.315337052,4284.95364,15.33285065
2023,8,26,부산,0.690095365,2.443506654,107.6111376,26.56356856,29.33048607,24.50652637,229.2327909,3.229471977,9.904812297,1001.269984,1012.202641,1020.935324,1009.087479,1019.967854,994.6056638,83.25275374,51.06468702,181.5102588,4.617193492,1.061876002,3301307.935,161167.9955,79225.20355,69464.21173,1047230.067,472.0550896,0.048801927,0.023977461,0.021092515,0.316335868,4280.44653,13.54142174
2023,9,26,부산,0.902228672,4.664061343,107.9444834,23.66201052,27.9197216,20.52219927,172.3389096,3.022220817,15.03082081,1004.488592,1015.085126,995.2712655,1012.468783,1023.137812,997.9594341,72.00959275,30.53275067,220.3233532,1.749023715,0.345189587,3297879.666,161065.4713,79302.54439,69309.39749,1049868.752,474.1667622,0.048820099,0.02402407,0.021062061,0.317401516,4276.008685,15.3250335
2023,10,26,부산,0.826982211,3.241611298,108.3122616,17.6566961,22.70981928,13.6649918,80.60921121,2.717490914,13.82608941,1008.601481,1016.999671,966.2798643,1016.81924,1025.320352,1002.076671,61.34138065,23.54281487,266.5617895,9.779485078,1.073330804,3296535.868,161115.308,79307.51832,69093.67743,1054329.317,476.2799313,0.048853815,0.024033222,0.021004322,0.318844749,4274.299352,12.01816308
2023,11,26,부산,0.040941872,0.182200269,108.1943906,14.46558606,18.72400151,11.20607567,50.52749837,2.837507689,11.74983935,1012.241039,1020.530712,915.3120904,1020.591464,1029.203379,1004.059976,62.79687072,16.39091215,174.4282914,1.617323377,0.433723623,3294247.838,161077.8107,79265.84365,68880.48889,1056845.011,478.3296698,0.048875963,0.024035293,0.020959121,0.319805812,4271.292317,10.58264132
2023,12,26,부산,0.550019691,2.312510718,108.4372545,6.214679314,10.60864015,2.678987408,31.89790531,3.078640626,9.554269707,1013.26351,1022.806133,959.2527105,1021.912685,1031.69048,1007.600523,49.87750938,17.73221224,219.3974952,1.599785233,0.359674134,3291268.286,160942.6056,79234.63976,68490.30994,1059484.925,479.9984127,0.048881585,0.024047919,0.020878827,0.320835196,4267.344773,10.87673493
2023,1,11,서울,0.62797364,3.017036393,105.8142779,-1.145689185,3.048947886,-5.071331587,2.284555583,2.031304644,6.650368125,1014.410452,1024.274369,1005.723393,1025.34803,1035.522551,1009.701414,56.52511176,20.61424122,204.4619419,4.222919335,0.430724046,9448082.56,409774.2989,220976.3429,211651.6371,2411365.625,568.5667223,0.043396217,0.023388405,0.022446563,0.254761583,15611.99155,16.72994309
2023,2,11,서울,0.700743511,4.068268831,105.9886601,1.463622448,6.710253869,-2.888176454,10.02615686,2.509484876,7.242110539,1011.943022,1022.714007,985.500131,1022.743947,1034.02283,1006.075982,54.09035901,16.72468797,235.5636587,4.10997618,0.496014686,9447338.011,408017.4576,221166.2378,210037.5597,2419675.045,570.9543901,0.043215066,0.02340741,0.022293549,0.255621844,15610.44493,21.98148474
2023,3,11,서울,0.324784266,1.169251484,106.8043063,6.178875576,10.8432256,1.592605256,16.88580311,2.589474587,7.747295335,1008.782139,1021.512197,976.4247437,1019.384294,1032.263059,999.559189,63.92710558,20.36857967,170.6173266,4.366118924,0.681788825,9427490.627,408672.5701,220361.0123,209714.5091,2423185.919,577.9721761,0.043389377,0.023372219,0.022242019,0.256716685,15577.02301,41.4784492
2023,4,11,서울,0.203596686,0.773432305,107.1786743,12.49239105,17.18662665,7.850907314,53.89865885,2.573508182,8.289947932,1006.387183,1020.976769,983.3526226,1016.736563,1031.864365,1007.015317,62.54272376,18.62889185,189.169199,8.787899588,1.287613305,9422376.93,407236.2376,219946.0602,209008.4332,2429375.136,577.8618236,0.043264041,0.023345974,0.022208031,0.257353706,15568.5136,28.0329394
2023,5,11,서울,0.907129658,3.909058491,107.1233605,19.55772328,26.1532346,13.99491708,77.78707643,2.575025685,7.68198003,1001.248656,1009.747345,967.5585633,1011.057695,1019.933827,996.0876441,56.41496709,27.98117765,282.1484161,7.825260777,1.228797381,9416662.001,405713.9835,219623.7471,208445.6261,2435656.467,577.9812591,0.043136036,0.023331145,0.022175561,0.258069105,15558.99253,27.20108839
2023,6,11,서울,0.58878623,2.057795284,106.8437027,23.30866568,28.15997422,19.06740394,132.6571837,2.303761958,6.664354149,996.6240873,1003.963947,982.3910358,1006.437182,1014.040598,993.4879137,71.498354,22.67624549,205.3668721,4.390494521,0.860039387,9411372.436,405441.0944,219830.9505,207525.6433,2441597.412,578.4243975,0.04312087,0.023360157,0.022096195,0.258782609,15550.6429,35.89892328
2023,7,11,서울,0.198793925,0.782134289,106.9830058,26.55249056,30.93467135,23.15712962,412.087142,2.248797868,6.760123588,995.7172497,1003.052595,886.6859034,1005.342621,1012.988302,991.0901104,75.25147573,34.08402885,156.056184,5.09704861,1.19773148,9406195.341,405202.8535,219991.865,206411.2656,2447700.433,579.2822608,0.043115499,0.023384701,0.021990516,0.259549421,15542.27354,34.29301295
2023,8,11,서울,0.690095365,2.443506654,107.3250972,26.85787036,30.55792112,23.50385523,286.9045349,1.833388709,7.563003238,999.3180029,1011.506746,1075.036229,1009.008333,1021.221523,1001.005262,81.93961149,38.49309583,154.5318222,5.213226814,0.645261939,9398138.923,404569.8732,219857.3983,205498.5913,2452883.708,580.9074858,0.043089229,0.023389731,0.021905598,0.260304785,15529.05174,22.20744786
2023,9,11,서울,0.902228672,4.664061343,107.5499662,22.61108666,27.26590813,18.30412511,128.4952734,2.068183365,7.046875836,1003.777998,1013.708021,939.8344463,1013.642324,1023.8795,1000.555886,68.70337455,30.43160787,181.6082771,10.33627357,0.983977901,9385184.466,403186.8946,220108.3535,204874.1172,2456784.685,582.956292,0.043010236,0.023445691,0.021863785,0.261049304,15507.65962,24.62225602
2023,10,11,서울,0.826982211,3.241611298,107.7627494,15.34239215,19.98209653,10.73599009,39.72401553,2.153277658,6.986544585,1008.002513,1018.091442,961.7354624,1018.209089,1028.758116,998.1682222,68.66404266,27.40625104,225.4500627,14.5161275,1.25451103,9377575.014,402940.4671,219731.8652,204661.0183,2468214.841,585.4713304,0.0430191,0.023426992,0.021856383,0.262419007,15494.60827,19.35035931
2023,11,11,서울,0.040941872,0.182200269,107.7681166,9.225704712,14.4629758,4.790065977,46.27155384,2.36413504,7.143010552,1012.26436,1022.752112,978.2953617,1022.695227,1033.715807,1009.407892,68.10491012,23.8918988,162.6149748,4.262299488,0.622851288,9368507.03,401897.3361,219462.1984,204097.6041,2472254.489,588.2626724,0.04295508,0.023423285,0.021828128,0.263060937,15479.19354,17.25650017
2023,12,11,서울,0.550019691,2.312510718,108.1338703,0.804174158,5.202394531,-3.336898721,8.323420788,2.257491187,6.793213828,1013.830471,1025.353658,991.7120201,1024.733609,1036.780661,1016.315574,61.48215464,26.4485845,183.0820774,4.007907553,0.807403137,9360472.635,400995.5829,218986.3208,203006.5815,2477131.59,590.7605802,0.04289737,0.023395142,0.021751147,0.263734188,15465.68331,14.75355982
2023,1,36,세종,0.751093475,3.391929973,110.5816461,0.152850387,4.932800359,-3.847465151,24.45780407,1.411568797,6.373967606,1012.30748,1021.325288,997.2319149,1023.475508,1032.087365,1007.985936,57.82468043,16.05701448,188.9432352,0.076355159,0.023209144,389636.8698,34334.49474,16252.9127,13612.42974,61733.64918,640.3031599,0.08819093,0.041823625,0.03499484,0.158511341,838.0969408,3.040457179
2023,2,36,세종,0.720256495,4.349269862,111.1526948,0.509861903,5.88961108,-4.026516037,43.93127084,1.334985518,6.434041585,1013.952618,1027.362907,999.935532,1025.052276,1038.221829,1009.83255,63.89424878,13.97348459,192.3475764,0.105184031,0.040872908,392174.5384,34938.36726,16440.92308,13734.9401,62146.94818,631.8532061,0.089685038,0.042181271,0.035110719,0.158203954,843.6517076,6.315591194
2023,3,36,세종,0.328714935,1.226531434,111.0041047,5.635671751,12.57815085,-0.542867753,55.8640003,1.713602222,6.679212491,1007.753241,1022.336472,987.7332153,1018.568065,1032.139215,998.1560603,54.2544081,9.278324151,224.211645,0.099302347,0.017873607,392489.47,34666.05637,16462.26308,13722.18028,62467.9202,572.4706442,0.088881268,0.04251932,0.035096814,0.159330239,843.1714628,6.718312173
2023,4,36,세종,0.060828307,0.38921694,111.9356838,13.62562009,19.31242537,7.956049016,95.49343193,1.212222335,6.604500337,1006.277448,1016.458765,998.0247968,1017.163057,1026.720222,1008.520248,66.7520791,10.67350619,133.5854574,0.300538407,0.222121236,393515.3832,34652.55448,16503.81054,13864.83497,62894.37903,584.543495,0.088056953,0.042144759,0.035361438,0.160224946,845.9531086,2.374682202
2023,5,36,세종,0.942790313,4.428461303,112.889739,20.0647801,27.57177421,12.27343759,77.77548775,1.636653578,6.486072789,1001.157248,1011.938367,998.1950075,1011.178054,1018.991109,1008.479756,45.94680198,12.61693305,330.3719797,0.074981287,0.009709089,393488.6099,34654.93351,16506.41059,13889.51139,63208.08373,596.2580518,0.087855357,0.041982432,0.035373137,0.16149776,846.3080181,1.515379604
2023,6,36,세종,0.600444711,2.242373004,112.8715001,22.48599133,27.79233689,18.58914676,140.039202,1.274754736,5.514506134,997.0918486,1006.19894,987.5633214,1006.685235,1015.838325,996.839457,67.39257644,20.95949589,170.09032,0.080722851,0.027018982,394151.5726,34669.52871,16520.87485,13990.41459,63388.43562,606.4227616,0.087438211,0.041766811,0.035682035,0.162000671,848.1106423,2.671562927
2023,7,36,세종,0.05008299,0.344350132,113.0100279,27.28057852,31.29229542,24.18142847,252.6541343,1.321158302,6.015177537,996.4905909,1003.596915,979.0315555,1006.297616,1013.853544,988.7083973,78.08076269,33.46550889,207.8174018,0.329115265,0.324886209,398012.1876,35253.8804,16712.30699,14162.13613,63829.92668,613.8429296,0.089091102,0.042432739,0.035714715,0.160275415,856.3469903,2.011230781
2023,8,36,세종,0.706533015,2.678939096,113.2906714,24.5598216,29.06461252,21.84217633,258.398326,1.02585378,6.089842082,997.2664953,1009.622876,990.291836,1007.030071,1017.877307,998.2544268,85.27145022,35.97555049,164.1841613,0.351815458,0.255689064,397739.7624,35230.61793,16831.63739,14141.20511,64051.1833,608.5977411,0.088596733,0.042593491,0.03570742,0.16221089,855.5000996,2.80962168
2023,9,36,세종,0.948128105,5.471267768,113.5389063,21.23335561,27.11370135,16.25069179,145.0677331,1.320667126,6.678000412,1004.540935,1016.368796,1000.035845,1014.83545,1024.574563,1010.981444,72.10464011,24.9087949,165.3714843,0.045211233,0.011706119,398433.4942,35226.26989,16880.26245,14163.5904,64402.18939,601.6747066,0.088439479,0.042718478,0.035628418,0.162876494,856.794588,2.376553875
2023,10,36,세종,0.917494071,3.685594358,114.4381585,13.62649598,19.91080413,8.541438137,120.0180693,1.252663262,6.12181394,1007.727398,1019.978501,981.3361024,1018.228273,1029.848276,991.0199751,73.02081408,21.19613187,229.774754,1.448071551,0.706550149,398794.7939,35114.40459,16886.98668,14285.03094,64730.19279,590.8828197,0.087983516,0.042545441,0.035929519,0.16345521,857.5009071,1.648300396
2023,11,36,세종,0.036708156,0.272937878,114.4918812,9.990310957,15.45009026,5.044424591,87.55055044,1.046230052,6.419773696,1011.769902,1019.650372,1007.751052,1022.974387,1029.585283,1018.683777,75.18881105,19.43974539,99.98672257,-0.009684496,-0.018311826,400151.4155,35005.54608,16887.44106,14374.51373,65179.50911,577.603578,0.087269583,0.042068372,0.036095585,0.164088807,860.4215644,1.94819682
2023,12,36,세종,0.528303834,2.289543569,115.1854281,0.193190589,4.873007775,-3.998672282,22.45450229,1.204098403,6.601682843,1014.68491,1026.443263,1010.677233,1026.041631,1037.478246,1021.310597,63.46630513,16.5474956,163.456905,0.038387324,0.002341423,402227.1203,35385.04154,16942.82166,14517.02248,65461.45608,567.3849133,0.088025684,0.04213369,0.036294508,0.163876275,865.0023857,2.83548531
2023,1,31,울산,0.62797364,3.017036393,106.1073072,2.957974197,7.297914791,-0.851793088,30.34045399,2.357999162,8.152671052,1012.877961,1023.102137,999.3448737,1022.570809,1032.853192,1008.325415,53.13518396,10.85917928,208.3918141,0.876931937,0.299921244,1109676.606,66979.85518,34180.98213,29849.9888,262204.5429,505.6496458,0.060364489,0.030779243,0.02693824,0.235720101,1044.076652,6.427820741
2023,2,31,울산,0.700743511,4.068268831,106.1807841,4.208688273,9.548882311,-0.419338714,33.08224655,2.180536621,6.599668479,1011.876252,1023.515407,994.0724523,1021.554666,1033.157385,1002.965266,51.65729292,9.66304942,240.6840547,0.936087266,0.353532625,1108909.815,66898.87463,34304.40415,29620.51121,263474.9185,508.3614202,0.060335562,0.030906319,0.026772719,0.236931027,1043.30639,5.730663454
2023,3,31,울산,0.324784266,1.169251484,107.4377744,8.857398422,14.10768459,3.554699117,55.4081961,2.323966589,5.058085212,1007.750915,1020.560904,986.7292849,1018.27566,1031.807501,997.2217339,54.47096309,9.764537168,252.432788,0.991703184,0.426955692,1107492.833,67056.21899,34112.66765,29887.25851,265252.7622,507.9981751,0.060543828,0.030750707,0.027034374,0.238906007,1041.663715,5.305774019
2023,4,31,울산,0.203596686,0.773432305,107.5994952,13.43633315,17.93906048,8.97228808,84.97523447,2.239463888,4.556424183,1007.697332,1021.543222,999.6203909,1016.85791,1031.134953,1008.129244,65.47112241,9.524591146,197.1396699,1.051779942,0.471544951,1106363.856,66840.66049,34111.24864,29769.77395,266314.9116,510.9869987,0.06041846,0.030795701,0.026962201,0.239989214,1040.681753,7.274955119
2023,5,31,울산,0.907129658,3.909058491,107.5481853,19.53726188,24.74470213,14.36106904,94.04005093,2.205464844,7.760022863,1002.495723,1009.648908,987.9781973,1011.798139,1019.098492,996.8813657,62.82083913,13.26907967,277.7111979,2.276693833,0.60991972,1105314.524,66656.03138,34181.95515,29560.1025,267436.6816,513.4615573,0.060312499,0.030889562,0.026811374,0.241116724,1039.773601,2.906675905
2023,6,31,울산,0.58878623,2.057795284,107.2636237,22.86875341,27.48620663,18.86201184,130.0289085,1.879093543,5.745115106,997.5295505,1004.11879,984.4144559,1006.908315,1013.674688,993.3448329,79.4490477,25.82771871,211.1069179,1.142082458,0.429822565,1104562.973,66667.75942,34322.29736,29367.78791,268489.5369,514.8848662,0.060367601,0.031028775,0.026657519,0.24217288,1039.106378,14.41977119
2023,7,31,울산,0.198793925,0.782134289,107.2982044,24.11500698,27.22779229,21.90660876,243.202534,1.989151348,6.856134116,997.4294497,1005.478297,979.7671019,1006.800549,1015.121008,988.6856126,84.84268728,39.78933785,154.4229913,1.511931046,0.617613074,1103570.544,66721.09993,34406.59608,29238.54006,269601.0169,516.0774063,0.06046965,0.03112695,0.026571866,0.243323243,1038.194332,-3.539758401
2023,8,31,울산,0.690095365,2.443506654,107.639192,26.86589148,30.57130926,23.54538987,204.3619763,1.76636381,4.464742062,1000.213468,1010.882941,987.8152045,1009.577567,1020.502435,996.6940131,81.48764236,37.26797419,195.2624265,1.032979079,0.454567967,1102392.852,66680.50319,34434.66511,29226.78243,270858.5408,517.5123169,0.060496277,0.031181678,0.026589847,0.244649121,1037.08373,3.635015704
2023,9,31,울산,0.902228672,4.664061343,107.9826402,22.54987721,26.53880892,18.91175699,177.2501545,2.196908952,8.575550533,1004.180717,1015.171662,992.3304951,1013.678148,1024.9581,1001.466304,75.59523306,27.94440384,209.0645346,1.984490915,1.167343001,1101537.783,66680.77144,34543.60586,29153.1714,272118.3809,519.241364,0.060539698,0.031294347,0.026543339,0.245939017,1036.270542,6.866594292
2023,10,31,울산,0.826982211,3.241611298,108.2233875,16.26101421,21.75774913,11.8231526,71.63775588,1.903520285,5.271507191,1008.224618,1017.07386,989.5723405,1017.669183,1026.954396,998.5635273,64.411807,17.94294018,260.9797735,3.519094686,1.219400448,1100864.557,66694.76041,34469.53466,29136.99651,273545.1076,521.1633895,0.060586129,0.031241877,0.026548715,0.24734759,1035.572451,2.017132632
2023,11,31,울산,0.040941872,0.182200269,108.1787517,12.41284461,17.09069289,7.774529479,39.69858682,1.842431759,4.79971586,1012.40322,1020.362923,996.9882226,1021.933968,1030.289653,1006.090376,68.73702584,13.23479248,171.5431132,0.977602329,0.423260235,1100223.993,66509.01643,34485.9245,29150.93715,274817.4967,523.4324014,0.060456037,0.03127413,0.02657886,0.248603881,1034.895867,4.573509005
2023,12,31,울산,0.550019691,2.312510718,108.5169609,4.85539186,9.117428204,0.827503705,21.14624606,2.376129323,6.835231234,1013.152213,1022.857103,1000.691114,1022.719148,1032.834904,1009.619319,53.55344355,11.34589371,215.6945919,1.197590424,0.496094492,1098942.323,66305.32728,34498.53821,28978.49744,276007.4808,525.8494048,0.060342811,0.031325073,0.026465141,0.249852126,1033.630036,-0.852923188
2023,1,28,인천,0.62797364,3.017036393,106.9507927,-1.228303748,2.341423362,-4.710374248,9.776165706,2.907966813,10.57642489,1020.62384,1027.643461,1005.197282,1026.769639,1037.346583,1013.115719,63.94836273,26.50774477,215.6965785,0.355913927,0.184184676,2949730.131,157693.3192,82512.52692,74925.04306,716722.7357,535.4309357,0.053458286,0.02798404,0.025429275,0.242904584,2752.574087,7.440637822
2023,2,28,인천,0.700743511,4.068268831,107.0282212,1.133392535,5.205733755,-2.76973918,14.3213823,3.37600402,8.710709116,1017.913586,1028.359811,1002.278106,1023.74646,1034.925793,1008.728636,66.24448616,20.64672851,240.6720668,0.664806996,0.193387895,2949895.205,157111.3288,82888.93646,74457.49512,720028.3393,539.23546,0.053258697,0.028113214,0.025262201,0.244028659,2753.281187,7.066730368
2023,3,28,인천,0.324784266,1.169251484,108.0615728,4.601590556,8.923811735,0.916026177,19.03599494,3.409383787,14.48351343,1014.781909,1029.180973,996.923982,1020.945261,1033.623157,1000.389369,72.78889291,23.16122404,222.3433008,1.039251024,0.213292536,2948912.58,157927.5522,82397.72649,75157.32068,724065.9802,546.3724261,0.053560332,0.027928134,0.025504521,0.245474118,2762.940401,19.50978861
2023,4,28,인천,0.203596686,0.773432305,108.289463,10.48027464,14.64328368,6.64809804,51.04124495,3.273305234,9.95839363,1012.218493,1031.006,1003.707373,1018.088315,1033.095171,1005.91762,72.70062309,17.44650265,225.2161271,2.491226821,1.045357704,2949557.174,157558.975,82548.23181,74658.45582,726936.7616,547.0523934,0.053420638,0.027985876,0.025341301,0.246386074,2760.76866,19.22446105
2023,5,28,인천,0.907129658,3.909058491,108.3798455,16.95123934,21.85414003,12.30072147,84.70864473,3.433884922,8.801131548,1006.803704,1020.589563,993.0220963,1012.290497,1021.410765,998.8984044,70.48456068,24.09342752,300.5215164,2.726425687,1.024755105,2949523.776,157123.8289,82680.03069,74349.78828,729843.4614,547.4881363,0.053272531,0.028036892,0.025245638,0.247373099,2758.488496,11.77705585
2023,6,28,인천,0.58878623,2.057795284,108.1172126,20.74428168,24.66893435,17.37700711,102.3455645,2.795649737,10.36247371,1002.059398,998.7267676,986.1974163,1007.552498,1014.808871,992.5235725,83.81753684,31.93344948,232.4740054,-0.230746486,0.28440757,2949835.954,157053.74,82843.81241,73986.244,732908.3062,547.0594664,0.053244633,0.028089306,0.025118678,0.248394929,2758.54075,9.743048033
2023,7,28,인천,0.198793925,0.782134289,108.1094397,24.82438491,28.60882275,21.77687539,291.0948211,2.571833223,9.17640042,1001.028888,1007.181042,988.8705673,1006.224902,1014.035292,993.162396,87.78106023,41.71302352,210.6066492,0.77110816,0.425703692,2949617.491,156954.3075,83027.728,73721.95202,735966.3656,547.3582701,0.053214315,0.028155359,0.025029261,0.249437619,2758.848481,5.083046923
2023,8,28,인천,0.690095365,2.443506654,108.4921412,25.27826341,28.75332702,22.52109199,215.3291849,2.547298763,9.843150256,1004.814654,1021.591692,1000.88125,1010.066603,1021.887114,1002.891431,93.69812694,46.73620017,195.1317835,0.521067655,1.04437649,2949747.221,156920.0149,83160.27988,73480.82924,739255.3179,548.6289996,0.053200524,0.02819689,0.024945374,0.250533263,2760.299872,6.89213675
2023,9,28,인천,0.902228672,4.664061343,108.8199476,21.59252945,25.54282171,17.99441018,118.0975377,2.501369172,11.87271379,1009.301098,1022.332736,996.3007383,1014.890222,1025.356185,1003.284658,78.60026963,32.0703809,239.2121001,4.026188184,0.54387456,2948772.942,156772.4701,83162.0425,73529.05673,742315.3828,550.4966139,0.053169729,0.028203185,0.024972833,0.251637682,2760.861255,7.754937226
2023,10,28,인천,0.826982211,3.241611298,109.1626898,14.65778343,18.94215713,11.08307669,42.32833337,2.745921432,10.29646946,1013.77502,1025.293624,995.6406647,1019.430306,1030.355316,998.8802069,73.00564419,33.19968747,255.9166266,6.256280009,1.145964293,2949242.164,156769.898,83119.81275,73606.34045,746092.4816,553.4755783,0.053163694,0.028179777,0.025001233,0.252911605,2763.065485,12.96350261
2023,11,28,인천,0.040941872,0.182200269,109.0407301,9.070726576,12.9687448,5.088100427,48.592185,2.753839246,9.503088218,1018.206115,1027.777173,1003.698376,1024.212297,1034.085893,1010.887606,72.87139924,29.10798918,185.89882,-0.347443276,0.321662128,2950357.787,156672.521,83166.74124,73423.61576,748990.8791,557.4059461,0.053109228,0.028186856,0.024929947,0.253804907,2765.920922,6.540375801
2023,12,28,인천,0.550019691,2.312510718,109.4376436,1.399642076,5.072691838,-2.481237395,16.90476353,3.213985796,11.96791254,1019.841482,1030.343565,1012.55993,1025.985407,1038.519357,1014.377891,67.6152472,26.02443767,193.358797,0.234981204,0.337819565,2950896.916,156472.0477,83211.60306,73068.01061,752177.252,560.9421983,0.053030287,0.028205,0.024804332,0.254813491,2767.603827,7.058007933
2023,1,46,전남,0.62797364,3.017036393,107.1265996,2.157264455,6.619483935,-1.657620875,17.24327861,2.992766153,9.94827216,1024.032429,1002.497655,1012.998404,1025.60612,1035.109534,1016.043227,73.18731515,40.86052739,205.0166264,2.771028699,0.034570027,1816986.142,90439.16133,48445.16096,44421.0725,629062.3564,200.7728366,0.049791825,0.026648767,0.024485083,0.345778734,146.8204378,4.919816635
2023,2,46,전남,0.700743511,4.068268831,107.2704129,3.208998714,8.848929022,-1.999717327,32.40736973,2.967718161,9.501225705,1023.06166,1012.7368,1007.805441,1024.295664,1035.496912,1008.533177,67.99233927,25.09271796,237.2409191,2.462843061,-0.081826191,1814146.489,89919.06483,48400.04224,44015.23475,630446.4918,203.8644856,0.049593686,0.026669564,0.024316538,0.346931716,146.6016143,3.563552511
2023,3,46,전남,0.324784266,1.169251484,108.3653707,7.545740653,13.24433881,2.231039576,65.10600334,2.970064208,13.04462266,1019.624874,1027.078736,998.9619314,1020.718366,1032.735861,999.7765696,76.02969218,43.00534805,229.1767527,8.670133396,0.929690831,1813885.987,90658.72576,48245.82922,44165.50725,632774.0141,205.6299115,0.050015725,0.026595926,0.024411284,0.348474353,146.6865784,7.634230289
2023,4,46,전남,0.203596686,0.773432305,108.6685467,12.67645714,18.13124688,7.686666655,101.3892878,2.583603698,8.770144539,1016.806329,1029.776895,1010.035166,1017.565941,1031.393478,1010.916699,77.99662774,23.18556705,221.27239,14.21326216,0.858930103,1813427.512,90263.3827,48384.68823,43907.08814,634017.3985,207.4207896,0.049809323,0.026670103,0.024271203,0.349192878,146.6202766,6.622997255
2023,5,46,전남,0.907129658,3.909058491,108.7713465,18.40694853,24.17775448,13.17449684,115.9962565,2.460312632,9.152720606,1011.897333,1019.114753,1002.616716,1013.206195,1021.465813,1004.025491,71.65538672,24.37732304,277.9488525,16.04719269,0.829054543,1812291.865,89877.07789,48403.74536,43785.05034,635401.137,207.9707907,0.049631273,0.026696844,0.024220914,0.350125988,146.5039035,9.289941989
2023,6,46,전남,0.58878623,2.057795284,108.3961992,22.18542409,26.88879266,18.3670836,147.2241812,2.048621804,7.975358609,1007.421885,1007.559665,997.9925032,1008.070166,1015.087106,998.4186183,86.19332715,47.51743326,231.7155756,2.02014266,0.801893255,1810616.4,89855.37719,48502.4172,43431.51234,636757.462,206.7984496,0.049653714,0.02676916,0.024050604,0.351083305,146.3844474,2.471435331
2023,7,46,전남,0.198793925,0.782134289,108.5016794,24.84537634,28.75178483,21.73696553,270.9818525,2.279249431,9.524354461,1005.814235,996.436383,991.589065,1006.896969,1013.177016,991.6987119,88.10931059,50.87934276,196.7898352,1.988285787,0.804918224,1808748.388,89732.15793,48612.40448,43150.89614,638503.2658,206.1326366,0.049638294,0.026852812,0.02392917,0.352316672,146.2503466,3.518075114
2023,8,46,전남,0.690095365,2.443506654,108.8931921,25.99490213,29.87809915,23.13514556,248.6621392,1.910667267,8.331565439,1009.633098,993.3961052,995.5613299,1010.563981,1021.984896,1002.138678,90.51244661,74.3583696,192.4404519,7.207161191,0.812556893,1807012.408,89743.02733,48513.07759,42938.25249,640154.3676,206.0437214,0.049694418,0.02682607,0.023842269,0.353507925,146.1292427,4.952842803
2023,9,46,전남,0.902228672,4.664061343,109.1494404,22.75313914,27.70170978,18.6031135,147.4532877,2.024776714,13.82006939,1012.924569,987.6492664,1001.146952,1013.905619,1023.817956,1002.528888,81.82566261,45.3355047,242.465342,10.28094053,0.821177655,1805513.104,89608.44025,48615.5419,42812.14582,641689.6192,206.4619101,0.049666738,0.026900082,0.023795871,0.354619149,146.0275563,6.909086171
2023,10,46,전남,0.826982211,3.241611298,109.5419959,16.09471812,22.31963065,10.73489669,60.8958434,2.1826322,8.948104857,1018.451519,993.5240376,1003.099941,1019.400989,1029.503889,1002.98564,74.86456086,43.51362326,271.792124,21.67862183,0.8549886,1804788.765,89592.20174,48553.29868,42658.00185,643721.6328,208.0985883,0.049676824,0.026882863,0.023724825,0.355893726,145.9870691,4.784913115
2023,11,46,전남,0.040941872,0.182200269,109.3420439,12.16044397,17.35623013,7.599192544,44.89309882,2.453371537,8.482063024,1021.782148,1195.67125,1011.214944,1022.844863,1032.054171,1013.390675,75.84903938,42.93227428,182.1828716,4.60814863,0.865370645,1804102.697,89412.89731,48661.56977,42553.77681,645029.3934,211.066419,0.04959768,0.026951173,0.023678836,0.356740553,145.9512055,3.069455177
2023,12,46,전남,0.550019691,2.312510718,109.774503,4.796100965,9.114896549,0.801288414,24.72307076,2.922455769,9.503445408,1024.188018,981.3448811,1017.186098,1025.610119,1036.35101,1017.571599,73.89627766,44.35719977,193.8109601,4.739747637,0.853601952,1805334.357,89324.03928,48615.22807,42336.60285,646430.9818,213.920009,0.049509965,0.026903206,0.023534082,0.357310413,146.0685245,2.099665729
2023,1,45,전북,0.62797364,3.017036393,106.9104867,-0.715634541,4.176085074,-5.006328491,16.4462027,1.514128071,8.048090029,1023.980757,1032.688599,1010.864601,1026.282428,1035.70962,1014.476711,73.60724318,29.9483521,174.595175,3.672760931,0.568349088,1767395.303,90773.84639,49871.0407,47068.07534,570132.4374,234.5283358,0.051401216,0.028213934,0.026685179,0.321954366,218.897719,2.857137281
2023,2,45,전북,0.700743511,4.068268831,107.0050553,1.065538202,7.4386682,-4.876881355,22.39868687,1.73837273,7.683221739,1022.097147,1032.583594,1005.688966,1024.553991,1036.861057,1008.31691,68.83232907,20.66858158,237.242803,3.452053627,0.268253934,1766560.035,90322.14056,49893.45426,46575.03987,571720.3233,235.8275132,0.051158145,0.028236228,0.026417767,0.323011233,218.7966625,4.978623019
2023,3,45,전북,0.324784266,1.169251484,108.1212436,6.249167941,12.67718579,0.369697922,34.52401938,2.299342345,11.24062647,1018.674374,1030.140585,996.3153385,1021.00675,1032.60997,999.8605825,69.61815142,23.06057802,211.3981502,5.056506425,1.192092514,1766081.398,90761.78918,49932.07529,46942.81874,574084.0352,237.9391007,0.051436283,0.02825619,0.026660862,0.324672558,218.7116747,8.652091239
2023,4,45,전북,0.203596686,0.773432305,108.3662857,12.03434872,17.98365622,6.775465767,67.7098928,1.862516773,6.948771246,1015.541882,1029.741378,1010.157175,1017.590732,1033.289392,1011.71133,75.54684305,18.99769111,204.9760547,7.838379097,1.250699759,1763939.818,90320.16762,49778.6643,46679.71378,575029.3174,238.3723625,0.051251644,0.02820588,0.026532602,0.3254264,218.4570925,7.827649211
2023,5,45,전북,0.907129658,3.909058491,108.38004,18.6722315,25.53925728,12.21701521,72.9102396,1.958509884,9.560503901,1010.624587,1020.647236,1000.446063,1013.096622,1020.112655,1003.28264,68.72916991,26.06895585,296.3929196,7.043688764,1.09489617,1762512.145,89920.3252,49799.8389,46421.09887,576373.4357,238.4708551,0.051071511,0.028236411,0.026406066,0.326365575,218.2889579,8.241040757
2023,6,45,전북,0.58878623,2.057795284,108.0793598,22.57581374,28.38718477,17.78075204,113.1030498,1.800223298,8.852378233,1005.633697,1018.230393,993.3733353,1007.828896,1014.597904,997.8101854,77.60105326,31.4107637,241.4427556,5.071499219,1.188802955,1761148.345,89772.9249,49842.44132,46007.24128,577878.2308,238.0133152,0.051019638,0.02828855,0.026213229,0.327378036,218.1171299,6.902760449
2023,7,45,전북,0.198793925,0.782134289,108.2566613,25.15504144,29.60590345,21.69888312,308.3400793,1.64841436,6.792660451,1004.139036,1003.50059,989.2599545,1006.442767,1013.611453,991.8912306,82.91274531,40.02040575,177.0097809,4.089708809,0.500206853,1759951.518,89722.31302,49790.29279,45863.23027,579601.5963,237.8685161,0.051021954,0.028282984,0.026155227,0.328545356,217.9675559,5.559508492
2023,8,45,전북,0.690095365,2.443506654,108.5834221,25.71041935,30.02271234,22.76327148,287.8240799,1.439439978,6.907843524,1007.991161,1021.862821,998.6761479,1010.295277,1023.344209,998.7228124,85.12666068,49.86903853,157.1736151,5.389277549,0.63919715,1759014.825,89613.48937,49884.83375,45612.51379,581294.0826,238.1191229,0.050988688,0.028349499,0.026045572,0.329679593,217.8503738,4.24887933
2023,9,45,전북,0.902228672,4.664061343,108.7993533,21.7714297,27.56507489,17.07968534,118.7456115,1.513632689,9.084196977,1011.815521,1022.69626,999.2133469,1014.323684,1024.110676,1003.886726,80.10504601,34.0549024,231.8351525,5.705741094,1.247738189,1758189.525,89487.69662,49905.37453,45583.24159,583009.7387,238.6145606,0.050944914,0.028373499,0.026040628,0.330821867,217.7456277,4.96149084
2023,10,45,전북,0.826982211,3.241611298,109.1631148,13.99002341,20.94156733,7.946201866,45.07896572,1.579416064,9.032263444,1017.417317,1027.527701,998.0490036,1019.776933,1029.307635,1002.42474,73.65595174,30.73304039,256.4769475,9.595478611,1.091502569,1756949.788,89311.49783,49922.3365,45483.7406,584932.6254,239.620837,0.050889136,0.028398926,0.026007616,0.332101956,217.5923703,4.921024629
2023,11,45,전북,0.040941872,0.182200269,108.983356,10.17388953,16.41036802,5.07172578,44.4078738,1.470100378,7.564602408,1021.10154,1031.628732,1011.645025,1023.482499,1033.712687,1013.913667,76.88154465,29.78016945,175.8806304,3.944085043,0.637119465,1755432.961,89077.08012,49951.56749,45309.91506,586324.9173,240.9738642,0.050806672,0.028436003,0.025925833,0.333106825,217.4015238,3.124454705
2023,12,45,전북,0.550019691,2.312510718,109.3469219,2.31874306,6.93140114,-1.657962472,28.13032608,1.585951238,7.972692164,1023.450079,1034.764981,1018.2471,1025.8798,1037.676074,1019.192503,72.49802054,30.42289171,149.0237385,4.403694093,0.827355987,1753308.578,88789.075,49769.20486,45017.43525,587602.1299,242.4146779,0.050710315,0.028365178,0.025781337,0.334087222,217.139229,3.904912382
2023,1,50,제주,0.62797364,3.017036393,107.2997277,6.510937848,9.421872039,4.219054649,61.32983051,4.141982797,12.39375544,1022.143136,1031.663655,1010.176438,1024.79521,1034.445883,1012.743755,73.41414893,41.15270341,138.8386881,1.649595709,0.505403237,679659.2737,43456.61852,21733.19673,19593.52701,167913.9658,399.030789,0.063902993,0.032006555,0.028832593,0.247224111,367.3308346,1.206204932
2023,2,50,제주,0.700743511,4.068268831,107.186965,7.27693015,11.00628899,4.0699793,74.82137613,4.32607445,12.37579534,1021.310049,1030.939296,1005.711206,1023.964056,1033.654888,1008.825149,68.14798672,32.63640413,213.423407,1.701425036,0.517329992,679665.3919,43386.96988,21766.5585,19527.56384,168490.813,402.6506902,0.063796894,0.032054457,0.028732012,0.248083531,367.3273516,0.974749773
2023,3,50,제주,0.324784266,1.169251484,108.305406,10.35579899,14.06317832,6.691701929,107.7750987,4.268752741,17.24099288,1018.150791,1029.922431,997.3031457,1020.631001,1032.113031,1000.020179,75.62432812,35.97597911,210.6467967,2.847345313,1.146306697,680471.4704,43795.92929,21672.00748,19606.45571,169276.3424,407.2171109,0.064396718,0.031835733,0.028784087,0.24898005,367.7591408,3.347416076
2023,4,50,제주,0.203596686,0.773432305,108.6302681,14.87482157,18.73720162,11.31771486,137.053343,3.414556508,9.105407913,1014.893926,1028.074022,1007.015804,1017.345061,1030.7856,1010.605586,80.56328818,24.07551835,197.2547449,2.544727734,0.666828632,680564.8429,43689.97656,21726.24779,19544.23409,169707.5071,408.3030446,0.064206788,0.031937648,0.028704528,0.249586071,367.8129805,2.139775122
2023,5,50,제주,0.907129658,3.909058491,108.8015661,19.6522333,23.26258027,16.26561485,150.6340224,3.158845517,10.47308251,1010.400071,1018.734826,1002.433162,1012.818608,1021.262812,1003.238837,80.87642007,36.35258325,256.1092989,2.466440813,1.137014594,680789.2993,43628.17441,21770.57551,19451.14722,170255.7092,408.6643658,0.064080578,0.032007469,0.028562904,0.25032449,367.9352941,0.814685751
2023,6,50,제주,0.58878623,2.057795284,108.5637149,22.31238653,25.50828169,19.62711182,209.7852347,2.525455956,10.28426148,1005.7171,1012.032049,995.0933318,1008.168164,1014.990772,998.1675164,90.28157909,56.94019726,222.773376,1.669410649,0.475862247,680940.1973,43605.40406,21841.007,19423.14501,170768.851,407.6844564,0.064020746,0.032103667,0.028513669,0.251031697,368.0207625,1.270542648
2023,7,50,제주,0.198793925,0.782134289,108.5070244,25.24191194,28.23345508,23.39247439,229.7876173,2.831433654,9.489833136,1003.893286,1010.37849,988.6964263,1006.099656,1012.468131,991.4926251,94.52556331,51.44018107,133.5763991,4.654281034,1.298263602,681228.6084,43680.51741,21850.23052,19380.02437,171430.7524,407.4559252,0.064115169,0.032096186,0.028427942,0.251909825,368.1793514,1.12304902
2023,8,50,제주,0.690095365,2.443506654,108.9371909,26.98533545,29.98765356,24.96820632,279.7565893,2.936232361,12.29704907,1007.974483,1019.171277,996.3209694,1010.394686,1021.704762,998.0115182,93.86357408,62.33431069,190.5891531,3.057584118,1.162294867,681609.4115,43669.84859,21929.8646,19358.95608,172071.5507,407.9586205,0.064058799,0.032202307,0.028376146,0.252724987,368.3871407,1.796591747
2023,9,50,제주,0.902228672,4.664061343,109.202004,25.21264004,28.36814831,22.38495841,241.9350384,3.432175292,19.97846426,1010.80274,1020.38776,987.5403502,1013.176618,1021.879634,991.0418332,81.73002056,44.14357352,266.3531764,2.765628216,0.975131889,681818.1543,43716.30833,21941.32187,19335.26104,172787.1497,409.1041839,0.064112524,0.032203713,0.028331958,0.253723454,368.5017661,2.266288579
2023,10,50,제주,0.826982211,3.241611298,109.5688363,18.56623147,22.46541854,15.42076826,100.0647883,3.540371358,8.613877875,1017.104727,1024.632118,1006.984754,1019.492219,1027.320773,1009.027958,74.5449102,43.90639998,267.5881764,4.70430394,1.262497887,682129.772,43838.68832,21898.10322,19309.05069,173536.8217,411.2911214,0.064294188,0.032122904,0.028277737,0.254767857,368.6664011,1.650644525
2023,11,50,제주,0.040941872,0.182200269,109.5080227,16.18839522,19.45570161,12.61800616,92.55879048,3.528736123,11.35402373,1019.511413,1028.344833,1009.799638,1021.936828,1031.080048,1011.660418,77.32415908,39.91711169,171.5885426,1.725298961,0.632842582,682358.8623,43829.43831,21925.02161,19309.6804,174080.0191,414.5751334,0.064251308,0.0321555,0.028274966,0.255483011,368.7876716,1.309695796
2023,12,50,제주,0.550019691,2.312510718,109.7832301,9.104061317,11.89186653,6.454579671,65.93197957,4.445727437,12.35929509,1022.405661,1033.707992,1013.241865,1025.066592,1036.662609,1015.041833,73.01664811,45.66274108,134.3717154,1.685966327,0.556227195,682402.8935,43746.07743,21946.70292,19198.54796,174561.6617,417.9110276,0.064112613,0.032186179,0.028101221,0.256171277,368.8102662,0.914445723
2023,1,44,충남,0.62797364,3.017036393,107.308693,-1.251839262,3.952992739,-5.951181252,13.83118147,1.248845289,6.844128615,1024.068765,1034.002969,1011.121311,1026.189249,1036.155123,1013.210187,71.24949435,24.54263749,190.0479664,4.003970687,0.456232481,2117018.071,117812.5144,62268.7283,56182.11834,618532.9003,313.4486757,0.055644513,0.029382226,0.026506895,0.292085823,258.9063918,6.056663673
2023,2,44,충남,0.700743511,4.068268831,107.5424197,0.440868712,7.322715133,-4.668394879,22.19937526,1.337530061,5.944435038,1022.110271,1033.603241,1006.283672,1024.036132,1035.761914,1007.926093,67.07141562,13.81255389,214.6217022,4.841810178,1.065621889,2121960.416,117785.5182,62643.21448,56112.73697,621968.1996,314.6102,0.055500632,0.029477479,0.026371581,0.293273905,259.146465,9.072387723
2023,3,44,충남,0.324784266,1.169251484,108.4924139,5.718632783,11.91716979,-0.511165371,31.39493818,1.783029416,10.17973645,1018.617787,1030.846615,998.3926942,1020.520272,1033.097502,999.6673646,68.72370546,21.0637096,228.1090343,5.022562833,0.748993492,2121093.665,118131.643,62295.81413,55946.73305,624361.3289,315.3623233,0.055710858,0.029395493,0.026512827,0.294634746,255.5697845,13.36172104
2023,4,44,충남,0.203596686,0.773432305,108.7261965,11.58776801,17.45319788,5.358430319,65.23334254,1.642633769,7.368128966,1015.608516,1029.746555,1007.930884,1017.564159,1032.144752,1009.461483,69.99440244,16.51931115,230.211527,14.95614866,1.073996647,2118103.217,117674.2748,62377.32155,55926.84446,625569.9156,316.2320767,0.055565627,0.029446971,0.026470362,0.295382871,256.0811771,9.986474214
2023,5,44,충남,0.907129658,3.909058491,108.8698532,18.62215821,25.22280173,11.64288072,74.96852222,1.646592651,7.798642968,1010.684756,1019.145036,999.4536881,1012.372664,1020.559063,1000.705938,69.29252129,27.53586012,292.8879035,7.348746019,1.054254196,2114290.501,117253.0621,62356.63706,55703.65113,626749.5357,316.6846775,0.055467255,0.0294939,0.026401733,0.296270369,256.329104,8.417196432
2023,6,44,충남,0.58878623,2.057795284,108.6226842,22.22889915,28.05932515,17.33471116,122.3797058,1.347164516,6.848810721,1005.540162,1012.904964,994.2602941,1007.512507,1014.845989,995.7141469,78.25299112,29.53261657,238.8915853,5.955336269,1.030354231,2108677.334,116748.0791,62392.92931,55265.81254,627583.3677,316.3389034,0.055396746,0.029614488,0.026279199,0.297212074,256.0780526,6.116055434
2023,7,44,충남,0.198793925,0.782134289,108.6684374,25.14305487,29.6542415,22.04588739,295.9888742,1.394182525,5.763514277,1004.203455,1011.653609,990.482397,1006.253512,1014.009403,992.6165017,84.99584709,38.50529653,187.2720206,6.061714532,0.78909056,2128354.608,117854.0136,63124.91539,55796.70686,633819.9213,316.3001213,0.055364329,0.029616672,0.026176947,0.298312875,258.6148051,8.580631297
2023,8,44,충남,0.690095365,2.443506654,109.1024521,25.48000749,30.05993977,22.27120279,255.1694363,1.222937877,6.299617151,1008.428744,1020.605279,998.3067926,1010.206863,1022.405234,1000.032006,86.56990396,46.92848842,205.0611077,6.164956714,1.036348723,2121349.815,117438.9031,62916.73689,55439.15837,634426.3107,316.5087472,0.055368715,0.029650365,0.026158338,0.299268385,257.5861758,7.639743455
2023,9,44,충남,0.902228672,4.664061343,109.2576487,21.50169595,27.15382591,16.5972724,127.412927,1.199839433,8.229971885,1012.284349,1021.860894,1001.006705,1014.266341,1024.14303,1004.337139,77.43577143,26.50511259,225.3700908,10.69447079,1.024549044,2115356.058,116943.4675,62804.66357,55182.97147,635168.3863,316.8535361,0.055302235,0.029708754,0.026172121,0.300211004,256.6027881,8.707201294
2023,10,44,충남,0.826982211,3.241611298,109.6796739,13.64072396,20.6427444,8.617161488,48.65125845,1.070611824,7.89984357,1017.44044,1026.70446,998.469763,1019.261787,1029.073779,999.0400295,75.05241082,34.51425205,243.033748,15.52408464,1.032599915,2113586.382,116756.5438,62743.27486,55108.14948,637090.299,317.5991794,0.055272927,0.029728272,0.026200863,0.301318629,255.6873436,8.225228477
2023,11,44,충남,0.040941872,0.182200269,109.4702305,9.692405049,15.68566441,3.254470698,48.22400921,1.233698501,6.17879071,1021.177559,1031.939615,1011.67013,1023.271681,1034.213347,1012.357469,75.75738193,27.54252191,180.453641,5.37481296,1.03037879,2113291.287,116560.1157,62883.30723,55052.50727,638853.8527,318.6947803,0.055183779,0.029793382,0.026172028,0.302169663,254.9604376,4.840271377
2023,12,44,충남,0.550019691,2.312510718,109.9580005,1.465723557,6.453347262,-3.554850364,25.98321746,1.211106145,5.821924517,1023.638589,1035.238909,1016.184627,1025.723735,1037.50874,1018.478526,73.79615012,25.8632995,166.4899822,4.877934996,1.032647627,2114631.81,116391.6372,62867.42589,55056.15794,641018.1519,319.9818496,0.055058214,0.029737181,0.026097622,0.303020289,254.690651,5.331206221
2023,1,43,충북,0.62797364,3.017036393,107.0760201,-1.792028182,3.472027743,-6.620373794,7.503459539,1.624158594,7.45838215,1020.020278,1029.838982,1006.613496,1025.377931,1036.163969,1011.437612,72.0733061,22.10782791,199.6564972,1.809834645,0.394743307,1596586.96,84169.38529,44343.59088,40370.84205,462598.4053,327.0357691,0.052714213,0.027783961,0.025307593,0.289725938,215.6714635,5.148739685
2023,2,43,충북,0.700743511,4.068268831,107.2823658,-0.17105709,6.821553183,-6.580966289,15.40323094,1.739063471,7.210386298,1017.94682,1029.402124,1001.429812,1023.169164,1035.850133,1006.825079,65.83965717,16.31379507,237.0455431,1.263951076,0.162809148,1596150.479,83920.13411,44377.45333,40161.39549,464332.5611,328.7245928,0.052570876,0.027813702,0.02518013,0.290884475,215.5794348,7.717797532
2023,3,43,충북,0.324784266,1.169251484,108.5075422,5.255487396,11.80491534,-1.013771418,28.505663,2.18556003,9.594964511,1015.002049,1027.238196,994.8350871,1019.958202,1033.108271,999.4203077,63.28421976,19.54598031,225.6910513,1.481498601,0.502745282,1596886.697,84294.7286,44247.36331,40379.84168,467105.3175,330.496775,0.052791442,0.02769002,0.025289204,0.292529812,215.5190492,14.37239701
2023,4,43,충북,0.203596686,0.773432305,108.8330832,11.48139432,17.73938803,5.491584133,61.2173331,1.750380336,6.964161597,1012.331342,1026.689599,1005.374907,1017.001611,1032.198613,1009.678407,65.06105761,16.28400233,195.0687503,2.61282534,1.1035385,1596519.475,84029.62587,44329.56733,40076.39728,468356.2057,331.5288485,0.052630845,0.027759713,0.025116448,0.293356497,215.5115151,8.453480078
2023,5,43,충북,0.907129658,3.909058491,108.8896342,19.53657636,26.28412876,11.76013775,69.57974774,1.953090499,8.088132097,1007.294986,1015.273894,993.6098078,1011.80441,1019.997312,998.8645059,64.73449491,16.95991169,314.2537235,5.852196801,1.093102435,1595870.322,83726.90302,44355.78939,39887.90825,469764.4753,332.2342053,0.052463755,0.027795799,0.025018625,0.29432841,215.4623642,3.706185319
2023,6,43,충북,0.58878623,2.057795284,108.4591205,22.72832426,28.75825802,17.13835585,119.9742359,1.416460873,6.084712092,1002.44722,1008.759792,991.2968675,1006.559352,1014.52298,996.0144673,73.8487576,19.16112387,253.0522677,1.236947276,0.986756258,1595493.879,83688.28205,44421.69039,39670.50997,471093.9931,331.9963537,0.052453221,0.027849786,0.024890561,0.295193324,215.4233859,5.830074731
2023,7,43,충북,0.198793925,0.782134289,108.461763,24.64343976,29.31908187,21.01342361,310.6756336,1.539729043,6.38670878,1001.571025,1010.796652,987.6120865,1006.141644,1014.390778,992.3073237,84.25461017,40.04332439,193.5799301,1.626284846,0.891858095,1596522.426,83753.60314,44567.69755,39536.04272,473040.34,332.2001387,0.05245507,0.027915498,0.024774185,0.296290588,215.5668349,8.070958658
2023,8,43,충북,0.690095365,2.443506654,108.8405512,25.4102781,30.03183849,22.20931208,262.8531978,1.137065928,6.756767626,1005.319837,1016.643374,994.4115095,1009.761012,1022.057665,997.9045106,89.56793578,49.14250397,164.4829843,5.072124741,1.143420307,1596229.757,83754.53518,44575.18672,39540.40497,474782.5223,332.7631052,0.05246699,0.027924344,0.024786727,0.297403649,215.5215629,6.706873651
2023,9,43,충북,0.902228672,4.664061343,109.3025067,20.66138024,26.45223764,15.55886933,126.9731228,1.35024744,7.11092472,1009.592622,1019.625333,1000.117328,1014.526794,1025.867823,1006.038306,81.9072223,34.0841371,208.8732921,5.033267747,1.134777439,1595948.153,83726.36291,44565.79644,39425.79944,476344.6995,333.5913129,0.052460063,0.027920689,0.024724562,0.298411944,215.4734862,6.59869622
2023,10,43,충북,0.826982211,3.241611298,109.5722003,12.30668862,20.02989069,6.104947536,40.99864572,1.365434241,8.053644108,1014.273608,1023.680958,993.8319157,1018.900146,1029.844557,998.4917101,78.02808503,23.63821418,257.6832366,8.363917073,1.115503314,1596132.48,83571.62824,44572.43856,39403.79023,478202.4283,334.835786,0.052365934,0.027922399,0.024706069,0.299565623,215.4617886,5.008571437
2023,11,43,충북,0.040941872,0.182200269,109.4715051,8.817998391,14.63211903,2.982366641,34.85445307,1.371061582,6.689137966,1018.480458,1028.887113,1006.858819,1023.171352,1033.334587,1011.143063,77.4725549,23.4083875,171.939398,0.550080289,0.393361883,1596192.712,83476.81176,44705.4215,39192.42296,479773.7179,336.4422019,0.052304318,0.028004751,0.024579327,0.300556706,215.4300838,5.764244813
2023,12,43,충북,0.550019691,2.312510718,109.9387861,0.152093521,4.924940734,-4.555734288,14.63995933,1.649695983,6.756605528,1020.644397,1031.728916,1014.04925,1025.137195,1036.626447,1017.916019,74.32681822,21.50558624,180.0042695,0.921604924,0.402099597,1595972.604,83295.16,44663.52623,39084.52684,481359.5573,338.0356617,0.052193812,0.027988673,0.024509034,0.301586129,215.3691708,10.67633462
