CPI_YEAR,CPI_MM,CPI_REGN,CPI_VALUE
2002,1,서울,65.403
2002,2,서울,65.65
2002,3,서울,66.083
2002,4,서울,66.454
2002,5,서울,66.764
2002,6,서울,66.701
2002,7,서울,66.516
2002,8,서울,66.887
2002,9,서울,67.258
2002,10,서울,67.135
2002,11,서울,67.258
2002,12,서울,67.568
2003,1,서울,67.877
2003,2,서울,68.248
2003,3,서울,69.112
2003,4,서울,69.112
2003,5,서울,69.112
2003,6,서울,68.989
2003,7,서울,68.865
2003,8,서울,69.175
2003,9,서울,69.792
2003,10,서울,69.855
2003,11,서울,69.855
2003,12,서울,70.163
2004,1,서울,70.596
2004,2,서울,70.905
2004,3,서울,71.585
2004,4,서울,71.523
2004,5,서울,71.585
2004,6,서울,71.585
2004,7,서울,72.018
2004,8,서울,72.574
2004,9,서울,72.636
2004,10,서울,72.761
2004,11,서울,72.327
2004,12,서울,72.389
2005,1,서울,73.085
2005,2,서울,73.38
2005,3,서울,73.749
2005,4,서울,73.749
2005,5,서울,73.675
2005,6,서울,73.453
2005,7,서울,73.749
2005,8,서울,73.896
2005,9,서울,74.191
2005,10,서울,74.118
2005,11,서울,73.896
2005,12,서울,74.118
2006,1,서울,74.487
2006,2,서울,74.708
2006,3,서울,75.002
2006,4,서울,75.15
2006,5,서울,75.224
2006,6,서울,75.077
2006,7,서울,75.297
2006,8,서울,75.74
2006,9,서울,75.888
2006,10,서울,75.666
2006,11,서울,75.446
2006,12,서울,75.666
2007,1,서울,75.814
2007,2,서울,76.256
2007,3,서울,76.699
2007,4,서울,77.068
2007,5,서울,77.141
2007,6,서울,77.141
2007,7,서울,77.362
2007,8,서울,77.436
2007,9,서울,77.878
2007,10,서울,77.953
2007,11,서울,78.026
2007,12,서울,78.248
2008,1,서울,78.69
2008,2,서울,78.912
2008,3,서울,79.428
2008,4,서울,79.796
2008,5,서울,80.313
2008,6,서울,80.681
2008,7,서울,81.197
2008,8,서울,81.124
2008,9,서울,81.345
2008,10,서울,81.419
2008,11,서울,81.272
2008,12,서울,81.419
2009,1,서울,81.64
2009,2,서울,82.008
2009,3,서울,82.525
2009,4,서울,82.746
2009,5,서울,82.746
2009,6,서울,82.746
2009,7,서울,83.041
2009,8,서울,83.262
2009,9,서울,83.337
2009,10,서울,83.188
2009,11,서울,83.262
2009,12,서울,83.557
2010,1,서울,84.055
2010,2,서울,84.225
2010,3,서울,84.566
2010,4,서울,84.906
2010,5,서울,84.906
2010,6,서울,84.736
2010,7,서울,84.991
2010,8,서울,85.417
2010,9,서울,86.183
2010,10,서울,86.183
2010,11,서울,85.758
2010,12,서울,86.013
2011,1,서울,86.95
2011,2,서울,87.461
2011,3,서울,87.801
2011,4,서울,87.886
2011,5,서울,88.057
2011,6,서울,88.227
2011,7,서울,88.654
2011,8,서울,89.25
2011,9,서울,89.164
2011,10,서울,89.079
2011,11,서울,89.079
2011,12,서울,89.335
2012,1,서울,89.829
2012,2,서울,90.203
2012,3,서울,90.322
2012,4,서울,90.356
2012,5,서울,90.45
2012,6,서울,90.356
2012,7,서울,90.305
2012,8,서울,90.842
2012,9,서울,91.455
2012,10,서울,91.225
2012,11,서울,90.867
2012,12,서울,91.055
2013,1,서울,91.549
2013,2,서울,91.804
2013,3,서울,91.719
2013,4,서울,91.702
2013,5,서울,91.702
2013,6,서울,91.566
2013,7,서울,91.745
2013,8,서울,92.076
2013,9,서울,92.29
2013,10,서울,92.051
2013,11,서울,92.042
2013,12,서울,92.179
2014,1,서울,92.689
2014,2,서울,92.877
2014,3,서울,93.09
2014,4,서울,93.268
2014,5,서울,93.414
2014,6,서울,93.32
2014,7,서울,93.516
2014,8,서울,93.746
2014,9,서울,93.652
2014,10,서울,93.38
2014,11,서울,93.268
2014,12,서울,93.38
2015,1,서울,93.989
2015,2,서울,94.055
2015,3,서울,93.97
2015,4,서울,94.122
2015,5,서울,94.301
2015,6,서울,94.31
2015,7,서울,94.717
2015,8,서울,94.953
2015,9,서울,94.811
2015,10,서울,94.783
2015,11,서울,94.641
2015,12,서울,94.991
2016,1,서울,95.066
2016,2,서울,95.444
2016,3,서울,95.142
2016,4,서울,95.302
2016,5,서울,95.34
2016,6,서울,95.293
2016,7,서울,95.189
2016,8,서울,95.557
2016,9,서울,96.096
2016,10,서울,96.228
2016,11,서울,96.105
2016,12,서울,96.257
2017,1,서울,97.088
2017,2,서울,97.305
2017,3,서울,97.371
2017,4,서울,97.286
2017,5,서울,97.419
2017,6,서울,97.277
2017,7,서울,97.57
2017,8,서울,98.146
2017,9,서울,98.042
2017,10,서울,97.796
2017,11,서울,97.173
2017,12,서울,97.456
2018,1,서울,97.844
2018,2,서울,98.552
2018,3,서울,98.543
2018,4,서울,98.77
2018,5,서울,98.779
2018,6,서울,98.429
2018,7,서울,98.392
2018,8,서울,99.232
2018,9,서울,99.856
2018,10,서울,99.506
2018,11,서울,98.977
2018,12,서울,98.713
2019,1,서울,98.76
2019,2,서울,99.261
2019,3,서울,99.062
2019,4,서울,99.44
2019,5,서울,99.487
2019,6,서울,99.355
2019,7,서울,99.11
2019,8,서울,99.393
2019,9,서울,99.733
2019,10,서울,99.95
2019,11,서울,99.421
2019,12,서울,99.61
2020,1,서울,99.8
2020,2,서울,99.84
2020,3,서울,99.83
2020,4,서울,99.61
2020,5,서울,99.65
2020,6,서울,99.91
2020,7,서울,99.74
2020,8,서울,100.27
2020,9,서울,100.7
2020,10,서울,100.23
2020,11,서울,100.14
2020,12,서울,100.27
2021,1,서울,100.86
2021,2,서울,101.33
2021,3,서울,101.57
2021,4,서울,101.68
2021,5,서울,101.74
2021,6,서울,101.68
2021,7,서울,101.88
2021,8,서울,102.33
2021,9,서울,102.67
2021,10,서울,102.9
2021,11,서울,103.2
2021,12,서울,103.32
2022,1,서울,104.09
2022,2,서울,104.7
2022,3,서울,105.09
2022,4,서울,105.73
2022,5,서울,106.29
2022,6,서울,106.85
2022,7,서울,107.47
2022,8,서울,107.65
2022,9,서울,107.78
2022,10,서울,108.12
2022,11,서울,108
2022,12,서울,108.46
2002,1,부산,65.777
2002,2,부산,66.278
2002,3,부산,66.466
2002,4,부산,66.718
2002,5,부산,66.905
2002,6,부산,66.905
2002,7,부산,66.905
2002,8,부산,67.344
2002,9,부산,67.784
2002,10,부산,67.344
2002,11,부산,67.344
2002,12,부산,67.784
2003,1,부산,68.473
2003,2,부산,68.786
2003,3,부산,69.665
2003,4,부산,69.288
2003,5,부산,69.162
2003,6,부산,69.037
2003,7,부산,68.912
2003,8,부산,69.226
2003,9,부산,69.978
2003,10,부산,70.04
2003,11,부산,69.915
2003,12,부산,69.915
2004,1,부산,70.229
2004,2,부산,70.542
2004,3,부산,71.294
2004,4,부산,71.169
2004,5,부산,71.107
2004,6,부산,71.107
2004,7,부산,71.483
2004,8,부산,72.172
2004,9,부산,72.298
2004,10,부산,72.298
2004,11,부산,71.859
2004,12,부산,71.985
2005,1,부산,72.713
2005,2,부산,73.007
2005,3,부산,73.521
2005,4,부산,73.521
2005,5,부산,73.448
2005,6,부산,73.007
2005,7,부산,73.448
2005,8,부산,73.667
2005,9,부산,74.108
2005,10,부산,73.814
2005,11,부산,73.375
2005,12,부산,73.667
2006,1,부산,74.255
2006,2,부산,74.328
2006,3,부산,74.623
2006,4,부산,74.696
2006,5,부산,74.99
2006,6,부산,74.769
2006,7,부산,75.21
2006,8,부산,75.725
2006,9,부산,75.945
2006,10,부산,75.578
2006,11,부산,75.21
2006,12,부산,75.431
2007,1,부산,75.578
2007,2,부산,76.018
2007,3,부산,76.385
2007,4,부산,76.606
2007,5,부산,76.68
2007,6,부산,76.753
2007,7,부산,77.119
2007,8,부산,77.119
2007,9,부산,77.56
2007,10,부산,77.707
2007,11,부산,77.56
2007,12,부산,77.781
2008,1,부산,78.148
2008,2,부산,78.662
2008,3,부산,79.25
2008,4,부산,79.764
2008,5,부산,80.424
2008,6,부산,81.012
2008,7,부산,81.6
2008,8,부산,81.674
2008,9,부산,81.6
2008,10,부산,81.6
2008,11,부산,81.379
2008,12,부산,81.453
2009,1,부산,81.527
2009,2,부산,82.114
2009,3,부산,82.702
2009,4,부산,82.923
2009,5,부산,82.923
2009,6,부산,82.776
2009,7,부산,83.216
2009,8,부산,83.509
2009,9,부산,83.509
2009,10,부산,83.363
2009,11,부산,83.582
2009,12,부산,83.803
2010,1,부산,84.423
2010,2,부산,84.68
2010,3,부산,84.937
2010,4,부산,85.193
2010,5,부산,85.279
2010,6,부산,85.108
2010,7,부산,85.365
2010,8,부산,85.792
2010,9,부산,86.391
2010,10,부산,86.648
2010,11,부산,86.135
2010,12,부산,86.648
2011,1,부산,87.76
2011,2,부산,88.444
2011,3,부산,88.7
2011,4,부산,88.957
2011,5,부산,89.042
2011,6,부산,89.128
2011,7,부산,89.555
2011,8,부산,90.24
2011,9,부산,90.069
2011,10,부산,89.984
2011,11,부산,90.069
2011,12,부산,90.411
2012,1,부산,90.727
2012,2,부산,91.207
2012,3,부산,91.267
2012,4,부산,91.318
2012,5,부산,91.515
2012,6,부산,91.309
2012,7,부산,91.095
2012,8,부산,91.471
2012,9,부산,92.199
2012,10,부산,92.105
2012,11,부산,91.839
2012,12,부산,91.977
2013,1,부산,92.643
2013,2,부산,92.96
2013,3,부산,92.909
2013,4,부산,92.66
2013,5,부산,92.66
2013,6,부산,92.481
2013,7,부산,92.635
2013,8,부산,92.985
2013,9,부산,93.242
2013,10,부산,92.968
2013,11,부산,92.951
2013,12,부산,93.131
2014,1,부산,93.687
2014,2,부산,93.97
2014,3,부산,94.106
2014,4,부산,94.046
2014,5,부산,94.115
2014,6,부산,93.961
2014,7,부산,94.029
2014,8,부산,94.295
2014,9,부산,94.303
2014,10,부산,94.021
2014,11,부산,93.884
2014,12,부산,93.807
2015,1,부산,94.732
2015,2,부산,94.637
2015,3,부산,94.675
2015,4,부산,94.713
2015,5,부산,94.893
2015,6,부산,94.903
2015,7,부산,94.912
2015,8,부산,95.007
2015,9,부산,94.76
2015,10,부산,94.884
2015,11,부산,94.628
2015,12,부산,94.94
2016,1,부산,95.13
2016,2,부산,95.87
2016,3,부산,95.623
2016,4,부산,95.841
2016,5,부산,95.907
2016,6,부산,95.794
2016,7,부산,95.5
2016,8,부산,95.765
2016,9,부산,96.353
2016,10,부산,96.533
2016,11,부산,96.334
2016,12,부산,96.495
2017,1,부산,97.311
2017,2,부산,97.576
2017,3,부산,97.51
2017,4,부산,97.424
2017,5,부산,97.652
2017,6,부산,97.263
2017,7,부산,97.358
2017,8,부산,97.851
2017,9,부산,98.192
2017,10,부산,98.306
2017,11,부산,97.5
2017,12,부산,97.728
2018,1,부산,98.202
2018,2,부산,99.008
2018,3,부산,99.036
2018,4,부산,99.321
2018,5,부산,99.159
2018,6,부산,99.008
2018,7,부산,98.723
2018,8,부산,99.529
2018,9,부산,100.458
2018,10,부산,100.638
2018,11,부산,99.69
2018,12,부산,99.349
2019,1,부산,99.444
2019,2,부산,99.795
2019,3,부산,99.624
2019,4,부산,99.908
2019,5,부산,99.889
2019,6,부산,99.823
2019,7,부산,99.567
2019,8,부산,99.69
2019,9,부산,100.269
2019,10,부산,100.212
2019,11,부산,99.747
2019,12,부산,99.918
2020,1,부산,100.06
2020,2,부산,100.18
2020,3,부산,99.91
2020,4,부산,99.55
2020,5,부산,99.53
2020,6,부산,99.69
2020,7,부산,99.57
2020,8,부산,100.15
2020,9,부산,100.79
2020,10,부산,100.22
2020,11,부산,100.06
2020,12,부산,100.28
2021,1,부산,101.17
2021,2,부산,101.79
2021,3,부산,101.91
2021,4,부산,102
2021,5,부산,102.03
2021,6,부산,101.95
2021,7,부산,102.19
2021,8,부산,102.61
2021,9,부산,103.17
2021,10,부산,103.22
2021,11,부산,103.63
2021,12,부산,103.87
2022,1,부산,104.72
2022,2,부산,105.23
2022,3,부산,105.85
2022,4,부산,106.44
2022,5,부산,107.05
2022,6,부산,107.78
2022,7,부산,108.19
2022,8,부산,108.22
2022,9,부산,108.38
2022,10,부산,108.79
2022,11,부산,108.72
2022,12,부산,108.83
2002,1,대구,66.401
2002,2,대구,66.783
2002,3,대구,67.1
2002,4,대구,67.419
2002,5,대구,67.611
2002,6,대구,67.546
2002,7,대구,67.419
2002,8,대구,67.865
2002,9,대구,68.311
2002,10,대구,68.247
2002,11,대구,68.311
2002,12,대구,68.82
2003,1,대구,69.266
2003,2,대구,69.521
2003,3,대구,70.093
2003,4,대구,69.902
2003,5,대구,69.775
2003,6,대구,69.456
2003,7,대구,69.521
2003,8,대구,69.838
2003,9,대구,70.412
2003,10,대구,70.348
2003,11,대구,70.093
2003,12,대구,70.412
2004,1,대구,70.921
2004,2,대구,71.176
2004,3,대구,71.812
2004,4,대구,71.749
2004,5,대구,71.621
2004,6,대구,71.621
2004,7,대구,71.939
2004,8,대구,72.64
2004,9,대구,72.64
2004,10,대구,72.704
2004,11,대구,72.258
2004,12,대구,72.258
2005,1,대구,72.837
2005,2,대구,73.206
2005,3,대구,73.575
2005,4,대구,73.796
2005,5,대구,73.723
2005,6,대구,73.427
2005,7,대구,73.796
2005,8,대구,74.018
2005,9,대구,74.461
2005,10,대구,74.387
2005,11,대구,74.091
2005,12,대구,74.24
2006,1,대구,74.608
2006,2,대구,74.755
2006,3,대구,75.198
2006,4,대구,75.347
2006,5,대구,75.419
2006,6,대구,75.272
2006,7,대구,75.567
2006,8,대구,76.157
2006,9,대구,76.305
2006,10,대구,75.862
2006,11,대구,75.494
2006,12,대구,75.789
2007,1,대구,75.862
2007,2,대구,76.379
2007,3,대구,76.821
2007,4,대구,77.043
2007,5,대구,77.117
2007,6,대구,77.043
2007,7,대구,77.338
2007,8,대구,77.486
2007,9,대구,77.928
2007,10,대구,78.003
2007,11,대구,77.928
2007,12,대구,78.224
2008,1,대구,78.592
2008,2,대구,79.036
2008,3,대구,79.7
2008,4,대구,80.365
2008,5,대구,81.029
2008,6,대구,81.693
2008,7,대구,82.356
2008,8,대구,82.283
2008,9,대구,81.988
2008,10,대구,81.84
2008,11,대구,81.471
2008,12,대구,81.397
2009,1,대구,81.397
2009,2,대구,82.061
2009,3,대구,82.652
2009,4,대구,82.873
2009,5,대구,82.873
2009,6,대구,82.799
2009,7,대구,83.095
2009,8,대구,83.316
2009,9,대구,83.463
2009,10,대구,83.168
2009,11,대구,83.316
2009,12,대구,83.61
2010,1,대구,84.121
2010,2,대구,84.377
2010,3,대구,84.632
2010,4,대구,84.888
2010,5,대구,85.058
2010,6,대구,84.888
2010,7,대구,85.058
2010,8,대구,85.399
2010,9,대구,86.166
2010,10,대구,86.337
2010,11,대구,85.74
2010,12,대구,86.081
2011,1,대구,87.019
2011,2,대구,87.7
2011,3,대구,88.297
2011,4,대구,88.212
2011,5,대구,88.382
2011,6,대구,88.467
2011,7,대구,89.064
2011,8,대구,89.746
2011,9,대구,89.66
2011,10,대구,89.405
2011,11,대구,89.49
2011,12,대구,89.746
2012,1,대구,90.07
2012,2,대구,90.342
2012,3,대구,90.649
2012,4,대구,90.845
2012,5,대구,91.075
2012,6,대구,90.939
2012,7,대구,90.708
2012,8,대구,91.024
2012,9,대구,91.621
2012,10,대구,91.493
2012,11,대구,91.16
2012,12,대구,91.34
2013,1,대구,92.056
2013,2,대구,92.353
2013,3,대구,92.414
2013,4,대구,92.268
2013,5,대구,92.268
2013,6,대구,92.124
2013,7,대구,92.234
2013,8,대구,92.652
2013,9,대구,92.823
2013,10,대구,92.677
2013,11,대구,92.669
2013,12,대구,92.763
2014,1,대구,93.215
2014,2,대구,93.513
2014,3,대구,93.709
2014,4,대구,93.709
2014,5,대구,93.939
2014,6,대구,93.836
2014,7,대구,94.007
2014,8,대구,94.16
2014,9,대구,94.118
2014,10,대구,93.845
2014,11,대구,93.615
2014,12,대구,93.556
2015,1,대구,94.351
2015,2,대구,94.228
2015,3,대구,94.209
2015,4,대구,94.209
2015,5,대구,94.578
2015,6,대구,94.625
2015,7,대구,94.672
2015,8,대구,94.823
2015,9,대구,94.54
2015,10,대구,94.464
2015,11,대구,94.257
2015,12,대구,94.616
2016,1,대구,94.719
2016,2,대구,95.107
2016,3,대구,94.984
2016,4,대구,95.201
2016,5,대구,95.22
2016,6,대구,95.258
2016,7,대구,95.069
2016,8,대구,95.277
2016,9,대구,95.976
2016,10,대구,96.155
2016,11,대구,95.938
2016,12,대구,96.042
2017,1,대구,97.138
2017,2,대구,97.525
2017,3,대구,97.346
2017,4,대구,97.128
2017,5,대구,97.128
2017,6,대구,96.911
2017,7,대구,97.005
2017,8,대구,97.648
2017,9,대구,97.903
2017,10,대구,97.865
2017,11,대구,97.128
2017,12,대구,97.572
2018,1,대구,98.035
2018,2,대구,98.829
2018,3,대구,98.611
2018,4,대구,98.819
2018,5,대구,98.81
2018,6,대구,98.611
2018,7,대구,98.47
2018,8,대구,99.528
2018,9,대구,100.198
2018,10,대구,100.217
2018,11,대구,99.414
2018,12,대구,99.018
2019,1,대구,98.819
2019,2,대구,99.301
2019,3,대구,99.131
2019,4,대구,99.792
2019,5,대구,100.019
2019,6,대구,99.906
2019,7,대구,99.518
2019,8,대구,99.783
2019,9,대구,100.179
2019,10,대구,100.435
2019,11,대구,99.735
2019,12,대구,99.896
2020,1,대구,100.1
2020,2,대구,100.22
2020,3,대구,99.95
2020,4,대구,99.33
2020,5,대구,99.32
2020,6,대구,99.63
2020,7,대구,99.64
2020,8,대구,100.29
2020,9,대구,100.8
2020,10,대구,100.26
2020,11,대구,100.1
2020,12,대구,100.37
2021,1,대구,101.12
2021,2,대구,101.57
2021,3,대구,101.99
2021,4,대구,102.09
2021,5,대구,102.14
2021,6,대구,102.12
2021,7,대구,102.36
2021,8,대구,102.9
2021,9,대구,103.43
2021,10,대구,103.56
2021,11,대구,104.11
2021,12,대구,104.3
2022,1,대구,105.1
2022,2,대구,105.79
2022,3,대구,106.44
2022,4,대구,107.09
2022,5,대구,107.75
2022,6,대구,108.28
2022,7,대구,108.93
2022,8,대구,108.88
2022,9,대구,109.29
2022,10,대구,109.61
2022,11,대구,109.48
2022,12,대구,109.59
2002,1,인천,66.818
2002,2,인천,67.134
2002,3,인천,67.452
2002,4,인천,67.834
2002,5,인천,68.279
2002,6,인천,68.153
2002,7,인천,67.834
2002,8,인천,68.406
2002,9,인천,68.851
2002,10,인천,68.533
2002,11,인천,68.597
2002,12,인천,68.915
2003,1,인천,69.36
2003,2,인천,69.614
2003,3,인천,70.504
2003,4,인천,70.377
2003,5,인천,70.122
2003,6,인천,69.932
2003,7,인천,69.868
2003,8,인천,70.059
2003,9,인천,70.695
2003,10,인천,70.886
2003,11,인천,70.632
2003,12,인천,70.949
2004,1,인천,71.458
2004,2,인천,71.648
2004,3,인천,72.602
2004,4,인천,72.537
2004,5,인천,72.474
2004,6,인천,72.411
2004,7,인천,72.856
2004,8,인천,73.365
2004,9,인천,73.428
2004,10,인천,73.365
2004,11,인천,73.047
2004,12,인천,73.111
2005,1,인천,73.87
2005,2,인천,74.094
2005,3,인천,74.616
2005,4,인천,74.541
2005,5,인천,74.467
2005,6,인천,74.168
2005,7,인천,74.467
2005,8,인천,74.69
2005,9,인천,75.138
2005,10,인천,74.839
2005,11,인천,74.541
2005,12,인천,75.063
2006,1,인천,75.51
2006,2,인천,75.584
2006,3,인천,76.181
2006,4,인천,76.33
2006,5,인천,76.33
2006,6,인천,76.181
2006,7,인천,76.405
2006,8,인천,76.927
2006,9,인천,77.15
2006,10,인천,76.627
2006,11,인천,76.181
2006,12,인천,76.479
2007,1,인천,76.627
2007,2,인천,77.075
2007,3,인천,77.448
2007,4,인천,77.746
2007,5,인천,77.895
2007,6,인천,77.97
2007,7,인천,78.119
2007,8,인천,78.268
2007,9,인천,78.864
2007,10,인천,78.939
2007,11,인천,79.014
2007,12,인천,79.237
2008,1,인천,79.684
2008,2,인천,79.908
2008,3,인천,80.877
2008,4,인천,81.474
2008,5,인천,81.995
2008,6,인천,82.517
2008,7,인천,83.113
2008,8,인천,82.964
2008,9,인천,83.038
2008,10,인천,82.815
2008,11,인천,82.517
2008,12,인천,82.442
2009,1,인천,82.666
2009,2,인천,83.188
2009,3,인천,83.934
2009,4,인천,84.156
2009,5,인천,84.007
2009,6,인천,84.007
2009,7,인천,84.38
2009,8,인천,84.678
2009,9,인천,84.604
2009,10,인천,84.455
2009,11,인천,84.604
2009,12,인천,84.902
2010,1,인천,85.588
2010,2,인천,85.848
2010,3,인천,86.022
2010,4,인천,86.456
2010,5,인천,86.542
2010,6,인천,86.456
2010,7,인천,86.716
2010,8,인천,87.064
2010,9,인천,87.844
2010,10,인천,87.932
2010,11,인천,87.41
2010,12,인천,87.671
2011,1,인천,88.539
2011,2,인천,89.06
2011,3,인천,89.234
2011,4,인천,89.146
2011,5,인천,89.32
2011,6,인천,89.58
2011,7,인천,90.014
2011,8,인천,90.622
2011,9,인천,90.362
2011,10,인천,90.188
2011,11,인천,90.362
2011,12,인천,90.709
2012,1,인천,91.178
2012,2,인천,91.473
2012,3,인천,91.36
2012,4,인천,91.091
2012,5,인천,91.256
2012,6,인천,91.291
2012,7,인천,91.23
2012,8,인천,91.551
2012,9,인천,92.115
2012,10,인천,92.089
2012,11,인천,91.829
2012,12,인천,92.037
2013,1,인천,92.393
2013,2,인천,92.679
2013,3,인천,92.514
2013,4,인천,92.358
2013,5,인천,92.376
2013,6,인천,92.341
2013,7,인천,92.349
2013,8,인천,92.654
2013,9,인천,92.854
2013,10,인천,92.593
2013,11,인천,92.619
2013,12,인천,92.671
2014,1,인천,93.305
2014,2,인천,93.565
2014,3,인천,93.774
2014,4,인천,93.764
2014,5,인천,94.033
2014,6,인천,93.895
2014,7,인천,93.947
2014,8,인천,94.156
2014,9,인천,94.085
2014,10,인천,93.921
2014,11,인천,93.756
2014,12,인천,93.782
2015,1,인천,94.487
2015,2,인천,94.573
2015,3,인천,94.601
2015,4,인천,94.563
2015,5,인천,94.762
2015,6,인천,94.79
2015,7,인천,94.971
2015,8,인천,95.084
2015,9,인천,94.866
2015,10,인천,94.876
2015,11,인천,94.629
2015,12,인천,94.923
2016,1,인천,95.188
2016,2,인천,95.501
2016,3,인천,95.226
2016,4,인천,95.416
2016,5,인천,95.359
2016,6,인천,95.378
2016,7,인천,95.179
2016,8,인천,95.406
2016,9,인천,95.909
2016,10,인천,96.089
2016,11,인천,96.051
2016,12,인천,96.155
2017,1,인천,97.15
2017,2,인천,97.368
2017,3,인천,97.273
2017,4,인천,97.122
2017,5,인천,97.245
2017,6,인천,97.122
2017,7,인천,97.188
2017,8,인천,97.709
2017,9,인천,97.88
2017,10,인천,97.823
2017,11,인천,97.169
2017,12,인천,97.548
2018,1,인천,98.05
2018,2,인천,98.808
2018,3,인천,98.628
2018,4,인천,98.789
2018,5,인천,98.875
2018,6,인천,98.77
2018,7,인천,98.458
2018,8,인천,99.197
2018,9,인천,99.983
2018,10,인천,99.794
2018,11,인천,99.225
2018,12,인천,98.941
2019,1,인천,98.704
2019,2,인천,99.074
2019,3,인천,98.894
2019,4,인천,99.216
2019,5,인천,99.339
2019,6,인천,99.159
2019,7,인천,98.979
2019,8,인천,99.159
2019,9,인천,99.585
2019,10,인천,99.756
2019,11,인천,99.273
2019,12,인천,99.529
2020,1,인천,99.94
2020,2,인천,100.07
2020,3,인천,99.89
2020,4,인천,99.49
2020,5,인천,99.42
2020,6,인천,99.77
2020,7,인천,99.75
2020,8,인천,100.24
2020,9,인천,100.81
2020,10,인천,100.22
2020,11,인천,100.06
2020,12,인천,100.34
2021,1,인천,101.03
2021,2,인천,101.65
2021,3,인천,101.83
2021,4,인천,102.02
2021,5,인천,102.08
2021,6,인천,102.11
2021,7,인천,102.36
2021,8,인천,102.94
2021,9,인천,103.41
2021,10,인천,103.56
2021,11,인천,104.06
2021,12,인천,104.38
2022,1,인천,105.24
2022,2,인천,105.87
2022,3,인천,106.25
2022,4,인천,107.03
2022,5,인천,107.71
2022,6,인천,108.44
2022,7,인천,108.87
2022,8,인천,108.7
2022,9,인천,108.94
2022,10,인천,109.4
2022,11,인천,109.36
2022,12,인천,109.66
2002,1,광주,66.781
2002,2,광주,67.292
2002,3,광주,67.357
2002,4,광주,67.74
2002,5,광주,67.933
2002,6,광주,67.804
2002,7,광주,67.548
2002,8,광주,67.868
2002,9,광주,68.252
2002,10,광주,68.252
2002,11,광주,67.997
2002,12,광주,68.252
2003,1,광주,68.828
2003,2,광주,69.403
2003,3,광주,70.235
2003,4,광주,70.043
2003,5,광주,69.724
2003,6,광주,69.595
2003,7,광주,69.595
2003,8,광주,69.98
2003,9,광주,70.427
2003,10,광주,70.555
2003,11,광주,70.427
2003,12,광주,71.002
2004,1,광주,71.45
2004,2,광주,71.835
2004,3,광주,72.729
2004,4,광주,72.793
2004,5,광주,72.793
2004,6,광주,72.667
2004,7,광주,73.05
2004,8,광주,74.008
2004,9,광주,74.008
2004,10,광주,73.753
2004,11,광주,73.115
2004,12,광주,73.177
2005,1,광주,74.038
2005,2,광주,74.339
2005,3,광주,74.865
2005,4,광주,75.016
2005,5,광주,75.016
2005,6,광주,74.865
2005,7,광주,75.391
2005,8,광주,75.617
2005,9,광주,75.993
2005,10,광주,75.917
2005,11,광주,75.391
2005,12,광주,75.542
2006,1,광주,76.068
2006,2,광주,76.068
2006,3,광주,76.368
2006,4,광주,76.519
2006,5,광주,76.819
2006,6,광주,76.744
2006,7,광주,77.045
2006,8,광주,77.571
2006,9,광주,77.796
2006,10,광주,77.271
2006,11,광주,76.744
2006,12,광주,77.195
2007,1,광주,77.271
2007,2,광주,77.796
2007,3,광주,78.323
2007,4,광주,78.473
2007,5,광주,78.473
2007,6,광주,78.549
2007,7,광주,78.924
2007,8,광주,79
2007,9,광주,79.751
2007,10,광주,79.826
2007,11,광주,79.901
2007,12,광주,79.976
2008,1,광주,80.427
2008,2,광주,80.803
2008,3,광주,81.479
2008,4,광주,81.931
2008,5,광주,82.682
2008,6,광주,83.284
2008,7,광주,83.885
2008,8,광주,83.734
2008,9,광주,83.585
2008,10,광주,83.434
2008,11,광주,82.983
2008,12,광주,82.908
2009,1,광주,83.133
2009,2,광주,83.81
2009,3,광주,84.336
2009,4,광주,84.637
2009,5,광주,84.637
2009,6,광주,84.562
2009,7,광주,85.012
2009,8,광주,85.238
2009,9,광주,85.388
2009,10,광주,85.012
2009,11,광주,85.088
2009,12,광주,85.314
2010,1,광주,85.953
2010,2,광주,86.214
2010,3,광주,86.563
2010,4,광주,86.825
2010,5,광주,86.912
2010,6,광주,86.912
2010,7,광주,87.174
2010,8,광주,87.522
2010,9,광주,88.219
2010,10,광주,88.307
2010,11,광주,87.522
2010,12,광주,87.958
2011,1,광주,89.092
2011,2,광주,89.789
2011,3,광주,90.05
2011,4,광주,90.137
2011,5,광주,90.311
2011,6,광주,90.486
2011,7,광주,90.922
2011,8,광주,91.619
2011,9,광주,91.707
2011,10,광주,91.532
2011,11,광주,91.446
2011,12,광주,91.619
2012,1,광주,92.012
2012,2,광주,92.221
2012,3,광주,92.256
2012,4,광주,92.238
2012,5,광주,92.308
2012,6,광주,92.116
2012,7,광주,91.873
2012,8,광주,92.291
2012,9,광주,93.058
2012,10,광주,92.77
2012,11,광주,92.439
2012,12,광주,92.587
2013,1,광주,93.162
2013,2,광주,93.407
2013,3,광주,93.363
2013,4,광주,93.319
2013,5,광주,93.294
2013,6,광주,93.172
2013,7,광주,93.397
2013,8,광주,93.86
2013,9,광주,94.061
2013,10,광주,93.738
2013,11,광주,93.79
2013,12,광주,93.921
2014,1,광주,94.435
2014,2,광주,94.749
2014,3,광주,95.106
2014,4,광주,95.184
2014,5,광주,95.272
2014,6,광주,95.167
2014,7,광주,95.281
2014,8,광주,95.377
2014,9,광주,95.385
2014,10,광주,94.984
2014,11,광주,94.766
2014,12,광주,94.784
2015,1,광주,95.382
2015,2,광주,95.229
2015,3,광주,95.143
2015,4,광주,95.086
2015,5,광주,95.439
2015,6,광주,95.486
2015,7,광주,95.42
2015,8,광주,95.467
2015,9,광주,95.143
2015,10,광주,95.42
2015,11,광주,95.105
2015,12,광주,95.353
2016,1,광주,95.41
2016,2,광주,95.868
2016,3,광주,95.696
2016,4,광주,95.858
2016,5,광주,95.963
2016,6,광주,96.02
2016,7,광주,95.868
2016,8,광주,96.135
2016,9,광주,96.783
2016,10,광주,96.935
2016,11,광주,96.745
2016,12,광주,96.878
2017,1,광주,97.945
2017,2,광주,98.374
2017,3,광주,98.165
2017,4,광주,97.964
2017,5,광주,98.117
2017,6,광주,97.964
2017,7,광주,97.955
2017,8,광주,98.498
2017,9,광주,98.622
2017,10,광주,98.622
2017,11,광주,97.945
2017,12,광주,98.126
2018,1,광주,98.479
2018,2,광주,99.213
2018,3,광주,98.946
2018,4,광주,99.184
2018,5,광주,99.318
2018,6,광주,99.232
2018,7,광주,98.984
2018,8,광주,99.527
2018,9,광주,100.385
2018,10,광주,100.28
2018,11,광주,99.47
2018,12,광주,99.118
2019,1,광주,98.994
2019,2,광주,99.327
2019,3,광주,99.127
2019,4,광주,99.518
2019,5,광주,99.832
2019,6,광주,99.566
2019,7,광주,99.242
2019,8,광주,99.461
2019,9,광주,99.89
2019,10,광주,100.214
2019,11,광주,99.737
2019,12,광주,99.861
2020,1,광주,100.22
2020,2,광주,100.35
2020,3,광주,99.97
2020,4,광주,99.6
2020,5,광주,99.63
2020,6,광주,99.67
2020,7,광주,99.55
2020,8,광주,100.09
2020,9,광주,100.63
2020,10,광주,100.03
2020,11,광주,99.93
2020,12,광주,100.34
2021,1,광주,101.13
2021,2,광주,101.53
2021,3,광주,101.92
2021,4,광주,102.13
2021,5,광주,102.24
2021,6,광주,102.19
2021,7,광주,102.36
2021,8,광주,102.82
2021,9,광주,103.15
2021,10,광주,103.27
2021,11,광주,103.95
2021,12,광주,104.1
2022,1,광주,104.83
2022,2,광주,105.24
2022,3,광주,106.11
2022,4,광주,106.9
2022,5,광주,107.86
2022,6,광주,108.54
2022,7,광주,109.01
2022,8,광주,108.77
2022,9,광주,108.8
2022,10,광주,109.16
2022,11,광주,109.1
2022,12,광주,109.1
2002,1,대전,67.435
2002,2,대전,67.76
2002,3,대전,68.148
2002,4,대전,68.535
2002,5,대전,68.924
2002,6,대전,68.794
2002,7,대전,68.6
2002,8,대전,68.989
2002,9,대전,69.636
2002,10,대전,69.313
2002,11,대전,69.377
2002,12,대전,69.765
2003,1,대전,70.089
2003,2,대전,70.348
2003,3,대전,71.189
2003,4,대전,70.995
2003,5,대전,70.8
2003,6,대전,70.477
2003,7,대전,70.477
2003,8,대전,70.865
2003,9,대전,71.32
2003,10,대전,71.578
2003,11,대전,71.448
2003,12,대전,71.707
2004,1,대전,72.159
2004,2,대전,72.483
2004,3,대전,73.324
2004,4,대전,73.324
2004,5,대전,73.39
2004,6,대전,73.39
2004,7,대전,73.842
2004,8,대전,74.619
2004,9,대전,74.684
2004,10,대전,74.49
2004,11,대전,74.036
2004,12,대전,74.036
2005,1,대전,74.891
2005,2,대전,75.042
2005,3,대전,75.497
2005,4,대전,75.724
2005,5,대전,75.649
2005,6,대전,75.422
2005,7,대전,75.952
2005,8,대전,76.027
2005,9,대전,76.407
2005,10,대전,76.407
2005,11,대전,76.104
2005,12,대전,76.483
2006,1,대전,76.861
2006,2,대전,76.937
2006,3,대전,77.392
2006,4,대전,77.543
2006,5,대전,77.695
2006,6,대전,77.543
2006,7,대전,77.847
2006,8,대전,78.453
2006,9,대전,78.529
2006,10,대전,78.074
2006,11,대전,77.847
2006,12,대전,78.074
2007,1,대전,78.15
2007,2,대전,78.605
2007,3,대전,79.06
2007,4,대전,79.287
2007,5,대전,79.439
2007,6,대전,79.439
2007,7,대전,79.969
2007,8,대전,79.969
2007,9,대전,80.272
2007,10,대전,80.424
2007,11,대전,80.349
2007,12,대전,80.728
2008,1,대전,81.031
2008,2,대전,81.41
2008,3,대전,82.092
2008,4,대전,82.698
2008,5,대전,83.532
2008,6,대전,84.214
2008,7,대전,84.745
2008,8,대전,84.517
2008,9,대전,84.366
2008,10,대전,84.214
2008,11,대전,83.987
2008,12,대전,83.911
2009,1,대전,83.684
2009,2,대전,84.366
2009,3,대전,85.124
2009,4,대전,85.276
2009,5,대전,85.199
2009,6,대전,85.199
2009,7,대전,85.579
2009,8,대전,85.73
2009,9,대전,85.806
2009,10,대전,85.579
2009,11,대전,85.806
2009,12,대전,86.109
2010,1,대전,86.76
2010,2,대전,86.848
2010,3,대전,87.024
2010,4,대전,87.551
2010,5,대전,87.639
2010,6,대전,87.551
2010,7,대전,87.727
2010,8,대전,88.255
2010,9,대전,88.87
2010,10,대전,88.958
2010,11,대전,88.606
2010,12,대전,88.958
2011,1,대전,90.013
2011,2,대전,90.804
2011,3,대전,91.331
2011,4,대전,91.419
2011,5,대전,91.419
2011,6,대전,91.419
2011,7,대전,92.122
2011,8,대전,92.738
2011,9,대전,92.65
2011,10,대전,92.474
2011,11,대전,92.65
2011,12,대전,93.001
2012,1,대전,93.546
2012,2,대전,93.74
2012,3,대전,93.634
2012,4,대전,93.52
2012,5,대전,93.66
2012,6,대전,93.467
2012,7,대전,93.248
2012,8,대전,93.573
2012,9,대전,94.197
2012,10,대전,94.012
2012,11,대전,93.643
2012,12,대전,93.784
2013,1,대전,94.469
2013,2,대전,94.627
2013,3,대전,94.557
2013,4,대전,94.373
2013,5,대전,94.434
2013,6,대전,94.399
2013,7,대전,94.645
2013,8,대전,94.952
2013,9,대전,94.927
2013,10,대전,94.637
2013,11,대전,94.531
2013,12,대전,94.557
2014,1,대전,95.032
2014,2,대전,95.384
2014,3,대전,95.542
2014,4,대전,95.506
2014,5,대전,95.797
2014,6,대전,95.709
2014,7,대전,95.665
2014,8,대전,95.682
2014,9,대전,95.63
2014,10,대전,95.392
2014,11,대전,95.103
2014,12,대전,95.067
2015,1,대전,95.457
2015,2,대전,95.362
2015,3,대전,95.371
2015,4,대전,95.295
2015,5,대전,95.601
2015,6,대전,95.697
2015,7,대전,95.878
2015,8,대전,96.031
2015,9,대전,95.811
2015,10,대전,95.687
2015,11,대전,95.639
2015,12,대전,95.945
2016,1,대전,96.051
2016,2,대전,96.385
2016,3,대전,96.041
2016,4,대전,96.127
2016,5,대전,96.251
2016,6,대전,96.194
2016,7,대전,95.917
2016,8,대전,96.07
2016,9,대전,96.51
2016,10,대전,96.71
2016,11,대전,96.634
2016,12,대전,96.672
2017,1,대전,97.667
2017,2,대전,97.944
2017,3,대전,97.83
2017,4,대전,97.782
2017,5,대전,97.858
2017,6,대전,97.638
2017,7,대전,97.772
2017,8,대전,98.183
2017,9,대전,98.423
2017,10,대전,98.308
2017,11,대전,97.495
2017,12,대전,97.83
2018,1,대전,98.337
2018,2,대전,99.14
2018,3,대전,99.111
2018,4,대전,99.331
2018,5,대전,99.379
2018,6,대전,99.13
2018,7,대전,98.843
2018,8,대전,99.752
2018,9,대전,100.469
2018,10,대전,100.393
2018,11,대전,99.618
2018,12,대전,99.436
2019,1,대전,99.283
2019,2,대전,99.656
2019,3,대전,99.331
2019,4,대전,99.666
2019,5,대전,99.876
2019,6,대전,99.656
2019,7,대전,99.322
2019,8,대전,99.532
2019,9,대전,99.8
2019,10,대전,100.058
2019,11,대전,99.503
2019,12,대전,99.781
2020,1,대전,100.14
2020,2,대전,100.2
2020,3,대전,99.91
2020,4,대전,99.49
2020,5,대전,99.54
2020,6,대전,99.86
2020,7,대전,99.74
2020,8,대전,100.26
2020,9,대전,100.53
2020,10,대전,99.95
2020,11,대전,100
2020,12,대전,100.38
2021,1,대전,101.05
2021,2,대전,101.53
2021,3,대전,101.9
2021,4,대전,102.09
2021,5,대전,102.13
2021,6,대전,102.19
2021,7,대전,102.4
2021,8,대전,102.7
2021,9,대전,103.08
2021,10,대전,103.23
2021,11,대전,103.71
2021,12,대전,103.97
2022,1,대전,104.65
2022,2,대전,105.29
2022,3,대전,106.04
2022,4,대전,106.64
2022,5,대전,107.3
2022,6,대전,108.09
2022,7,대전,108.48
2022,8,대전,108.42
2022,9,대전,108.53
2022,10,대전,108.94
2022,11,대전,108.79
2022,12,대전,109.03
2002,1,울산,66.26
2002,2,울산,66.766
2002,3,울산,67.085
2002,4,울산,67.338
2002,5,울산,67.718
2002,6,울산,67.592
2002,7,울산,67.338
2002,8,울산,67.972
2002,9,울산,68.606
2002,10,울산,68.226
2002,11,울산,68.226
2002,12,울산,68.353
2003,1,울산,68.796
2003,2,울산,69.24
2003,3,울산,70.127
2003,4,울산,69.747
2003,5,울산,69.62
2003,6,울산,69.556
2003,7,울산,69.556
2003,8,울산,70.065
2003,9,울산,70.572
2003,10,울산,70.699
2003,11,울산,70.381
2003,12,울산,70.761
2004,1,울산,71.143
2004,2,울산,71.713
2004,3,울산,72.41
2004,4,울산,72.347
2004,5,울산,72.284
2004,6,울산,72.347
2004,7,울산,72.727
2004,8,울산,73.426
2004,9,울산,73.426
2004,10,울산,73.488
2004,11,울산,72.854
2004,12,울산,72.981
2005,1,울산,73.788
2005,2,울산,74.087
2005,3,울산,74.761
2005,4,울산,74.761
2005,5,울산,74.687
2005,6,울산,74.536
2005,7,울산,74.761
2005,8,울산,74.986
2005,9,울산,75.509
2005,10,울산,75.359
2005,11,울산,75.135
2005,12,울산,75.509
2006,1,울산,75.808
2006,2,울산,75.884
2006,3,울산,76.482
2006,4,울산,76.557
2006,5,울산,76.856
2006,6,울산,76.632
2006,7,울산,77.006
2006,8,울산,77.605
2006,9,울산,77.904
2006,10,울산,77.455
2006,11,울산,77.006
2006,12,울산,77.306
2007,1,울산,77.38
2007,2,울산,77.904
2007,3,울산,78.428
2007,4,울산,78.652
2007,5,울산,78.802
2007,6,울산,78.802
2007,7,울산,79.177
2007,8,울산,79.326
2007,9,울산,79.925
2007,10,울산,79.999
2007,11,울산,80.075
2007,12,울산,80.298
2008,1,울산,80.748
2008,2,울산,81.047
2008,3,울산,81.945
2008,4,울산,82.394
2008,5,울산,83.216
2008,6,울산,83.816
2008,7,울산,84.415
2008,8,울산,84.34
2008,9,울산,84.266
2008,10,울산,84.266
2008,11,울산,83.891
2008,12,울산,83.816
2009,1,울산,83.667
2009,2,울산,84.489
2009,3,울산,84.864
2009,4,울산,85.013
2009,5,울산,85.013
2009,6,울산,84.938
2009,7,울산,85.387
2009,8,울산,85.686
2009,9,울산,85.612
2009,10,울산,85.387
2009,11,울산,85.612
2009,12,울산,85.686
2010,1,울산,86.572
2010,2,울산,86.747
2010,3,울산,87.274
2010,4,울산,87.537
2010,5,울산,87.626
2010,6,울산,87.537
2010,7,울산,87.713
2010,8,울산,88.152
2010,9,울산,88.766
2010,10,울산,88.766
2010,11,울산,88.416
2010,12,울산,88.679
2011,1,울산,89.645
2011,2,울산,90.172
2011,3,울산,90.698
2011,4,울산,90.698
2011,5,울산,91.049
2011,6,울산,91.137
2011,7,울산,91.664
2011,8,울산,92.016
2011,9,울산,91.927
2011,10,울산,92.016
2011,11,울산,92.279
2011,12,울산,92.455
2012,1,울산,92.796
2012,2,울산,92.981
2012,3,울산,93.051
2012,4,울산,93.051
2012,5,울산,93.236
2012,6,울산,93.166
2012,7,울산,92.972
2012,8,울산,93.411
2012,9,울산,93.886
2012,10,울산,93.78
2012,11,울산,93.437
2012,12,울산,93.499
2013,1,울산,94.483
2013,2,울산,94.685
2013,3,울산,94.685
2013,4,울산,94.517
2013,5,울산,94.509
2013,6,울산,94.438
2013,7,울산,94.597
2013,8,울산,95.001
2013,9,울산,95.15
2013,10,울산,94.755
2013,11,울산,94.719
2013,12,울산,94.711
2014,1,울산,95.343
2014,2,울산,95.624
2014,3,울산,95.642
2014,4,울산,95.808
2014,5,울산,95.914
2014,6,울산,95.923
2014,7,울산,96.019
2014,8,울산,96.159
2014,9,울산,96.159
2014,10,울산,95.861
2014,11,울산,95.756
2014,12,울산,95.537
2015,1,울산,96.107
2015,2,울산,96.04
2015,3,울산,96.098
2015,4,울산,96.136
2015,5,울산,96.338
2015,6,울산,96.396
2015,7,울산,96.377
2015,8,울산,96.598
2015,9,울산,96.29
2015,10,울산,96.204
2015,11,울산,96.03
2015,12,울산,96.396
2016,1,울산,96.704
2016,2,울산,96.993
2016,3,울산,96.714
2016,4,울산,96.877
2016,5,울산,96.964
2016,6,울산,96.906
2016,7,울산,96.82
2016,8,울산,97.118
2016,9,울산,97.696
2016,10,울산,98.061
2016,11,울산,97.773
2016,12,울산,97.83
2017,1,울산,98.754
2017,2,울산,99.072
2017,3,울산,98.976
2017,4,울산,98.976
2017,5,울산,99.072
2017,6,울산,98.831
2017,7,울산,98.822
2017,8,울산,99.226
2017,9,울산,99.515
2017,10,울산,99.361
2017,11,울산,98.591
2017,12,울산,98.879
2018,1,울산,99.264
2018,2,울산,100.006
2018,3,울산,99.736
2018,4,울산,100.188
2018,5,울산,100.111
2018,6,울산,99.842
2018,7,울산,99.553
2018,8,울산,100.333
2018,9,울산,100.968
2018,10,울산,100.814
2018,11,울산,99.919
2018,12,울산,99.572
2019,1,울산,99.495
2019,2,울산,99.63
2019,3,울산,99.505
2019,4,울산,99.852
2019,5,울산,99.852
2019,6,울산,99.64
2019,7,울산,99.38
2019,8,울산,99.582
2019,9,울산,99.996
2019,10,울산,100.188
2019,11,울산,99.544
2019,12,울산,99.794
2020,1,울산,100.18
2020,2,울산,100.29
2020,3,울산,100.06
2020,4,울산,99.53
2020,5,울산,99.52
2020,6,울산,99.53
2020,7,울산,99.59
2020,8,울산,100.1
2020,9,울산,100.69
2020,10,울산,100.13
2020,11,울산,100.06
2020,12,울산,100.3
2021,1,울산,101.18
2021,2,울산,101.67
2021,3,울산,101.86
2021,4,울산,101.88
2021,5,울산,102
2021,6,울산,101.93
2021,7,울산,102.2
2021,8,울산,102.71
2021,9,울산,103.26
2021,10,울산,103.22
2021,11,울산,103.86
2021,12,울산,104.12
2022,1,울산,104.86
2022,2,울산,105.23
2022,3,울산,105.92
2022,4,울산,106.72
2022,5,울산,107.38
2022,6,울산,107.99
2022,7,울산,108.52
2022,8,울산,108.42
2022,9,울산,108.72
2022,10,울산,109.13
2022,11,울산,108.9
2022,12,울산,109.07
2012,7,세종,93.16235164
2012,8,세종,93.48788718
2012,9,세종,94.09138716
2012,10,세종,93.91975811
2012,11,세종,93.66697836
2012,12,세종,93.85446445
2013,1,세종,94.24529365
2013,2,세종,94.66970244
2013,3,세종,94.49807339
2013,4,세종,94.47288869
2013,5,세종,94.50646829
2013,6,세종,94.4085278
2013,7,세종,94.63612285
2013,8,세종,94.83946596
2013,9,세종,95.00270012
2013,10,세종,94.79842423
2013,11,세종,94.60347602
2013,12,세종,94.69302161
2014,1,세종,95.25547986
2014,2,세종,95.46628511
2014,3,세종,95.80861045
2014,4,세종,95.72745976
2014,5,세종,95.84125728
2014,6,세종,95.74331679
2014,7,세종,95.99609653
2014,8,세종,96.00355867
2014,9,세종,95.92240797
2014,10,세종,95.5558307
2014,11,세종,95.33663056
2014,12,세종,95.21443813
2015,1,세종,95.6173933
2015,2,세종,95.51105791
2015,3,세종,95.47561278
2015,4,세종,95.36927739
2015,5,세종,95.66123333
2015,6,세종,95.67895589
2015,7,세종,95.64351076
2015,8,세종,95.66123333
2015,9,세종,95.51945281
2015,10,세종,95.43083998
2015,11,세종,95.20044663
2015,12,세종,95.45789021
2016,1,세종,95.53717537
2016,2,세종,95.91028201
2016,3,세종,95.69761123
2016,4,세종,95.80394662
2016,5,세종,95.91028201
2016,6,세종,95.92800457
2016,7,세종,95.72372869
2016,8,세종,95.95412204
2016,9,세종,96.48673176
2016,10,세종,96.40651383
2016,11,세종,96.43356406
2016,12,세종,96.47740409
2017,1,세종,97.53329587
2017,2,세종,97.97636
2017,3,세종,97.78141178
2017,4,세종,97.60418613
2017,5,세종,97.67507639
2017,6,세종,97.45307794
2017,7,세종,97.55941334
2017,8,세종,98.01180513
2017,9,세종,98.26924871
2017,10,세종,98.25152614
2017,11,세종,97.6219087
2017,12,세종,97.91386464
2018,1,세종,98.34853387
2018,2,세종,99.04904158
2018,3,세종,98.96042875
2018,4,세종,99.16470463
2018,5,세종,99.1908221
2018,6,세종,99.03131901
2018,7,세종,98.81025333
2018,8,세종,99.5368785
2018,9,세종,100.4239395
2018,10,세종,100.166496
2018,11,세종,99.5368785
2018,12,세종,99.32420772
2019,1,세종,99.20854466
2019,2,세종,99.44826568
2019,3,세종,99.16470463
2019,4,세종,99.55460107
2019,5,세종,99.80271698
2019,6,세종,99.65254156
2019,7,세종,99.23559489
2019,8,세종,99.46598824
2019,9,세종,100.0872108
2019,10,세종,100.2551088
2019,11,세종,99.76727185
2019,12,세종,99.9808754
2020,1,세종,100.2
2020,2,세종,100.27
2020,3,세종,100.02
2020,4,세종,99.62
2020,5,세종,99.43
2020,6,세종,99.73
2020,7,세종,99.78
2020,8,세종,100.22
2020,9,세종,100.52
2020,10,세종,100.03
2020,11,세종,99.9
2020,12,세종,100.26
2021,1,세종,101.06
2021,2,세종,101.6
2021,3,세종,102.05
2021,4,세종,102.33
2021,5,세종,102.4
2021,6,세종,102.48
2021,7,세종,102.61
2021,8,세종,103.11
2021,9,세종,103.2
2021,10,세종,103.55
2021,11,세종,104.01
2021,12,세종,104.16
2022,1,세종,105.01
2022,2,세종,105.46
2022,3,세종,106.64
2022,4,세종,107.42
2022,5,세종,108.32
2022,6,세종,109.07
2022,7,세종,109.39
2022,8,세종,109.54
2022,9,세종,109.25
2022,10,세종,109.7
2022,11,세종,109.47
2022,12,세종,109.48
2002,1,경기,66.371
2002,2,경기,66.623
2002,3,경기,67.063
2002,4,경기,67.504
2002,5,경기,67.756
2002,6,경기,67.567
2002,7,경기,67.44
2002,8,경기,67.818
2002,9,경기,68.196
2002,10,경기,68.07
2002,11,경기,68.07
2002,12,경기,68.447
2003,1,경기,68.888
2003,2,경기,69.14
2003,3,경기,70.146
2003,4,경기,69.894
2003,5,경기,69.705
2003,6,경기,69.517
2003,7,경기,69.58
2003,8,경기,69.894
2003,9,경기,70.334
2003,10,경기,70.398
2003,11,경기,70.273
2003,12,경기,70.65
2004,1,경기,70.964
2004,2,경기,71.279
2004,3,경기,72.034
2004,4,경기,72.034
2004,5,경기,72.034
2004,6,경기,71.97
2004,7,경기,72.474
2004,8,경기,72.977
2004,9,경기,72.977
2004,10,경기,73.103
2004,11,경기,72.726
2004,12,경기,72.788
2005,1,경기,73.461
2005,2,경기,73.683
2005,3,경기,74.351
2005,4,경기,74.278
2005,5,경기,74.203
2005,6,경기,73.98
2005,7,경기,74.278
2005,8,경기,74.5
2005,9,경기,74.797
2005,10,경기,74.723
2005,11,경기,74.426
2005,12,경기,74.723
2006,1,경기,75.17
2006,2,경기,75.317
2006,3,경기,75.911
2006,4,경기,76.06
2006,5,경기,76.134
2006,6,경기,75.986
2006,7,경기,76.283
2006,8,경기,76.729
2006,9,경기,76.803
2006,10,경기,76.432
2006,11,경기,76.06
2006,12,경기,76.283
2007,1,경기,76.505
2007,2,경기,76.877
2007,3,경기,77.397
2007,4,경기,77.694
2007,5,경기,77.843
2007,6,경기,77.843
2007,7,경기,78.14
2007,8,경기,78.288
2007,9,경기,78.66
2007,10,경기,78.734
2007,11,경기,78.883
2007,12,경기,79.18
2008,1,경기,79.551
2008,2,경기,79.775
2008,3,경기,80.666
2008,4,경기,81.11
2008,5,경기,81.78
2008,6,경기,82.3
2008,7,경기,82.819
2008,8,경기,82.671
2008,9,경기,82.745
2008,10,경기,82.745
2008,11,경기,82.522
2008,12,경기,82.522
2009,1,경기,82.671
2009,2,경기,83.264
2009,3,경기,83.859
2009,4,경기,84.156
2009,5,경기,84.082
2009,6,경기,84.008
2009,7,경기,84.305
2009,8,경기,84.676
2009,9,경기,84.676
2009,10,경기,84.453
2009,11,경기,84.602
2009,12,경기,84.9
2010,1,경기,85.766
2010,2,경기,86.026
2010,3,경기,85.854
2010,4,경기,86.199
2010,5,경기,86.286
2010,6,경기,86.199
2010,7,경기,86.373
2010,8,경기,86.718
2010,9,경기,87.411
2010,10,경기,87.411
2010,11,경기,86.978
2010,12,경기,87.325
2011,1,경기,88.277
2011,2,경기,88.969
2011,3,경기,89.229
2011,4,경기,89.315
2011,5,경기,89.488
2011,6,경기,89.661
2011,7,경기,90.181
2011,8,경기,90.613
2011,9,경기,90.613
2011,10,경기,90.527
2011,11,경기,90.613
2011,12,경기,90.96
2012,1,경기,91.444
2012,2,경기,91.703
2012,3,경기,91.592
2012,4,경기,91.522
2012,5,경기,91.686
2012,6,경기,91.583
2012,7,경기,91.375
2012,8,경기,91.738
2012,9,경기,92.387
2012,10,경기,92.18
2012,11,경기,91.903
2012,12,경기,92.111
2013,1,경기,92.621
2013,2,경기,93.002
2013,3,경기,92.837
2013,4,경기,92.682
2013,5,경기,92.673
2013,6,경기,92.604
2013,7,경기,92.82
2013,8,경기,93.115
2013,9,경기,93.262
2013,10,경기,92.976
2013,11,경기,92.994
2013,12,경기,93.088
2014,1,경기,93.538
2014,2,경기,93.781
2014,3,경기,94.006
2014,4,경기,94.067
2014,5,경기,94.231
2014,6,경기,94.101
2014,7,경기,94.248
2014,8,경기,94.396
2014,9,경기,94.335
2014,10,경기,94.032
2014,11,경기,93.858
2014,12,경기,93.858
2015,1,경기,94.487
2015,2,경기,94.439
2015,3,경기,94.458
2015,4,경기,94.487
2015,5,경기,94.799
2015,6,경기,94.78
2015,7,경기,94.989
2015,8,경기,95.102
2015,9,경기,94.809
2015,10,경기,94.847
2015,11,경기,94.667
2015,12,경기,94.941
2016,1,경기,95.131
2016,2,경기,95.519
2016,3,경기,95.254
2016,4,경기,95.434
2016,5,경기,95.472
2016,6,경기,95.5
2016,7,경기,95.358
2016,8,경기,95.519
2016,9,경기,96.012
2016,10,경기,96.125
2016,11,경기,96.012
2016,12,경기,96.154
2017,1,경기,97.272
2017,2,경기,97.537
2017,3,경기,97.499
2017,4,경기,97.329
2017,5,경기,97.471
2017,6,경기,97.234
2017,7,경기,97.376
2017,8,경기,97.963
2017,9,경기,98.049
2017,10,경기,97.954
2017,11,경기,97.234
2017,12,경기,97.622
2018,1,경기,97.982
2018,2,경기,98.759
2018,3,경기,98.655
2018,4,경기,98.797
2018,5,경기,98.901
2018,6,경기,98.721
2018,7,경기,98.532
2018,8,경기,99.432
2018,9,경기,100.152
2018,10,경기,99.896
2018,11,경기,99.242
2018,12,경기,98.863
2019,1,경기,98.693
2019,2,경기,99.195
2019,3,경기,99.043
2019,4,경기,99.365
2019,5,경기,99.668
2019,6,경기,99.498
2019,7,경기,99.195
2019,8,경기,99.432
2019,9,경기,99.612
2019,10,경기,99.962
2019,11,경기,99.422
2019,12,경기,99.668
2020,1,경기,100.08
2020,2,경기,100.14
2020,3,경기,99.88
2020,4,경기,99.46
2020,5,경기,99.42
2020,6,경기,99.75
2020,7,경기,99.64
2020,8,경기,100.21
2020,9,경기,100.73
2020,10,경기,100.15
2020,11,경기,100.12
2020,12,경기,100.4
2021,1,경기,101.05
2021,2,경기,101.66
2021,3,경기,101.87
2021,4,경기,102.01
2021,5,경기,102.1
2021,6,경기,102.17
2021,7,경기,102.33
2021,8,경기,102.85
2021,9,경기,103.21
2021,10,경기,103.43
2021,11,경기,103.97
2021,12,경기,104.16
2022,1,경기,104.88
2022,2,경기,105.41
2022,3,경기,106.14
2022,4,경기,106.86
2022,5,경기,107.55
2022,6,경기,108.2
2022,7,경기,108.73
2022,8,경기,108.58
2022,9,경기,108.78
2022,10,경기,109.13
2022,11,경기,109.12
2022,12,경기,109.26
2002,1,강원,66.509
2002,2,강원,66.829
2002,3,강원,67.405
2002,4,강원,67.726
2002,5,강원,67.918
2002,6,강원,67.726
2002,7,강원,67.534
2002,8,강원,67.855
2002,9,강원,68.238
2002,10,강원,68.046
2002,11,강원,68.175
2002,12,강원,68.624
2003,1,강원,69.071
2003,2,강원,69.391
2003,3,강원,70.418
2003,4,강원,70.224
2003,5,강원,70.033
2003,6,강원,69.713
2003,7,강원,69.649
2003,8,강원,69.904
2003,9,강원,70.418
2003,10,강원,70.545
2003,11,강원,70.482
2003,12,강원,70.738
2004,1,강원,71.314
2004,2,강원,71.763
2004,3,강원,72.532
2004,4,강원,72.468
2004,5,강원,72.403
2004,6,강원,72.403
2004,7,강원,72.724
2004,8,강원,73.429
2004,9,강원,73.493
2004,10,강원,73.621
2004,11,강원,73.172
2004,12,강원,73.621
2005,1,강원,74.194
2005,2,강원,74.571
2005,3,강원,75.249
2005,4,강원,75.324
2005,5,강원,75.249
2005,6,강원,75.023
2005,7,강원,75.324
2005,8,강원,75.55
2005,9,강원,76.003
2005,10,강원,75.927
2005,11,강원,75.626
2005,12,강원,75.852
2006,1,강원,76.379
2006,2,강원,76.379
2006,3,강원,76.831
2006,4,강원,76.982
2006,5,강원,77.057
2006,6,강원,76.906
2006,7,강원,77.208
2006,8,강원,77.659
2006,9,강원,77.735
2006,10,강원,77.282
2006,11,강원,76.906
2006,12,강원,77.131
2007,1,강원,77.208
2007,2,강원,77.659
2007,3,강원,78.262
2007,4,강원,78.488
2007,5,강원,78.714
2007,6,강원,78.714
2007,7,강원,79.015
2007,8,강원,79.015
2007,9,강원,79.391
2007,10,강원,79.618
2007,11,강원,79.768
2007,12,강원,80.144
2008,1,강원,80.521
2008,2,강원,80.747
2008,3,강원,81.802
2008,4,강원,82.405
2008,5,강원,83.158
2008,6,강원,83.986
2008,7,강원,84.514
2008,8,강원,84.288
2008,9,강원,84.137
2008,10,강원,83.986
2008,11,강원,83.534
2008,12,강원,83.233
2009,1,강원,83.158
2009,2,강원,83.61
2009,3,강원,84.363
2009,4,강원,84.589
2009,5,강원,84.589
2009,6,강원,84.589
2009,7,강원,84.816
2009,8,강원,85.116
2009,9,강원,85.192
2009,10,강원,84.89
2009,11,강원,85.041
2009,12,강원,85.267
2010,1,강원,85.849
2010,2,강원,86.024
2010,3,강원,86.546
2010,4,강원,86.895
2010,5,강원,86.895
2010,6,강원,86.808
2010,7,강원,87.069
2010,8,강원,87.505
2010,9,강원,88.028
2010,10,강원,88.376
2010,11,강원,87.767
2010,12,강원,88.115
2011,1,강원,89.074
2011,2,강원,89.946
2011,3,강원,90.555
2011,4,강원,90.555
2011,5,강원,90.555
2011,6,강원,90.904
2011,7,강원,91.253
2011,8,강원,91.863
2011,9,강원,91.602
2011,10,강원,91.514
2011,11,강원,91.514
2011,12,강원,91.863
2012,1,강원,92.02
2012,2,강원,92.438
2012,3,강원,92.734
2012,4,강원,92.639
2012,5,강원,92.961
2012,6,강원,92.709
2012,7,강원,92.203
2012,8,강원,92.534
2012,9,강원,93.17
2012,10,강원,93.135
2012,11,강원,92.812
2012,12,강원,92.944
2013,1,강원,93.528
2013,2,강원,93.902
2013,3,강원,93.736
2013,4,강원,93.615
2013,5,강원,93.545
2013,6,강원,93.405
2013,7,강원,93.58
2013,8,강원,93.911
2013,9,강원,94.051
2013,10,강원,93.693
2013,11,강원,93.649
2013,12,강원,93.754
2014,1,강원,94.137
2014,2,강원,94.303
2014,3,강원,94.521
2014,4,강원,94.417
2014,5,강원,94.6
2014,6,강원,94.425
2014,7,강원,94.538
2014,8,강원,94.635
2014,9,강원,94.547
2014,10,강원,94.216
2014,11,강원,93.841
2014,12,강원,93.833
2015,1,강원,94.387
2015,2,강원,94.114
2015,3,강원,94.246
2015,4,강원,94.227
2015,5,강원,94.51
2015,6,강원,94.604
2015,7,강원,94.491
2015,8,강원,94.604
2015,9,강원,94.331
2015,10,강원,94.35
2015,11,강원,94.142
2015,12,강원,94.416
2016,1,강원,94.623
2016,2,강원,94.859
2016,3,강원,94.652
2016,4,강원,94.84
2016,5,강원,95.01
2016,6,강원,95.124
2016,7,강원,94.708
2016,8,강원,94.897
2016,9,강원,95.52
2016,10,강원,95.784
2016,11,강원,95.624
2016,12,강원,95.68
2017,1,강원,96.709
2017,2,강원,96.935
2017,3,강원,96.832
2017,4,강원,96.822
2017,5,강원,96.992
2017,6,강원,96.784
2017,7,강원,96.898
2017,8,강원,97.426
2017,9,강원,97.596
2017,10,강원,97.436
2017,11,강원,96.671
2017,12,강원,97.049
2018,1,강원,97.379
2018,2,강원,98.106
2018,3,강원,98.134
2018,4,강원,98.36
2018,5,강원,98.417
2018,6,강원,98.247
2018,7,강원,97.983
2018,8,강원,98.908
2018,9,강원,99.738
2018,10,강원,99.71
2018,11,강원,99.04
2018,12,강원,98.662
2019,1,강원,98.577
2019,2,강원,99.011
2019,3,강원,98.964
2019,4,강원,99.351
2019,5,강원,99.568
2019,6,강원,99.483
2019,7,강원,99.134
2019,8,강원,99.37
2019,9,강원,99.814
2019,10,강원,100.012
2019,11,강원,99.512
2019,12,강원,99.814
2020,1,강원,100.39
2020,2,강원,100.37
2020,3,강원,100.15
2020,4,강원,99.56
2020,5,강원,99.29
2020,6,강원,99.64
2020,7,강원,99.49
2020,8,강원,100.08
2020,9,강원,100.73
2020,10,강원,100.05
2020,11,강원,100
2020,12,강원,100.25
2021,1,강원,101.01
2021,2,강원,101.63
2021,3,강원,102.04
2021,4,강원,102.19
2021,5,강원,102.19
2021,6,강원,102.28
2021,7,강원,102.46
2021,8,강원,103.08
2021,9,강원,103.64
2021,10,강원,103.85
2021,11,강원,104.53
2021,12,강원,104.69
2022,1,강원,105.6
2022,2,강원,106.18
2022,3,강원,107.11
2022,4,강원,108.18
2022,5,강원,108.96
2022,6,강원,109.7
2022,7,강원,110.2
2022,8,강원,109.91
2022,9,강원,110.21
2022,10,강원,110.54
2022,11,강원,110.48
2022,12,강원,110.73
2002,1,충북,66.964
2002,2,충북,67.158
2002,3,충북,67.351
2002,4,충북,67.866
2002,5,충북,68.125
2002,6,충북,67.931
2002,7,충북,67.738
2002,8,충북,67.995
2002,9,충북,68.382
2002,10,충북,68.447
2002,11,충북,68.64
2002,12,충북,68.833
2003,1,충북,69.348
2003,2,충북,69.864
2003,3,충북,70.83
2003,4,충북,70.573
2003,5,충북,70.187
2003,6,충북,69.928
2003,7,충북,69.864
2003,8,충북,70.187
2003,9,충북,70.766
2003,10,충북,70.895
2003,11,충북,70.702
2003,12,충북,71.089
2004,1,충북,71.476
2004,2,충북,71.863
2004,3,충북,72.701
2004,4,충북,72.636
2004,5,충북,72.507
2004,6,충북,72.442
2004,7,충북,72.83
2004,8,충북,73.151
2004,9,충북,73.216
2004,10,충북,73.344
2004,11,충북,72.957
2004,12,충북,73.087
2005,1,충북,73.832
2005,2,충북,74.206
2005,3,충북,74.806
2005,4,충북,74.882
2005,5,충북,74.882
2005,6,충북,74.656
2005,7,충북,74.956
2005,8,충북,75.18
2005,9,충북,75.705
2005,10,충북,75.63
2005,11,충북,75.255
2005,12,충북,75.556
2006,1,충북,75.93
2006,2,충북,76.005
2006,3,충북,76.38
2006,4,충북,76.53
2006,5,충북,76.605
2006,6,충북,76.53
2006,7,충북,76.754
2006,8,충북,77.28
2006,9,충북,77.43
2006,10,충북,77.055
2006,11,충북,76.605
2006,12,충북,76.83
2007,1,충북,76.98
2007,2,충북,77.505
2007,3,충북,78.179
2007,4,충북,78.478
2007,5,충북,78.704
2007,6,충북,78.628
2007,7,충북,78.854
2007,8,충북,78.929
2007,9,충북,79.454
2007,10,충북,79.529
2007,11,충북,79.678
2007,12,충북,80.054
2008,1,충북,80.277
2008,2,충북,80.577
2008,3,충북,81.552
2008,4,충북,82.227
2008,5,충북,82.901
2008,6,충북,83.725
2008,7,충북,84.25
2008,8,충북,83.951
2008,9,충북,83.876
2008,10,충북,83.65
2008,11,충북,83.276
2008,12,충북,83.201
2009,1,충북,83.201
2009,2,충북,83.725
2009,3,충북,84.551
2009,4,충북,84.775
2009,5,충북,84.775
2009,6,충북,84.775
2009,7,충북,85.075
2009,8,충북,85.375
2009,9,충북,85.45
2009,10,충북,85.15
2009,11,충북,85.3
2009,12,충북,85.524
2010,1,충북,85.982
2010,2,충북,86.245
2010,3,충북,86.506
2010,4,충북,87.03
2010,5,충북,87.118
2010,6,충북,86.943
2010,7,충북,87.205
2010,8,충북,87.554
2010,9,충북,88.253
2010,10,충북,88.253
2010,11,충북,88.078
2010,12,충북,88.427
2011,1,충북,89.474
2011,2,충북,90.435
2011,3,충북,90.61
2011,4,충북,90.696
2011,5,충북,90.784
2011,6,충북,90.871
2011,7,충북,91.308
2011,8,충북,91.919
2011,9,충북,92.006
2011,10,충북,91.656
2011,11,충북,91.831
2011,12,충북,92.18
2012,1,충북,92.286
2012,2,충북,92.687
2012,3,충북,92.844
2012,4,충북,92.888
2012,5,충북,92.975
2012,6,충북,92.852
2012,7,충북,92.547
2012,8,충북,92.896
2012,9,충북,93.543
2012,10,충북,93.359
2012,11,충북,93.088
2012,12,충북,93.289
2013,1,충북,93.708
2013,2,충북,94.163
2013,3,충북,93.979
2013,4,충북,93.952
2013,5,충북,93.988
2013,6,충북,93.883
2013,7,충북,94.127
2013,8,충북,94.345
2013,9,충북,94.52
2013,10,충북,94.301
2013,11,충북,94.092
2013,12,충북,94.188
2014,1,충북,94.791
2014,2,충북,95.017
2014,3,충북,95.384
2014,4,충북,95.297
2014,5,충북,95.419
2014,6,충북,95.314
2014,7,충북,95.585
2014,8,충북,95.593
2014,9,충북,95.506
2014,10,충북,95.113
2014,11,충북,94.878
2014,12,충북,94.747
2015,1,충북,95.179
2015,2,충북,95.065
2015,3,충북,95.027
2015,4,충북,94.913
2015,5,충북,95.226
2015,6,충북,95.245
2015,7,충북,95.207
2015,8,충북,95.226
2015,9,충북,95.074
2015,10,충북,94.979
2015,11,충북,94.732
2015,12,충북,95.008
2016,1,충북,95.093
2016,2,충북,95.493
2016,3,충북,95.265
2016,4,충북,95.379
2016,5,충북,95.493
2016,6,충북,95.512
2016,7,충북,95.293
2016,8,충북,95.54
2016,9,충북,96.111
2016,10,충북,96.025
2016,11,충북,96.054
2016,12,충북,96.101
2017,1,충북,97.233
2017,2,충북,97.708
2017,3,충북,97.499
2017,4,충북,97.309
2017,5,충북,97.385
2017,6,충북,97.147
2017,7,충북,97.261
2017,8,충북,97.746
2017,9,충북,98.022
2017,10,충북,98.003
2017,11,충북,97.328
2017,12,충북,97.641
2018,1,충북,98.107
2018,2,충북,98.858
2018,3,충북,98.763
2018,4,충북,98.982
2018,5,충북,99.01
2018,6,충북,98.839
2018,7,충북,98.602
2018,8,충북,99.381
2018,9,충북,100.332
2018,10,충북,100.056
2018,11,충북,99.381
2018,12,충북,99.153
2019,1,충북,99.029
2019,2,충북,99.286
2019,3,충북,98.982
2019,4,충북,99.4
2019,5,충북,99.666
2019,6,충북,99.505
2019,7,충북,99.058
2019,8,충북,99.305
2019,9,충북,99.971
2019,10,충북,100.151
2019,11,충북,99.628
2019,12,충북,99.857
2020,1,충북,100.29
2020,2,충북,100.34
2020,3,충북,100.11
2020,4,충북,99.49
2020,5,충북,99.4
2020,6,충북,99.66
2020,7,충북,99.64
2020,8,충북,100.14
2020,9,충북,100.72
2020,10,충북,99.97
2020,11,충북,100.01
2020,12,충북,100.22
2021,1,충북,101.21
2021,2,충북,101.67
2021,3,충북,102.05
2021,4,충북,102.17
2021,5,충북,102.27
2021,6,충북,102.33
2021,7,충북,102.5
2021,8,충북,102.88
2021,9,충북,103.28
2021,10,충북,103.5
2021,11,충북,104.16
2021,12,충북,104.31
2022,1,충북,105.02
2022,2,충북,105.76
2022,3,충북,106.76
2022,4,충북,107.6
2022,5,충북,108.41
2022,6,충북,109.28
2022,7,충북,109.84
2022,8,충북,109.61
2022,9,충북,109.99
2022,10,충북,110.16
2022,11,충북,109.88
2022,12,충북,109.94
2002,1,충남,66.471
2002,2,충남,66.791
2002,3,충남,67.047
2002,4,충남,67.624
2002,5,충남,67.944
2002,6,충남,67.881
2002,7,충남,67.688
2002,8,충남,68.073
2002,9,충남,68.521
2002,10,충남,68.521
2002,11,충남,68.393
2002,12,충남,68.586
2003,1,충남,69.227
2003,2,충남,69.803
2003,3,충남,70.573
2003,4,충남,70.188
2003,5,충남,70.06
2003,6,충남,69.803
2003,7,충남,69.803
2003,8,충남,70.188
2003,9,충남,70.893
2003,10,충남,70.893
2003,11,충남,70.766
2003,12,충남,71.149
2004,1,충남,71.662
2004,2,충남,72.111
2004,3,충남,72.88
2004,4,충남,72.943
2004,5,충남,72.687
2004,6,충남,72.751
2004,7,충남,73.264
2004,8,충남,73.906
2004,9,충남,73.842
2004,10,충남,73.713
2004,11,충남,73.137
2004,12,충남,73.329
2005,1,충남,74.465
2005,2,충남,74.69
2005,3,충남,75.218
2005,4,충남,75.294
2005,5,충남,75.369
2005,6,충남,74.992
2005,7,충남,75.369
2005,8,충남,75.67
2005,9,충남,76.048
2005,10,충남,75.972
2005,11,충남,75.52
2005,12,충남,75.747
2006,1,충남,76.274
2006,2,충남,76.348
2006,3,충남,76.952
2006,4,충남,77.027
2006,5,충남,77.254
2006,6,충남,77.178
2006,7,충남,77.48
2006,8,충남,78.007
2006,9,충남,78.233
2006,10,충남,77.857
2006,11,충남,77.328
2006,12,충남,77.555
2007,1,충남,77.781
2007,2,충남,78.158
2007,3,충남,78.686
2007,4,충남,79.063
2007,5,충남,79.063
2007,6,충남,79.063
2007,7,충남,79.364
2007,8,충남,79.439
2007,9,충남,79.741
2007,10,충남,79.967
2007,11,충남,79.967
2007,12,충남,80.344
2008,1,충남,80.796
2008,2,충남,81.097
2008,3,충남,81.927
2008,4,충남,82.454
2008,5,충남,83.132
2008,6,충남,83.81
2008,7,충남,84.489
2008,8,충남,84.264
2008,9,충남,84.112
2008,10,충남,84.036
2008,11,충남,83.736
2008,12,충남,83.584
2009,1,충남,83.66
2009,2,충남,84.338
2009,3,충남,85.092
2009,4,충남,85.318
2009,5,충남,85.318
2009,6,충남,85.394
2009,7,충남,85.77
2009,8,충남,85.921
2009,9,충남,85.996
2009,10,충남,85.77
2009,11,충남,85.921
2009,12,충남,86.146
2010,1,충남,86.825
2010,2,충남,87.089
2010,3,충남,87.265
2010,4,충남,87.616
2010,5,충남,87.793
2010,6,충남,87.616
2010,7,충남,87.881
2010,8,충남,88.232
2010,9,충남,88.761
2010,10,충남,88.936
2010,11,충남,88.496
2010,12,충남,88.936
2011,1,충남,89.904
2011,2,충남,90.784
2011,3,충남,91.047
2011,4,충남,91.047
2011,5,충남,91.223
2011,6,충남,91.4
2011,7,충남,91.839
2011,8,충남,92.543
2011,9,충남,92.367
2011,10,충남,92.103
2011,11,충남,92.103
2011,12,충남,92.367
2012,1,충남,92.807
2012,2,충남,93.159
2012,3,충남,93.537
2012,4,충남,93.634
2012,5,충남,93.924
2012,6,충남,93.827
2012,7,충남,93.537
2012,8,충남,93.766
2012,9,충남,94.495
2012,10,충남,94.284
2012,11,충남,93.941
2012,12,충남,94.127
2013,1,충남,94.672
2013,2,충남,94.839
2013,3,충남,94.848
2013,4,충남,94.707
2013,5,충남,94.716
2013,6,충남,94.628
2013,7,충남,94.742
2013,8,충남,95.112
2013,9,충남,95.367
2013,10,충남,94.927
2013,11,충남,94.9
2013,12,충남,94.944
2014,1,충남,95.508
2014,2,충남,95.64
2014,3,충남,95.235
2014,4,충남,95.261
2014,5,충남,95.454
2014,6,충남,95.341
2014,7,충남,95.367
2014,8,충남,95.41
2014,9,충남,95.385
2014,10,충남,95.243
2014,11,충남,94.944
2014,12,충남,94.918
2015,1,충남,95.573
2015,2,충남,95.267
2015,3,충남,95.305
2015,4,충남,95.277
2015,5,충남,95.592
2015,6,충남,95.707
2015,7,충남,95.783
2015,8,충남,95.869
2015,9,충남,95.496
2015,10,충남,95.468
2015,11,충남,95.277
2015,12,충남,95.563
2016,1,충남,95.649
2016,2,충남,96.079
2016,3,충남,95.84
2016,4,충남,95.984
2016,5,충남,96.079
2016,6,충남,96.012
2016,7,충남,95.85
2016,8,충남,96.06
2016,9,충남,96.69
2016,10,충남,96.604
2016,11,충남,96.566
2016,12,충남,96.643
2017,1,충남,97.712
2017,2,충남,97.999
2017,3,충남,97.875
2017,4,충남,97.751
2017,5,충남,97.923
2017,6,충남,97.798
2017,7,충남,97.999
2017,8,충남,98.515
2017,9,충남,98.629
2017,10,충남,98.505
2017,11,충남,97.674
2017,12,충남,98.047
2018,1,충남,98.477
2018,2,충남,99.155
2018,3,충남,99.088
2018,4,충남,99.241
2018,5,충남,99.298
2018,6,충남,99.126
2018,7,충남,98.878
2018,8,충남,99.661
2018,9,충남,100.587
2018,10,충남,100.473
2018,11,충남,99.737
2018,12,충남,99.518
2019,1,충남,99.164
2019,2,충남,99.651
2019,3,충남,98.849
2019,4,충남,99.222
2019,5,충남,99.432
2019,6,충남,99.222
2019,7,충남,98.925
2019,8,충남,99.241
2019,9,충남,99.747
2019,10,충남,99.833
2019,11,충남,99.26
2019,12,충남,99.575
2020,1,충남,100.34
2020,2,충남,100.36
2020,3,충남,100.18
2020,4,충남,99.43
2020,5,충남,99.15
2020,6,충남,99.35
2020,7,충남,99.42
2020,8,충남,100.04
2020,9,충남,100.93
2020,10,충남,100.24
2020,11,충남,100.18
2020,12,충남,100.38
2021,1,충남,101.05
2021,2,충남,101.62
2021,3,충남,102.04
2021,4,충남,102.16
2021,5,충남,102.3
2021,6,충남,102.38
2021,7,충남,102.55
2021,8,충남,102.96
2021,9,충남,103.47
2021,10,충남,103.81
2021,11,충남,104.39
2021,12,충남,104.45
2022,1,충남,105.61
2022,2,충남,106.3
2022,3,충남,107.14
2022,4,충남,107.84
2022,5,충남,108.39
2022,6,충남,109.44
2022,7,충남,110.11
2022,8,충남,109.89
2022,9,충남,110.03
2022,10,충남,110.11
2022,11,충남,109.91
2022,12,충남,110.09
2002,1,전북,66.543
2002,2,전북,66.863
2002,3,전북,67.182
2002,4,전북,67.63
2002,5,전북,67.949
2002,6,전북,67.821
2002,7,전북,67.566
2002,8,전북,67.949
2002,9,전북,68.461
2002,10,전북,68.205
2002,11,전북,68.078
2002,12,전북,68.397
2003,1,전북,68.908
2003,2,전북,69.1
2003,3,전북,70.314
2003,4,전북,70.187
2003,5,전북,69.803
2003,6,전북,69.675
2003,7,전북,69.675
2003,8,전북,70.059
2003,9,전북,70.57
2003,10,전북,70.698
2003,11,전북,70.57
2003,12,전북,70.889
2004,1,전북,71.401
2004,2,전북,71.785
2004,3,전북,72.488
2004,4,전북,72.615
2004,5,전북,72.551
2004,6,전북,72.424
2004,7,전북,72.808
2004,8,전북,73.51
2004,9,전북,73.639
2004,10,전북,73.446
2004,11,전북,73.063
2004,12,전북,73.191
2005,1,전북,73.7
2005,2,전북,74.074
2005,3,전북,74.596
2005,4,전북,74.747
2005,5,전북,74.821
2005,6,전북,74.447
2005,7,전북,74.971
2005,8,전북,75.045
2005,9,전북,75.419
2005,10,전북,75.344
2005,11,전북,74.821
2005,12,전북,74.971
2006,1,전북,75.568
2006,2,전북,75.568
2006,3,전북,76.017
2006,4,전북,76.166
2006,5,전북,76.391
2006,6,전북,76.241
2006,7,전북,76.689
2006,8,전북,77.063
2006,9,전북,77.213
2006,10,전북,76.764
2006,11,전북,76.316
2006,12,전북,76.541
2007,1,전북,76.689
2007,2,전북,77.213
2007,3,전북,77.886
2007,4,전북,78.11
2007,5,전북,78.11
2007,6,전북,77.96
2007,7,전북,78.334
2007,8,전북,78.484
2007,9,전북,78.783
2007,10,전북,79.007
2007,11,전북,79.082
2007,12,전북,79.381
2008,1,전북,79.679
2008,2,전북,80.053
2008,3,전북,80.801
2008,4,전북,81.399
2008,5,전북,82.221
2008,6,전북,82.969
2008,7,전북,83.566
2008,8,전북,83.342
2008,9,전북,83.193
2008,10,전북,82.969
2008,11,전북,82.52
2008,12,전북,82.37
2009,1,전북,82.595
2009,2,전북,83.193
2009,3,전북,84.089
2009,4,전북,84.538
2009,5,전북,84.464
2009,6,전북,84.464
2009,7,전북,84.912
2009,8,전북,85.061
2009,9,전북,85.211
2009,10,전북,84.986
2009,11,전북,84.986
2009,12,전북,85.285
2010,1,전북,85.927
2010,2,전북,86.189
2010,3,전북,86.45
2010,4,전북,86.973
2010,5,전북,87.148
2010,6,전북,86.887
2010,7,전북,87.148
2010,8,전북,87.497
2010,9,전북,88.195
2010,10,전북,88.456
2010,11,전북,87.846
2010,12,전북,88.282
2011,1,전북,89.504
2011,2,전북,90.288
2011,3,전북,90.55
2011,4,전북,90.462
2011,5,전북,90.462
2011,6,전북,90.724
2011,7,전북,91.335
2011,8,전북,92.033
2011,9,전북,91.946
2011,10,전북,91.597
2011,11,전북,91.772
2011,12,전북,92.12
2012,1,전북,93.045
2012,2,전북,93.429
2012,3,전북,92.784
2012,4,전북,92.809
2012,5,전북,92.966
2012,6,전북,92.775
2012,7,전북,92.426
2012,8,전북,92.845
2012,9,전북,93.63
2012,10,전북,93.499
2012,11,전북,93.176
2012,12,전북,93.228
2013,1,전북,93.9
2013,2,전북,94.153
2013,3,전북,94.345
2013,4,전북,94.092
2013,5,전북,94.135
2013,6,전북,93.996
2013,7,전북,94.118
2013,8,전북,94.318
2013,9,전북,94.537
2013,10,전북,94.232
2013,11,전북,94.171
2013,12,전북,94.083
2014,1,전북,94.589
2014,2,전북,95.095
2014,3,전북,95.296
2014,4,전북,95.339
2014,5,전북,95.496
2014,6,전북,95.296
2014,7,전북,95.575
2014,8,전북,95.601
2014,9,전북,95.566
2014,10,전북,95.217
2014,11,전북,94.921
2014,12,전북,94.808
2015,1,전북,95.253
2015,2,전북,95.063
2015,3,전북,95.158
2015,4,전북,95.072
2015,5,전북,95.339
2015,6,전북,95.434
2015,7,전북,95.377
2015,8,전북,95.358
2015,9,전북,95.129
2015,10,전북,95.196
2015,11,전북,94.93
2015,12,전북,95.148
2016,1,전북,95.263
2016,2,전북,95.586
2016,3,전북,95.415
2016,4,전북,95.567
2016,5,전북,95.663
2016,6,전북,95.71
2016,7,전북,95.358
2016,8,전북,95.501
2016,9,전북,96.205
2016,10,전북,96.234
2016,11,전북,96.034
2016,12,전북,96.081
2017,1,전북,97.3
2017,2,전북,97.557
2017,3,전북,97.576
2017,4,전북,97.205
2017,5,전북,97.357
2017,6,전북,97.129
2017,7,전북,97.176
2017,8,전북,97.776
2017,9,전북,98.062
2017,10,전북,97.976
2017,11,전북,97.119
2017,12,전북,97.671
2018,1,전북,98.195
2018,2,전북,99.033
2018,3,전북,98.766
2018,4,전북,98.833
2018,5,전북,98.995
2018,6,전북,98.728
2018,7,전북,98.462
2018,8,전북,99.433
2018,9,전북,100.461
2018,10,전북,100.404
2018,11,전북,99.547
2018,12,전북,99.042
2019,1,전북,98.947
2019,2,전북,99.328
2019,3,전북,99.157
2019,4,전북,99.49
2019,5,전북,99.756
2019,6,전북,99.471
2019,7,전북,98.995
2019,8,전북,99.233
2019,9,전북,99.956
2019,10,전북,100.052
2019,11,전북,99.461
2019,12,전북,99.756
2020,1,전북,100.31
2020,2,전북,100.37
2020,3,전북,100.04
2020,4,전북,99.52
2020,5,전북,99.32
2020,6,전북,99.57
2020,7,전북,99.54
2020,8,전북,100.13
2020,9,전북,100.73
2020,10,전북,100.1
2020,11,전북,100.03
2020,12,전북,100.34
2021,1,전북,101.01
2021,2,전북,101.59
2021,3,전북,101.91
2021,4,전북,102.05
2021,5,전북,102.1
2021,6,전북,102.11
2021,7,전북,102.39
2021,8,전북,102.9
2021,9,전북,103.42
2021,10,전북,103.46
2021,11,전북,104.06
2021,12,전북,104.08
2022,1,전북,104.88
2022,2,전북,105.45
2022,3,전북,106.37
2022,4,전북,107.21
2022,5,전북,107.96
2022,6,전북,108.76
2022,7,전북,109.27
2022,8,전북,109.02
2022,9,전북,109.33
2022,10,전북,109.56
2022,11,전북,109.45
2022,12,전북,109.43
2002,1,전남,67.026
2002,2,전남,67.542
2002,3,전남,67.542
2002,4,전남,67.799
2002,5,전남,68.058
2002,6,전남,67.929
2002,7,전남,67.799
2002,8,전남,68.251
2002,9,전남,68.895
2002,10,전남,68.509
2002,11,전남,68.186
2002,12,전남,68.38
2003,1,전남,68.895
2003,2,전남,69.346
2003,3,전남,70.248
2003,4,전남,70.185
2003,5,전남,69.927
2003,6,전남,69.798
2003,7,전남,69.798
2003,8,전남,70.248
2003,9,전남,70.701
2003,10,전남,70.957
2003,11,전남,70.571
2003,12,전남,70.893
2004,1,전남,71.409
2004,2,전남,71.731
2004,3,전남,72.505
2004,4,전남,72.44
2004,5,전남,72.375
2004,6,전남,72.312
2004,7,전남,72.762
2004,8,전남,73.471
2004,9,전남,73.535
2004,10,전남,73.213
2004,11,전남,72.633
2004,12,전남,72.762
2005,1,전남,73.545
2005,2,전남,73.842
2005,3,전남,74.364
2005,4,전남,74.588
2005,5,전남,74.438
2005,6,전남,74.215
2005,7,전남,74.588
2005,8,전남,74.811
2005,9,전남,75.184
2005,10,전남,75.11
2005,11,전남,74.737
2005,12,전남,74.737
2006,1,전남,75.184
2006,2,전남,75.333
2006,3,전남,75.78
2006,4,전남,75.929
2006,5,전남,76.152
2006,6,전남,75.929
2006,7,전남,76.227
2006,8,전남,76.823
2006,9,전남,77.047
2006,10,전남,76.376
2006,11,전남,75.855
2006,12,전남,76.152
2007,1,전남,76.302
2007,2,전남,76.748
2007,3,전남,77.419
2007,4,전남,77.643
2007,5,전남,77.717
2007,6,전남,77.717
2007,7,전남,78.089
2007,8,전남,78.239
2007,9,전남,78.761
2007,10,전남,78.909
2007,11,전남,78.761
2007,12,전남,79.058
2008,1,전남,79.357
2008,2,전남,79.654
2008,3,전남,80.4
2008,4,전남,80.996
2008,5,전남,81.667
2008,6,전남,82.485
2008,7,전남,83.008
2008,8,전남,82.859
2008,9,전남,82.784
2008,10,전남,82.56
2008,11,전남,82.188
2008,12,전남,82.114
2009,1,전남,82.263
2009,2,전남,83.082
2009,3,전남,83.603
2009,4,전남,83.753
2009,5,전남,83.902
2009,6,전남,83.902
2009,7,전남,84.274
2009,8,전남,84.498
2009,9,전남,84.498
2009,10,전남,84.349
2009,11,전남,84.424
2009,12,전남,84.87
2010,1,전남,85.531
2010,2,전남,85.791
2010,3,전남,85.965
2010,4,전남,86.399
2010,5,전남,86.399
2010,6,전남,86.312
2010,7,전남,86.486
2010,8,전남,87.093
2010,9,전남,87.699
2010,10,전남,87.961
2010,11,전남,87.439
2010,12,전남,87.961
2011,1,전남,88.914
2011,2,전남,89.956
2011,3,전남,90.129
2011,4,전남,90.303
2011,5,전남,90.216
2011,6,전남,90.389
2011,7,전남,90.823
2011,8,전남,91.603
2011,9,전남,91.43
2011,10,전남,91.17
2011,11,전남,91.256
2011,12,전남,91.43
2012,1,전남,91.934
2012,2,전남,92.323
2012,3,전남,92.228
2012,4,전남,92.358
2012,5,전남,92.315
2012,6,전남,92.038
2012,7,전남,91.716
2012,8,전남,92.479
2012,9,전남,93.182
2012,10,전남,93.035
2012,11,전남,92.731
2012,12,전남,92.87
2013,1,전남,93.226
2013,2,전남,93.555
2013,3,전남,93.573
2013,4,전남,93.598
2013,5,전남,93.598
2013,6,전남,93.494
2013,7,전남,93.65
2013,8,전남,93.911
2013,9,전남,94.189
2013,10,전남,93.807
2013,11,전남,93.694
2013,12,전남,93.954
2014,1,전남,94.414
2014,2,전남,94.605
2014,3,전남,94.735
2014,4,전남,94.796
2014,5,전남,94.917
2014,6,전남,94.709
2014,7,전남,94.796
2014,8,전남,94.917
2014,9,전남,94.813
2014,10,전남,94.449
2014,11,전남,94.232
2014,12,전남,94.137
2015,1,전남,94.605
2015,2,전남,94.349
2015,3,전남,94.52
2015,4,전남,94.444
2015,5,전남,94.785
2015,6,전남,94.7
2015,7,전남,94.804
2015,8,전남,94.908
2015,9,전남,94.567
2015,10,전남,94.472
2015,11,전남,94.321
2015,12,전남,94.662
2016,1,전남,95.002
2016,2,전남,95.485
2016,3,전남,95.22
2016,4,전남,95.4
2016,5,전남,95.39
2016,6,전남,95.324
2016,7,전남,95.087
2016,8,전남,95.305
2016,9,전남,95.825
2016,10,전남,96.166
2016,11,전남,95.816
2016,12,전남,95.806
2017,1,전남,97.339
2017,2,전남,97.67
2017,3,전남,97.641
2017,4,전남,97.5
2017,5,전남,97.452
2017,6,전남,97.093
2017,7,전남,97.159
2017,8,전남,97.774
2017,9,전남,97.982
2017,10,전남,97.897
2017,11,전남,97.178
2017,12,전남,97.414
2018,1,전남,97.812
2018,2,전남,98.691
2018,3,전남,98.55
2018,4,전남,98.739
2018,5,전남,98.9
2018,6,전남,98.597
2018,7,전남,98.455
2018,8,전남,99.287
2018,9,전남,100.3
2018,10,전남,100.186
2018,11,전남,99.24
2018,12,전남,98.89
2019,1,전남,98.701
2019,2,전남,98.994
2019,3,전남,98.909
2019,4,전남,99.297
2019,5,전남,99.543
2019,6,전남,99.268
2019,7,전남,98.9
2019,8,전남,99.183
2019,9,전남,99.704
2019,10,전남,100.054
2019,11,전남,99.382
2019,12,전남,99.666
2020,1,전남,100.28
2020,2,전남,100.29
2020,3,전남,100.12
2020,4,전남,99.56
2020,5,전남,99.33
2020,6,전남,99.57
2020,7,전남,99.59
2020,8,전남,100.19
2020,9,전남,100.79
2020,10,전남,100.21
2020,11,전남,99.88
2020,12,전남,100.18
2021,1,전남,101.02
2021,2,전남,101.47
2021,3,전남,101.91
2021,4,전남,102
2021,5,전남,102.17
2021,6,전남,102.16
2021,7,전남,102.35
2021,8,전남,102.76
2021,9,전남,103.3
2021,10,전남,103.64
2021,11,전남,104.29
2021,12,전남,104.34
2022,1,전남,105.14
2022,2,전남,105.74
2022,3,전남,106.67
2022,4,전남,107.62
2022,5,전남,108.44
2022,6,전남,109.31
2022,7,전남,109.71
2022,8,전남,109.51
2022,9,전남,109.72
2022,10,전남,109.93
2022,11,전남,109.69
2022,12,전남,109.71
2002,1,경북,68.232
2002,2,경북,68.56
2002,3,경북,68.758
2002,4,경북,69.021
2002,5,경북,69.349
2002,6,경북,69.218
2002,7,경북,69.086
2002,8,경북,69.48
2002,9,경북,70.072
2002,10,경북,69.546
2002,11,경북,69.546
2002,12,경북,70.007
2003,1,경북,70.467
2003,2,경북,70.861
2003,3,경북,71.322
2003,4,경북,71.059
2003,5,경북,70.861
2003,6,경북,70.533
2003,7,경북,70.401
2003,8,경북,70.795
2003,9,경북,71.453
2003,10,경북,71.585
2003,11,경북,71.19
2003,12,경북,71.651
2004,1,경북,72.111
2004,2,경북,72.439
2004,3,경북,73.293
2004,4,경북,73.162
2004,5,경북,73.031
2004,6,경북,73.162
2004,7,경북,73.622
2004,8,경북,74.345
2004,9,경북,74.411
2004,10,경북,74.082
2004,11,경북,73.556
2004,12,경북,73.753
2005,1,경북,74.541
2005,2,경북,74.844
2005,3,경북,75.448
2005,4,경북,75.599
2005,5,경북,75.448
2005,6,경북,75.222
2005,7,경북,75.524
2005,8,경북,75.826
2005,9,경북,76.355
2005,10,경북,76.355
2005,11,경북,75.902
2005,12,경북,76.054
2006,1,경북,76.431
2006,2,경북,76.582
2006,3,경북,76.96
2006,4,경북,77.035
2006,5,경북,77.263
2006,6,경북,77.111
2006,7,경북,77.49
2006,8,경북,78.17
2006,9,경북,78.397
2006,10,경북,77.792
2006,11,경북,77.338
2006,12,경북,77.565
2007,1,경북,77.716
2007,2,경북,78.17
2007,3,경북,78.624
2007,4,경북,78.925
2007,5,경북,79.001
2007,6,경북,79.001
2007,7,경북,79.38
2007,8,경북,79.455
2007,9,경북,79.984
2007,10,경북,80.135
2007,11,경북,80.06
2007,12,경북,80.438
2008,1,경북,80.74
2008,2,경북,81.118
2008,3,경북,82.025
2008,4,경북,82.706
2008,5,경북,83.537
2008,6,경북,84.37
2008,7,경북,85.05
2008,8,경북,84.898
2008,9,경북,84.52
2008,10,경북,84.445
2008,11,경북,83.991
2008,12,경북,83.84
2009,1,경북,83.764
2009,2,경북,84.445
2009,3,경북,85.125
2009,4,경북,85.351
2009,5,경북,85.351
2009,6,경북,85.276
2009,7,경북,85.73
2009,8,경북,85.881
2009,9,경북,86.032
2009,10,경북,85.73
2009,11,경북,85.957
2009,12,경북,86.26
2010,1,경북,86.966
2010,2,경북,87.23
2010,3,경북,87.494
2010,4,경북,87.847
2010,5,경북,87.935
2010,6,경북,87.759
2010,7,경북,87.935
2010,8,경북,88.376
2010,9,경북,88.993
2010,10,경북,89.081
2010,11,경북,88.64
2010,12,경북,89.081
2011,1,경북,90.314
2011,2,경북,90.931
2011,3,경북,91.371
2011,4,경북,91.459
2011,5,경북,91.636
2011,6,경북,91.636
2011,7,경북,92.076
2011,8,경북,92.693
2011,9,경북,92.605
2011,10,경북,92.429
2011,11,경북,92.517
2011,12,경북,92.693
2012,1,경북,93.046
2012,2,경북,93.46
2012,3,경북,93.575
2012,4,경북,93.565
2012,5,경북,93.944
2012,6,경북,93.76
2012,7,경북,93.301
2012,8,경북,93.556
2012,9,경북,94.314
2012,10,경북,94.314
2012,11,경북,93.795
2012,12,경북,93.927
2013,1,경북,94.438
2013,2,경북,94.755
2013,3,경북,94.878
2013,4,경북,94.649
2013,5,경북,94.579
2013,6,경북,94.482
2013,7,경북,94.587
2013,8,경북,95.002
2013,9,경북,95.257
2013,10,경북,95.055
2013,11,경북,94.922
2013,12,경북,94.967
2014,1,경북,95.469
2014,2,경북,95.821
2014,3,경북,95.83
2014,4,경북,95.83
2014,5,경북,95.97
2014,6,경북,95.777
2014,7,경북,95.909
2014,8,경북,96.033
2014,9,경북,96.033
2014,10,경북,95.68
2014,11,경북,95.416
2014,12,경북,95.328
2015,1,경북,95.873
2015,2,경북,95.672
2015,3,경북,95.672
2015,4,경북,95.614
2015,5,경북,95.978
2015,6,경북,95.978
2015,7,경북,95.997
2015,8,경북,96.026
2015,9,경북,95.767
2015,10,경북,95.691
2015,11,경북,95.518
2015,12,경북,95.758
2016,1,경북,95.978
2016,2,경북,96.313
2016,3,경북,96.045
2016,4,경북,96.198
2016,5,경북,96.304
2016,6,경북,96.313
2016,7,경북,96.084
2016,8,경북,96.237
2016,9,경북,96.907
2016,10,경북,97.08
2016,11,경북,96.984
2016,12,경북,96.984
2017,1,경북,98.057
2017,2,경북,98.344
2017,3,경북,98.277
2017,4,경북,98.134
2017,5,경북,98.105
2017,6,경북,97.865
2017,7,경북,98.028
2017,8,경북,98.469
2017,9,경북,98.718
2017,10,경북,98.689
2017,11,경북,97.942
2017,12,경북,98.249
2018,1,경북,98.718
2018,2,경북,99.551
2018,3,경북,99.302
2018,4,경북,99.408
2018,5,경북,99.398
2018,6,경북,99.283
2018,7,경북,99.226
2018,8,경북,100.069
2018,9,경북,101.027
2018,10,경북,100.835
2018,11,경북,100.04
2018,12,경북,99.58
2019,1,경북,99.235
2019,2,경북,99.638
2019,3,경북,99.561
2019,4,경북,99.973
2019,5,경북,100.145
2019,6,경북,99.992
2019,7,경북,99.628
2019,8,경북,99.791
2019,9,경북,100.107
2019,10,경북,100.404
2019,11,경북,99.858
2019,12,경북,100.164
2020,1,경북,100.36
2020,2,경북,100.51
2020,3,경북,100.2
2020,4,경북,99.51
2020,5,경북,99.29
2020,6,경북,99.63
2020,7,경북,99.52
2020,8,경북,100.11
2020,9,경북,100.7
2020,10,경북,100.03
2020,11,경북,99.94
2020,12,경북,100.2
2021,1,경북,101.05
2021,2,경북,101.69
2021,3,경북,101.92
2021,4,경북,102.01
2021,5,경북,102.14
2021,6,경북,102.25
2021,7,경북,102.49
2021,8,경북,103.01
2021,9,경북,103.52
2021,10,경북,103.75
2021,11,경북,104.38
2021,12,경북,104.65
2022,1,경북,105.42
2022,2,경북,105.98
2022,3,경북,106.99
2022,4,경북,107.92
2022,5,경북,108.62
2022,6,경북,109.56
2022,7,경북,110.1
2022,8,경북,109.7
2022,9,경북,109.91
2022,10,경북,110.28
2022,11,경북,110.24
2022,12,경북,110.16
2002,1,경남,66.852
2002,2,경남,67.172
2002,3,경남,67.427
2002,4,경남,67.81
2002,5,경남,68.13
2002,6,경남,68.001
2002,7,경남,67.746
2002,8,경남,68.321
2002,9,경남,68.768
2002,10,경남,68.384
2002,11,경남,68.449
2002,12,경남,68.768
2003,1,경남,69.343
2003,2,경남,70.045
2003,3,경남,70.747
2003,4,경남,70.428
2003,5,경남,70.3
2003,6,경남,69.98
2003,7,경남,70.108
2003,8,경남,70.3
2003,9,경남,71.002
2003,10,경남,71.194
2003,11,경남,70.81
2003,12,경남,71.13
2004,1,경남,71.704
2004,2,경남,72.024
2004,3,경남,72.725
2004,4,경남,72.598
2004,5,경남,72.471
2004,6,경남,72.471
2004,7,경남,72.725
2004,8,경남,73.492
2004,9,경남,73.365
2004,10,경남,73.237
2004,11,경남,72.725
2004,12,경남,72.854
2005,1,경남,73.789
2005,2,경남,74.087
2005,3,경남,74.61
2005,4,경남,74.684
2005,5,경남,74.535
2005,6,경남,74.237
2005,7,경남,74.61
2005,8,경남,74.759
2005,9,경남,75.207
2005,10,경남,75.132
2005,11,경남,74.684
2005,12,경남,75.058
2006,1,경남,75.43
2006,2,경남,75.505
2006,3,경남,75.878
2006,4,경남,75.878
2006,5,경남,76.102
2006,6,경남,75.953
2006,7,경남,76.252
2006,8,경남,76.773
2006,9,경남,76.848
2006,10,경남,76.401
2006,11,경남,75.878
2006,12,경남,76.401
2007,1,경남,76.624
2007,2,경남,76.922
2007,3,경남,77.37
2007,4,경남,77.594
2007,5,경남,77.669
2007,6,경남,77.743
2007,7,경남,77.967
2007,8,경남,78.042
2007,9,경남,78.563
2007,10,경남,78.713
2007,11,경남,78.639
2007,12,경남,78.938
2008,1,경남,79.31
2008,2,경남,79.907
2008,3,경남,80.728
2008,4,경남,81.249
2008,5,경남,81.922
2008,6,경남,82.742
2008,7,경남,83.19
2008,8,경남,83.04
2008,9,경남,82.891
2008,10,경남,82.817
2008,11,경남,82.443
2008,12,경남,82.294
2009,1,경남,82.443
2009,2,경남,83.19
2009,3,경남,84.084
2009,4,경남,84.309
2009,5,경남,84.234
2009,6,경남,84.16
2009,7,경남,84.532
2009,8,경남,84.757
2009,9,경남,84.831
2009,10,경남,84.681
2009,11,경남,84.831
2009,12,경남,85.205
2010,1,경남,85.993
2010,2,경남,86.167
2010,3,경남,86.515
2010,4,경남,86.777
2010,5,경남,86.864
2010,6,경남,86.69
2010,7,경남,87.039
2010,8,경남,87.474
2010,9,경남,87.91
2010,10,경남,88.084
2010,11,경남,87.735
2010,12,경남,88.084
2011,1,경남,89.042
2011,2,경남,89.652
2011,3,경남,90.175
2011,4,경남,90.262
2011,5,경남,90.35
2011,6,경남,90.523
2011,7,경남,91.046
2011,8,경남,91.656
2011,9,경남,91.569
2011,10,경남,91.482
2011,11,경남,91.656
2011,12,경남,91.917
2012,1,경남,91.908
2012,2,경남,92.231
2012,3,경남,92.414
2012,4,경남,92.449
2012,5,경남,92.623
2012,6,경남,92.414
2012,7,경남,92.039
2012,8,경남,92.441
2012,9,경남,93.181
2012,10,경남,93.05
2012,11,경남,92.71
2012,12,경남,92.78
2013,1,경남,93.373
2013,2,경남,93.739
2013,3,경남,93.686
2013,4,경남,93.451
2013,5,경남,93.416
2013,6,경남,93.364
2013,7,경남,93.642
2013,8,경남,94.018
2013,9,경남,94.235
2013,10,경남,93.904
2013,11,경남,93.86
2013,12,경남,93.982
2014,1,경남,94.714
2014,2,경남,94.889
2014,3,경남,95.028
2014,4,경남,95.08
2014,5,경남,95.193
2014,6,경남,95.045
2014,7,경남,95.219
2014,8,경남,95.35
2014,9,경남,95.255
2014,10,경남,94.889
2014,11,경남,94.688
2014,12,경남,94.61
2015,1,경남,95.463
2015,2,경남,95.396
2015,3,경남,95.415
2015,4,경남,95.329
2015,5,경남,95.53
2015,6,경남,95.587
2015,7,경남,95.587
2015,8,경남,95.826
2015,9,경남,95.568
2015,10,경남,95.52
2015,11,경남,95.425
2015,12,경남,95.606
2016,1,경남,95.845
2016,2,경남,96.322
2016,3,경남,96.131
2016,4,경남,96.256
2016,5,경남,96.303
2016,6,경남,96.208
2016,7,경남,95.94
2016,8,경남,96.217
2016,9,경남,96.876
2016,10,경남,97.068
2016,11,경남,96.838
2016,12,경남,96.857
2017,1,경남,97.927
2017,2,경남,98.128
2017,3,경남,97.946
2017,4,경남,97.698
2017,5,경남,97.765
2017,6,경남,97.583
2017,7,경남,97.679
2017,8,경남,98.156
2017,9,경남,98.376
2017,10,경남,98.472
2017,11,경남,97.65
2017,12,경남,98.042
2018,1,경남,98.414
2018,2,경남,99.121
2018,3,경남,98.93
2018,4,경남,99.026
2018,5,경남,99.102
2018,6,경남,98.959
2018,7,경남,98.73
2018,8,경남,99.685
2018,9,경남,100.497
2018,10,경남,100.392
2018,11,경남,99.618
2018,12,경남,99.169
2019,1,경남,99.064
2019,2,경남,99.427
2019,3,경남,99.121
2019,4,경남,99.475
2019,5,경남,99.599
2019,6,경남,99.427
2019,7,경남,99.102
2019,8,경남,99.14
2019,9,경남,99.618
2019,10,경남,99.828
2019,11,경남,99.264
2019,12,경남,99.551
2020,1,경남,100.2
2020,2,경남,100.28
2020,3,경남,99.96
2020,4,경남,99.46
2020,5,경남,99.33
2020,6,경남,99.56
2020,7,경남,99.56
2020,8,경남,100.15
2020,9,경남,100.77
2020,10,경남,100.24
2020,11,경남,100.11
2020,12,경남,100.37
2021,1,경남,101.18
2021,2,경남,101.63
2021,3,경남,101.85
2021,4,경남,102.07
2021,5,경남,102.14
2021,6,경남,102.08
2021,7,경남,102.26
2021,8,경남,102.74
2021,9,경남,103.14
2021,10,경남,103.27
2021,11,경남,103.9
2021,12,경남,104.15
2022,1,경남,105.21
2022,2,경남,105.76
2022,3,경남,106.49
2022,4,경남,107.21
2022,5,경남,107.85
2022,6,경남,108.58
2022,7,경남,109.04
2022,8,경남,108.78
2022,9,경남,108.96
2022,10,경남,109.31
2022,11,경남,109.23
2022,12,경남,109.38
2002,1,제주,66.482
2002,2,제주,67.189
2002,3,제주,67.639
2002,4,제주,67.962
2002,5,제주,68.091
2002,6,제주,68.026
2002,7,제주,68.219
2002,8,제주,68.669
2002,9,제주,69.184
2002,10,제주,68.992
2002,11,제주,68.799
2002,12,제주,68.927
2003,1,제주,69.442
2003,2,제주,69.764
2003,3,제주,70.472
2003,4,제주,70.279
2003,5,제주,70.021
2003,6,제주,69.892
2003,7,제주,70.021
2003,8,제주,70.343
2003,9,제주,70.922
2003,10,제주,71.244
2003,11,제주,71.051
2003,12,제주,71.372
2004,1,제주,71.953
2004,2,제주,72.338
2004,3,제주,73.045
2004,4,제주,72.982
2004,5,제주,72.852
2004,6,제주,72.789
2004,7,제주,73.561
2004,8,제주,74.012
2004,9,제주,74.205
2004,10,제주,74.075
2004,11,제주,73.432
2004,12,제주,73.432
2005,1,제주,74.302
2005,2,제주,74.601
2005,3,제주,74.901
2005,4,제주,75.126
2005,5,제주,74.977
2005,6,제주,74.826
2005,7,제주,75.201
2005,8,제주,75.351
2005,9,제주,75.577
2005,10,제주,75.502
2005,11,제주,75.052
2005,12,제주,75.276
2006,1,제주,75.727
2006,2,제주,75.652
2006,3,제주,76.252
2006,4,제주,76.553
2006,5,제주,76.628
2006,6,제주,76.402
2006,7,제주,76.778
2006,8,제주,77.153
2006,9,제주,77.153
2006,10,제주,76.702
2006,11,제주,76.402
2006,12,제주,76.628
2007,1,제주,76.778
2007,2,제주,77.153
2007,3,제주,77.602
2007,4,제주,77.828
2007,5,제주,77.828
2007,6,제주,77.904
2007,7,제주,78.204
2007,8,제주,78.204
2007,9,제주,78.579
2007,10,제주,78.954
2007,11,제주,79.104
2007,12,제주,79.48
2008,1,제주,80.004
2008,2,제주,80.23
2008,3,제주,80.905
2008,4,제주,81.43
2008,5,제주,82.256
2008,6,제주,82.857
2008,7,제주,83.682
2008,8,제주,83.307
2008,9,제주,83.307
2008,10,제주,83.082
2008,11,제주,82.256
2008,12,제주,82.256
2009,1,제주,82.256
2009,2,제주,82.857
2009,3,제주,83.307
2009,4,제주,83.382
2009,5,제주,83.382
2009,6,제주,83.607
2009,7,제주,83.832
2009,8,제주,84.208
2009,9,제주,84.132
2009,10,제주,83.982
2009,11,제주,84.132
2009,12,제주,84.358
2010,1,제주,85.329
2010,2,제주,85.416
2010,3,제주,85.848
2010,4,제주,86.021
2010,5,제주,86.107
2010,6,제주,86.021
2010,7,제주,86.453
2010,8,제주,86.626
2010,9,제주,87.231
2010,10,제주,87.491
2010,11,제주,87.231
2010,12,제주,87.576
2011,1,제주,88.701
2011,2,제주,89.565
2011,3,제주,89.651
2011,4,제주,89.825
2011,5,제주,89.998
2011,6,제주,90.17
2011,7,제주,90.43
2011,8,제주,90.862
2011,9,제주,90.776
2011,10,제주,90.602
2011,11,제주,90.517
2011,12,제주,90.776
2012,1,제주,90.854
2012,2,제주,91.113
2012,3,제주,91.026
2012,4,제주,91.087
2012,5,제주,91.121
2012,6,제주,90.871
2012,7,제주,90.629
2012,8,제주,91.234
2012,9,제주,91.882
2012,10,제주,91.96
2012,11,제주,91.648
2012,12,제주,91.658
2013,1,제주,92.176
2013,2,제주,92.505
2013,3,제주,92.297
2013,4,제주,92.176
2013,5,제주,92.375
2013,6,제주,92.427
2013,7,제주,92.626
2013,8,제주,92.755
2013,9,제주,92.876
2013,10,제주,92.747
2013,11,제주,92.574
2013,12,제주,92.695
2014,1,제주,93.161
2014,2,제주,93.386
2014,3,제주,93.689
2014,4,제주,93.628
2014,5,제주,93.732
2014,6,제주,93.464
2014,7,제주,93.646
2014,8,제주,94.043
2014,9,제주,93.845
2014,10,제주,93.706
2014,11,제주,93.274
2014,12,제주,93.023
2015,1,제주,93.781
2015,2,제주,93.508
2015,3,제주,93.781
2015,4,제주,93.894
2015,5,제주,94.327
2015,6,제주,94.421
2015,7,제주,94.525
2015,8,제주,94.6
2015,9,제주,94.251
2015,10,제주,94.355
2015,11,제주,94.148
2015,12,제주,94.195
2016,1,제주,94.336
2016,2,제주,94.628
2016,3,제주,94.741
2016,4,제주,95.089
2016,5,제주,95.259
2016,6,제주,95.325
2016,7,제주,95.381
2016,8,제주,95.438
2016,9,제주,95.833
2016,10,제주,96.219
2016,11,제주,96.097
2016,12,제주,96.05
2017,1,제주,97.151
2017,2,제주,97.377
2017,3,제주,97.189
2017,4,제주,97.302
2017,5,제주,97.292
2017,6,제주,97.179
2017,7,제주,97.443
2017,8,제주,97.867
2017,9,제주,98.215
2017,10,제주,98.375
2017,11,제주,97.528
2017,12,제주,97.716
2018,1,제주,98.375
2018,2,제주,99.147
2018,3,제주,98.836
2018,4,제주,99.044
2018,5,제주,99.326
2018,6,제주,99.11
2018,7,제주,98.846
2018,8,제주,99.477
2018,9,제주,100.456
2018,10,제주,100.352
2018,11,제주,99.298
2018,12,제주,98.752
2019,1,제주,98.771
2019,2,제주,99.138
2019,3,제주,98.959
2019,4,제주,99.383
2019,5,제주,99.825
2019,6,제주,99.609
2019,7,제주,99.373
2019,8,제주,99.712
2019,9,제주,100.268
2019,10,제주,100.465
2019,11,제주,99.656
2019,12,제주,99.731
2020,1,제주,100.74
2020,2,제주,100.43
2020,3,제주,99.87
2020,4,제주,99.19
2020,5,제주,99.09
2020,6,제주,99.55
2020,7,제주,99.66
2020,8,제주,100.15
2020,9,제주,100.72
2020,10,제주,100.47
2020,11,제주,100.06
2020,12,제주,100.07
2021,1,제주,100.79
2021,2,제주,101.38
2021,3,제주,101.62
2021,4,제주,102.1
2021,5,제주,102.18
2021,6,제주,102.02
2021,7,제주,102.39
2021,8,제주,102.99
2021,9,제주,103.51
2021,10,제주,103.7
2021,11,제주,104.41
2021,12,제주,104.43
2022,1,제주,105.7
2022,2,제주,106.21
2022,3,제주,106.87
2022,4,제주,107.74
2022,5,제주,108.51
2022,6,제주,109.47
2022,7,제주,109.82
2022,8,제주,109.87
2022,9,제주,110.2
2022,10,제주,110.28
2022,11,제주,109.96
2022,12,제주,109.87
