FST_REGN,FST_YEAR,FST_MM,FST_CNT
강원,2002,1,0
강원,2002,2,0
강원,2002,3,1
강원,2002,4,0
강원,2002,5,1
강원,2002,6,1
강원,2002,7,2
강원,2002,8,3
강원,2002,9,3
강원,2002,10,4
강원,2002,11,1
강원,2002,12,0
강원,2003,1,0
강원,2003,2,0
강원,2003,3,1
강원,2003,4,0
강원,2003,5,1
강원,2003,6,1
강원,2003,7,2
강원,2003,8,3
강원,2003,9,3
강원,2003,10,5
강원,2003,11,1
강원,2003,12,0
강원,2004,1,0
강원,2004,2,0
강원,2004,3,1
강원,2004,4,1
강원,2004,5,1
강원,2004,6,1
강원,2004,7,2
강원,2004,8,4
강원,2004,9,3
강원,2004,10,5
강원,2004,11,1
강원,2004,12,0
강원,2005,1,0
강원,2005,2,0
강원,2005,3,1
강원,2005,4,1
강원,2005,5,1
강원,2005,6,1
강원,2005,7,2
강원,2005,8,4
강원,2005,9,3
강원,2005,10,5
강원,2005,11,1
강원,2005,12,0
강원,2006,1,0
강원,2006,2,0
강원,2006,3,1
강원,2006,4,1
강원,2006,5,1
강원,2006,6,1
강원,2006,7,2
강원,2006,8,5
강원,2006,9,3
강원,2006,10,5
강원,2006,11,1
강원,2006,12,0
강원,2007,1,0
강원,2007,2,0
강원,2007,3,1
강원,2007,4,1
강원,2007,5,1
강원,2007,6,1
강원,2007,7,2
강원,2007,8,5
강원,2007,9,3
강원,2007,10,5
강원,2007,11,1
강원,2007,12,0
강원,2008,1,0
강원,2008,2,0
강원,2008,3,1
강원,2008,4,1
강원,2008,5,1
강원,2008,6,1
강원,2008,7,2
강원,2008,8,5
강원,2008,9,3
강원,2008,10,6
강원,2008,11,1
강원,2008,12,1
강원,2009,1,0
강원,2009,2,0
강원,2009,3,1
강원,2009,4,1
강원,2009,5,1
강원,2009,6,1
강원,2009,7,2
강원,2009,8,5
강원,2009,9,3
강원,2009,10,6
강원,2009,11,1
강원,2009,12,1
강원,2010,1,0
강원,2010,2,0
강원,2010,3,1
강원,2010,4,1
강원,2010,5,1
강원,2010,6,1
강원,2010,7,2
강원,2010,8,5
강원,2010,9,3
강원,2010,10,6
강원,2010,11,1
강원,2010,12,1
강원,2011,1,0
강원,2011,2,0
강원,2011,3,1
강원,2011,4,1
강원,2011,5,1
강원,2011,6,1
강원,2011,7,2
강원,2011,8,5
강원,2011,9,3
강원,2011,10,6
강원,2011,11,1
강원,2011,12,1
강원,2012,1,0
강원,2012,2,0
강원,2012,3,1
강원,2012,4,1
강원,2012,5,1
강원,2012,6,1
강원,2012,7,3
강원,2012,8,6
강원,2012,9,4
강원,2012,10,6
강원,2012,11,1
강원,2012,12,1
강원,2013,1,0
강원,2013,2,0
강원,2013,3,1
강원,2013,4,1
강원,2013,5,1
강원,2013,6,1
강원,2013,7,5
강원,2013,8,6
강원,2013,9,4
강원,2013,10,6
강원,2013,11,1
강원,2013,12,1
강원,2014,1,0
강원,2014,2,0
강원,2014,3,1
강원,2014,4,1
강원,2014,5,1
강원,2014,6,1
강원,2014,7,5
강원,2014,8,6
강원,2014,9,4
강원,2014,10,6
강원,2014,11,1
강원,2014,12,1
강원,2015,1,5
강원,2015,2,0
강원,2015,3,1
강원,2015,4,4
강원,2015,5,4
강원,2015,6,6
강원,2015,7,12
강원,2015,8,8
강원,2015,9,9
강원,2015,10,15
강원,2015,11,0
강원,2015,12,2
강원,2016,1,5
강원,2016,2,0
강원,2016,3,1
강원,2016,4,4
강원,2016,5,4
강원,2016,6,6
강원,2016,7,12
강원,2016,8,8
강원,2016,9,9
강원,2016,10,15
강원,2016,11,0
강원,2016,12,2
강원,2017,1,4
강원,2017,2,4
강원,2017,3,0
강원,2017,4,6
강원,2017,5,5
강원,2017,6,2
강원,2017,7,9
강원,2017,8,6
강원,2017,9,11
강원,2017,10,13
강원,2017,11,0
강원,2017,12,3
강원,2018,1,4
강원,2018,2,10
강원,2018,3,0
강원,2018,4,4
강원,2018,5,8
강원,2018,6,3
강원,2018,7,12
강원,2018,8,8
강원,2018,9,10
강원,2018,10,13
강원,2018,11,0
강원,2018,12,2
강원,2019,1,6
강원,2019,2,1
강원,2019,3,1
강원,2019,4,3
강원,2019,5,10
강원,2019,6,4
강원,2019,7,7
강원,2019,8,9
강원,2019,9,10
강원,2019,10,13
강원,2019,11,0
강원,2019,12,1
강원,2020,1,6
강원,2020,2,1
강원,2020,3,2
강원,2020,4,5
강원,2020,5,0
강원,2020,6,0
강원,2020,7,0
강원,2020,8,0
강원,2020,9,0
강원,2020,10,0
강원,2020,11,0
강원,2020,12,0
강원,2021,1,1
강원,2021,2,1
강원,2021,3,1
강원,2021,4,4
강원,2021,5,19
강원,2021,6,4
강원,2021,7,14
강원,2021,8,10
강원,2021,9,16
강원,2021,10,17
강원,2021,11,3
강원,2021,12,3
강원,2022,1,0
강원,2022,2,0
강원,2022,3,0
강원,2022,4,0
강원,2022,5,0
강원,2022,6,0
강원,2022,7,0
강원,2022,8,0
강원,2022,9,0
강원,2022,10,0
강원,2022,11,0
강원,2022,12,0
경기,2002,1,0
경기,2002,2,0
경기,2002,3,1
경기,2002,4,2
경기,2002,5,5
경기,2002,6,0
경기,2002,7,0
경기,2002,8,0
경기,2002,9,5
경기,2002,10,8
경기,2002,11,0
경기,2002,12,0
경기,2003,1,0
경기,2003,2,0
경기,2003,3,1
경기,2003,4,4
경기,2003,5,5
경기,2003,6,0
경기,2003,7,0
경기,2003,8,0
경기,2003,9,5
경기,2003,10,9
경기,2003,11,0
경기,2003,12,0
경기,2004,1,0
경기,2004,2,0
경기,2004,3,1
경기,2004,4,4
경기,2004,5,5
경기,2004,6,0
경기,2004,7,0
경기,2004,8,1
경기,2004,9,7
경기,2004,10,9
경기,2004,11,0
경기,2004,12,0
경기,2005,1,0
경기,2005,2,0
경기,2005,3,1
경기,2005,4,4
경기,2005,5,6
경기,2005,6,0
경기,2005,7,0
경기,2005,8,1
경기,2005,9,7
경기,2005,10,11
경기,2005,11,0
경기,2005,12,0
경기,2006,1,0
경기,2006,2,0
경기,2006,3,1
경기,2006,4,5
경기,2006,5,6
경기,2006,6,1
경기,2006,7,0
경기,2006,8,1
경기,2006,9,9
경기,2006,10,11
경기,2006,11,1
경기,2006,12,0
경기,2007,1,0
경기,2007,2,0
경기,2007,3,1
경기,2007,4,5
경기,2007,5,6
경기,2007,6,1
경기,2007,7,0
경기,2007,8,1
경기,2007,9,11
경기,2007,10,12
경기,2007,11,1
경기,2007,12,0
경기,2008,1,0
경기,2008,2,0
경기,2008,3,1
경기,2008,4,5
경기,2008,5,6
경기,2008,6,1
경기,2008,7,0
경기,2008,8,1
경기,2008,9,13
경기,2008,10,12
경기,2008,11,1
경기,2008,12,0
경기,2009,1,0
경기,2009,2,0
경기,2009,3,1
경기,2009,4,5
경기,2009,5,6
경기,2009,6,1
경기,2009,7,0
경기,2009,8,1
경기,2009,9,13
경기,2009,10,12
경기,2009,11,1
경기,2009,12,0
경기,2010,1,0
경기,2010,2,0
경기,2010,3,1
경기,2010,4,5
경기,2010,5,6
경기,2010,6,1
경기,2010,7,0
경기,2010,8,1
경기,2010,9,13
경기,2010,10,12
경기,2010,11,1
경기,2010,12,0
경기,2011,1,0
경기,2011,2,0
경기,2011,3,1
경기,2011,4,5
경기,2011,5,6
경기,2011,6,1
경기,2011,7,0
경기,2011,8,1
경기,2011,9,13
경기,2011,10,14
경기,2011,11,1
경기,2011,12,0
경기,2012,1,0
경기,2012,2,0
경기,2012,3,1
경기,2012,4,5
경기,2012,5,6
경기,2012,6,1
경기,2012,7,0
경기,2012,8,1
경기,2012,9,13
경기,2012,10,15
경기,2012,11,1
경기,2012,12,0
경기,2013,1,0
경기,2013,2,0
경기,2013,3,1
경기,2013,4,5
경기,2013,5,7
경기,2013,6,1
경기,2013,7,0
경기,2013,8,1
경기,2013,9,13
경기,2013,10,15
경기,2013,11,1
경기,2013,12,0
경기,2014,1,0
경기,2014,2,0
경기,2014,3,1
경기,2014,4,5
경기,2014,5,7
경기,2014,6,2
경기,2014,7,0
경기,2014,8,1
경기,2014,9,13
경기,2014,10,15
경기,2014,11,1
경기,2014,12,0
경기,2015,1,1
경기,2015,2,0
경기,2015,3,0
경기,2015,4,7
경기,2015,5,13
경기,2015,6,1
경기,2015,7,3
경기,2015,8,3
경기,2015,9,9
경기,2015,10,19
경기,2015,11,1
경기,2015,12,2
경기,2016,1,1
경기,2016,2,0
경기,2016,3,0
경기,2016,4,7
경기,2016,5,13
경기,2016,6,1
경기,2016,7,3
경기,2016,8,3
경기,2016,9,9
경기,2016,10,19
경기,2016,11,1
경기,2016,12,2
경기,2017,1,1
경기,2017,2,0
경기,2017,3,1
경기,2017,4,11
경기,2017,5,13
경기,2017,6,3
경기,2017,7,4
경기,2017,8,1
경기,2017,9,23
경기,2017,10,15
경기,2017,11,3
경기,2017,12,1
경기,2018,1,1
경기,2018,2,0
경기,2018,3,1
경기,2018,4,14
경기,2018,5,15
경기,2018,6,2
경기,2018,7,2
경기,2018,8,4
경기,2018,9,26
경기,2018,10,24
경기,2018,11,3
경기,2018,12,0
경기,2019,1,1
경기,2019,2,0
경기,2019,3,2
경기,2019,4,14
경기,2019,5,17
경기,2019,6,6
경기,2019,7,0
경기,2019,8,6
경기,2019,9,21
경기,2019,10,25
경기,2019,11,3
경기,2019,12,0
경기,2020,1,1
경기,2020,2,0
경기,2020,3,1
경기,2020,4,16
경기,2020,5,0
경기,2020,6,0
경기,2020,7,0
경기,2020,8,0
경기,2020,9,0
경기,2020,10,0
경기,2020,11,0
경기,2020,12,0
경기,2021,1,2
경기,2021,2,0
경기,2021,3,1
경기,2021,4,8
경기,2021,5,15
경기,2021,6,4
경기,2021,7,3
경기,2021,8,7
경기,2021,9,28
경기,2021,10,30
경기,2021,11,2
경기,2021,12,0
경기,2022,1,1
경기,2022,2,0
경기,2022,3,2
경기,2022,4,10
경기,2022,5,12
경기,2022,6,6
경기,2022,7,2
경기,2022,8,5
경기,2022,9,27
경기,2022,10,38
경기,2022,11,3
경기,2022,12,1
경남,2002,1,0
경남,2002,2,0
경남,2002,3,1
경남,2002,4,2
경남,2002,5,5
경남,2002,6,1
경남,2002,7,2
경남,2002,8,1
경남,2002,9,1
경남,2002,10,5
경남,2002,11,1
경남,2002,12,0
경남,2003,1,0
경남,2003,2,0
경남,2003,3,1
경남,2003,4,2
경남,2003,5,5
경남,2003,6,1
경남,2003,7,2
경남,2003,8,1
경남,2003,9,1
경남,2003,10,6
경남,2003,11,1
경남,2003,12,0
경남,2004,1,0
경남,2004,2,0
경남,2004,3,1
경남,2004,4,2
경남,2004,5,6
경남,2004,6,1
경남,2004,7,2
경남,2004,8,1
경남,2004,9,1
경남,2004,10,6
경남,2004,11,2
경남,2004,12,0
경남,2005,1,0
경남,2005,2,0
경남,2005,3,1
경남,2005,4,2
경남,2005,5,7
경남,2005,6,1
경남,2005,7,2
경남,2005,8,1
경남,2005,9,1
경남,2005,10,6
경남,2005,11,2
경남,2005,12,1
경남,2006,1,0
경남,2006,2,0
경남,2006,3,1
경남,2006,4,3
경남,2006,5,7
경남,2006,6,3
경남,2006,7,2
경남,2006,8,1
경남,2006,9,1
경남,2006,10,6
경남,2006,11,2
경남,2006,12,1
경남,2007,1,1
경남,2007,2,0
경남,2007,3,2
경남,2007,4,3
경남,2007,5,7
경남,2007,6,3
경남,2007,7,2
경남,2007,8,1
경남,2007,9,3
경남,2007,10,7
경남,2007,11,2
경남,2007,12,1
경남,2008,1,1
경남,2008,2,0
경남,2008,3,2
경남,2008,4,4
경남,2008,5,7
경남,2008,6,3
경남,2008,7,2
경남,2008,8,1
경남,2008,9,3
경남,2008,10,7
경남,2008,11,2
경남,2008,12,1
경남,2009,1,1
경남,2009,2,0
경남,2009,3,2
경남,2009,4,5
경남,2009,5,7
경남,2009,6,3
경남,2009,7,2
경남,2009,8,1
경남,2009,9,3
경남,2009,10,7
경남,2009,11,2
경남,2009,12,1
경남,2010,1,1
경남,2010,2,0
경남,2010,3,2
경남,2010,4,5
경남,2010,5,7
경남,2010,6,3
경남,2010,7,2
경남,2010,8,1
경남,2010,9,3
경남,2010,10,7
경남,2010,11,2
경남,2010,12,1
경남,2011,1,1
경남,2011,2,0
경남,2011,3,2
경남,2011,4,5
경남,2011,5,7
경남,2011,6,3
경남,2011,7,2
경남,2011,8,1
경남,2011,9,4
경남,2011,10,9
경남,2011,11,2
경남,2011,12,1
경남,2012,1,1
경남,2012,2,0
경남,2012,3,2
경남,2012,4,5
경남,2012,5,7
경남,2012,6,3
경남,2012,7,2
경남,2012,8,1
경남,2012,9,5
경남,2012,10,9
경남,2012,11,2
경남,2012,12,1
경남,2013,1,1
경남,2013,2,0
경남,2013,3,2
경남,2013,4,5
경남,2013,5,7
경남,2013,6,3
경남,2013,7,3
경남,2013,8,1
경남,2013,9,5
경남,2013,10,9
경남,2013,11,2
경남,2013,12,2
경남,2014,1,1
경남,2014,2,0
경남,2014,3,2
경남,2014,4,5
경남,2014,5,7
경남,2014,6,3
경남,2014,7,3
경남,2014,8,1
경남,2014,9,5
경남,2014,10,10
경남,2014,11,2
경남,2014,12,2
경남,2015,1,0
경남,2015,2,0
경남,2015,3,0
경남,2015,4,8
경남,2015,5,9
경남,2015,6,1
경남,2015,7,4
경남,2015,8,2
경남,2015,9,4
경남,2015,10,15
경남,2015,11,0
경남,2015,12,0
경남,2016,1,0
경남,2016,2,0
경남,2016,3,0
경남,2016,4,8
경남,2016,5,9
경남,2016,6,1
경남,2016,7,4
경남,2016,8,2
경남,2016,9,4
경남,2016,10,15
경남,2016,11,0
경남,2016,12,0
경남,2017,1,0
경남,2017,2,0
경남,2017,3,2
경남,2017,4,7
경남,2017,5,7
경남,2017,6,2
경남,2017,7,3
경남,2017,8,4
경남,2017,9,6
경남,2017,10,12
경남,2017,11,1
경남,2017,12,1
경남,2018,1,1
경남,2018,2,0
경남,2018,3,1
경남,2018,4,14
경남,2018,5,6
경남,2018,6,3
경남,2018,7,8
경남,2018,8,2
경남,2018,9,6
경남,2018,10,14
경남,2018,11,1
경남,2018,12,2
경남,2019,1,1
경남,2019,2,0
경남,2019,3,3
경남,2019,4,14
경남,2019,5,6
경남,2019,6,5
경남,2019,7,4
경남,2019,8,2
경남,2019,9,8
경남,2019,10,17
경남,2019,11,1
경남,2019,12,1
경남,2020,1,3
경남,2020,2,1
경남,2020,3,5
경남,2020,4,13
경남,2020,5,0
경남,2020,6,0
경남,2020,7,0
경남,2020,8,0
경남,2020,9,0
경남,2020,10,0
경남,2020,11,0
경남,2020,12,0
경남,2021,1,3
경남,2021,2,1
경남,2021,3,4
경남,2021,4,13
경남,2021,5,13
경남,2021,6,6
경남,2021,7,9
경남,2021,8,4
경남,2021,9,15
경남,2021,10,24
경남,2021,11,7
경남,2021,12,4
경남,2022,1,1
경남,2022,2,2
경남,2022,3,7
경남,2022,4,16
경남,2022,5,12
경남,2022,6,8
경남,2022,7,8
경남,2022,8,10
경남,2022,9,8
경남,2022,10,29
경남,2022,11,4
경남,2022,12,5
경북,2002,1,0
경북,2002,2,0
경북,2002,3,0
경북,2002,4,0
경북,2002,5,1
경북,2002,6,1
경북,2002,7,2
경북,2002,8,1
경북,2002,9,3
경북,2002,10,4
경북,2002,11,1
경북,2002,12,0
경북,2003,1,0
경북,2003,2,0
경북,2003,3,0
경북,2003,4,0
경북,2003,5,1
경북,2003,6,1
경북,2003,7,2
경북,2003,8,1
경북,2003,9,4
경북,2003,10,4
경북,2003,11,1
경북,2003,12,0
경북,2004,1,0
경북,2004,2,0
경북,2004,3,0
경북,2004,4,0
경북,2004,5,1
경북,2004,6,1
경북,2004,7,2
경북,2004,8,1
경북,2004,9,4
경북,2004,10,5
경북,2004,11,1
경북,2004,12,0
경북,2005,1,0
경북,2005,2,0
경북,2005,3,0
경북,2005,4,0
경북,2005,5,2
경북,2005,6,1
경북,2005,7,2
경북,2005,8,1
경북,2005,9,5
경북,2005,10,6
경북,2005,11,1
경북,2005,12,0
경북,2006,1,0
경북,2006,2,0
경북,2006,3,0
경북,2006,4,0
경북,2006,5,2
경북,2006,6,1
경북,2006,7,2
경북,2006,8,1
경북,2006,9,5
경북,2006,10,8
경북,2006,11,1
경북,2006,12,0
경북,2007,1,0
경북,2007,2,0
경북,2007,3,0
경북,2007,4,0
경북,2007,5,2
경북,2007,6,1
경북,2007,7,2
경북,2007,8,1
경북,2007,9,6
경북,2007,10,9
경북,2007,11,1
경북,2007,12,0
경북,2008,1,0
경북,2008,2,0
경북,2008,3,1
경북,2008,4,0
경북,2008,5,2
경북,2008,6,1
경북,2008,7,2
경북,2008,8,1
경북,2008,9,6
경북,2008,10,9
경북,2008,11,1
경북,2008,12,0
경북,2009,1,0
경북,2009,2,0
경북,2009,3,1
경북,2009,4,1
경북,2009,5,2
경북,2009,6,2
경북,2009,7,2
경북,2009,8,1
경북,2009,9,6
경북,2009,10,10
경북,2009,11,1
경북,2009,12,0
경북,2010,1,0
경북,2010,2,0
경북,2010,3,1
경북,2010,4,1
경북,2010,5,2
경북,2010,6,2
경북,2010,7,2
경북,2010,8,1
경북,2010,9,7
경북,2010,10,10
경북,2010,11,1
경북,2010,12,0
경북,2011,1,0
경북,2011,2,0
경북,2011,3,1
경북,2011,4,1
경북,2011,5,4
경북,2011,6,2
경북,2011,7,2
경북,2011,8,1
경북,2011,9,7
경북,2011,10,11
경북,2011,11,1
경북,2011,12,0
경북,2012,1,0
경북,2012,2,0
경북,2012,3,1
경북,2012,4,2
경북,2012,5,4
경북,2012,6,2
경북,2012,7,2
경북,2012,8,1
경북,2012,9,8
경북,2012,10,11
경북,2012,11,1
경북,2012,12,0
경북,2013,1,0
경북,2013,2,0
경북,2013,3,1
경북,2013,4,2
경북,2013,5,4
경북,2013,6,2
경북,2013,7,2
경북,2013,8,1
경북,2013,9,10
경북,2013,10,12
경북,2013,11,1
경북,2013,12,0
경북,2014,1,0
경북,2014,2,0
경북,2014,3,1
경북,2014,4,2
경북,2014,5,4
경북,2014,6,2
경북,2014,7,4
경북,2014,8,1
경북,2014,9,11
경북,2014,10,14
경북,2014,11,1
경북,2014,12,0
경북,2015,1,1
경북,2015,2,1
경북,2015,3,1
경북,2015,4,4
경북,2015,5,6
경북,2015,6,0
경북,2015,7,3
경북,2015,8,6
경북,2015,9,3
경북,2015,10,13
경북,2015,11,2
경북,2015,12,0
경북,2016,1,1
경북,2016,2,1
경북,2016,3,1
경북,2016,4,4
경북,2016,5,6
경북,2016,6,0
경북,2016,7,3
경북,2016,8,6
경북,2016,9,1
경북,2016,10,2
경북,2016,11,2
경북,2016,12,0
경북,2017,1,0
경북,2017,2,0
경북,2017,3,4
경북,2017,4,5
경북,2017,5,10
경북,2017,6,1
경북,2017,7,7
경북,2017,8,2
경북,2017,9,13
경북,2017,10,14
경북,2017,11,3
경북,2017,12,2
경북,2018,1,1
경북,2018,2,0
경북,2018,3,2
경북,2018,4,7
경북,2018,5,8
경북,2018,6,2
경북,2018,7,6
경북,2018,8,5
경북,2018,9,16
경북,2018,10,20
경북,2018,11,1
경북,2018,12,3
경북,2019,1,1
경북,2019,2,1
경북,2019,3,1
경북,2019,4,7
경북,2019,5,10
경북,2019,6,2
경북,2019,7,3
경북,2019,8,2
경북,2019,9,12
경북,2019,10,19
경북,2019,11,0
경북,2019,12,3
경북,2020,1,1
경북,2020,2,3
경북,2020,3,0
경북,2020,4,7
경북,2020,5,0
경북,2020,6,0
경북,2020,7,0
경북,2020,8,0
경북,2020,9,0
경북,2020,10,0
경북,2020,11,0
경북,2020,12,0
경북,2021,1,0
경북,2021,2,1
경북,2021,3,2
경북,2021,4,6
경북,2021,5,10
경북,2021,6,4
경북,2021,7,7
경북,2021,8,5
경북,2021,9,19
경북,2021,10,20
경북,2021,11,2
경북,2021,12,4
경북,2022,1,0
경북,2022,2,2
경북,2022,3,1
경북,2022,4,6
경북,2022,5,7
경북,2022,6,5
경북,2022,7,5
경북,2022,8,7
경북,2022,9,9
경북,2022,10,20
경북,2022,11,2
경북,2022,12,2
광주,2002,1,0
광주,2002,2,0
광주,2002,3,1
광주,2002,4,0
광주,2002,5,0
광주,2002,6,0
광주,2002,7,0
광주,2002,8,0
광주,2002,9,0
광주,2002,10,1
광주,2002,11,0
광주,2002,12,0
광주,2003,1,0
광주,2003,2,0
광주,2003,3,1
광주,2003,4,0
광주,2003,5,0
광주,2003,6,0
광주,2003,7,0
광주,2003,8,0
광주,2003,9,0
광주,2003,10,1
광주,2003,11,0
광주,2003,12,0
광주,2004,1,0
광주,2004,2,0
광주,2004,3,1
광주,2004,4,0
광주,2004,5,0
광주,2004,6,0
광주,2004,7,0
광주,2004,8,0
광주,2004,9,0
광주,2004,10,1
광주,2004,11,0
광주,2004,12,0
광주,2005,1,0
광주,2005,2,0
광주,2005,3,1
광주,2005,4,0
광주,2005,5,0
광주,2005,6,0
광주,2005,7,0
광주,2005,8,0
광주,2005,9,0
광주,2005,10,1
광주,2005,11,0
광주,2005,12,0
광주,2006,1,0
광주,2006,2,0
광주,2006,3,1
광주,2006,4,0
광주,2006,5,0
광주,2006,6,0
광주,2006,7,0
광주,2006,8,0
광주,2006,9,0
광주,2006,10,1
광주,2006,11,0
광주,2006,12,0
광주,2007,1,0
광주,2007,2,0
광주,2007,3,1
광주,2007,4,0
광주,2007,5,0
광주,2007,6,0
광주,2007,7,0
광주,2007,8,0
광주,2007,9,0
광주,2007,10,1
광주,2007,11,0
광주,2007,12,0
광주,2008,1,0
광주,2008,2,0
광주,2008,3,1
광주,2008,4,0
광주,2008,5,0
광주,2008,6,0
광주,2008,7,0
광주,2008,8,0
광주,2008,9,0
광주,2008,10,1
광주,2008,11,0
광주,2008,12,0
광주,2009,1,0
광주,2009,2,0
광주,2009,3,1
광주,2009,4,0
광주,2009,5,0
광주,2009,6,0
광주,2009,7,0
광주,2009,8,0
광주,2009,9,0
광주,2009,10,1
광주,2009,11,0
광주,2009,12,0
광주,2010,1,0
광주,2010,2,0
광주,2010,3,1
광주,2010,4,0
광주,2010,5,0
광주,2010,6,0
광주,2010,7,0
광주,2010,8,0
광주,2010,9,0
광주,2010,10,1
광주,2010,11,0
광주,2010,12,0
광주,2011,1,0
광주,2011,2,0
광주,2011,3,1
광주,2011,4,0
광주,2011,5,0
광주,2011,6,0
광주,2011,7,0
광주,2011,8,0
광주,2011,9,0
광주,2011,10,2
광주,2011,11,0
광주,2011,12,0
광주,2012,1,0
광주,2012,2,0
광주,2012,3,1
광주,2012,4,0
광주,2012,5,0
광주,2012,6,0
광주,2012,7,0
광주,2012,8,0
광주,2012,9,0
광주,2012,10,2
광주,2012,11,0
광주,2012,12,0
광주,2013,1,0
광주,2013,2,0
광주,2013,3,1
광주,2013,4,0
광주,2013,5,0
광주,2013,6,0
광주,2013,7,0
광주,2013,8,0
광주,2013,9,0
광주,2013,10,2
광주,2013,11,0
광주,2013,12,0
광주,2014,1,0
광주,2014,2,0
광주,2014,3,1
광주,2014,4,0
광주,2014,5,0
광주,2014,6,0
광주,2014,7,0
광주,2014,8,0
광주,2014,9,0
광주,2014,10,2
광주,2014,11,0
광주,2014,12,0
광주,2015,1,0
광주,2015,2,0
광주,2015,3,0
광주,2015,4,0
광주,2015,5,0
광주,2015,6,0
광주,2015,7,0
광주,2015,8,0
광주,2015,9,1
광주,2015,10,3
광주,2015,11,0
광주,2015,12,0
광주,2016,1,0
광주,2016,2,0
광주,2016,3,0
광주,2016,4,0
광주,2016,5,0
광주,2016,6,0
광주,2016,7,0
광주,2016,8,0
광주,2016,9,1
광주,2016,10,3
광주,2016,11,0
광주,2016,12,0
광주,2017,1,0
광주,2017,2,1
광주,2017,3,0
광주,2017,4,1
광주,2017,5,1
광주,2017,6,1
광주,2017,7,0
광주,2017,8,0
광주,2017,9,0
광주,2017,10,3
광주,2017,11,1
광주,2017,12,0
광주,2018,1,0
광주,2018,2,0
광주,2018,3,0
광주,2018,4,0
광주,2018,5,1
광주,2018,6,0
광주,2018,7,2
광주,2018,8,0
광주,2018,9,1
광주,2018,10,3
광주,2018,11,1
광주,2018,12,0
광주,2019,1,0
광주,2019,2,1
광주,2019,3,0
광주,2019,4,1
광주,2019,5,1
광주,2019,6,0
광주,2019,7,1
광주,2019,8,0
광주,2019,9,0
광주,2019,10,4
광주,2019,11,0
광주,2019,12,0
광주,2020,1,0
광주,2020,2,1
광주,2020,3,0
광주,2020,4,2
광주,2020,5,0
광주,2020,6,0
광주,2020,7,0
광주,2020,8,0
광주,2020,9,0
광주,2020,10,0
광주,2020,11,0
광주,2020,12,0
광주,2021,1,0
광주,2021,2,0
광주,2021,3,1
광주,2021,4,0
광주,2021,5,0
광주,2021,6,0
광주,2021,7,0
광주,2021,8,0
광주,2021,9,1
광주,2021,10,5
광주,2021,11,0
광주,2021,12,1
광주,2022,1,0
광주,2022,2,1
광주,2022,3,0
광주,2022,4,1
광주,2022,5,1
광주,2022,6,0
광주,2022,7,0
광주,2022,8,0
광주,2022,9,0
광주,2022,10,4
광주,2022,11,0
광주,2022,12,0
대구,2002,1,0
대구,2002,2,0
대구,2002,3,0
대구,2002,4,2
대구,2002,5,0
대구,2002,6,0
대구,2002,7,0
대구,2002,8,1
대구,2002,9,0
대구,2002,10,1
대구,2002,11,0
대구,2002,12,0
대구,2003,1,0
대구,2003,2,0
대구,2003,3,0
대구,2003,4,2
대구,2003,5,0
대구,2003,6,0
대구,2003,7,0
대구,2003,8,1
대구,2003,9,0
대구,2003,10,1
대구,2003,11,0
대구,2003,12,0
대구,2004,1,0
대구,2004,2,0
대구,2004,3,0
대구,2004,4,2
대구,2004,5,0
대구,2004,6,0
대구,2004,7,0
대구,2004,8,1
대구,2004,9,0
대구,2004,10,1
대구,2004,11,0
대구,2004,12,0
대구,2005,1,0
대구,2005,2,0
대구,2005,3,0
대구,2005,4,2
대구,2005,5,1
대구,2005,6,0
대구,2005,7,0
대구,2005,8,1
대구,2005,9,0
대구,2005,10,1
대구,2005,11,0
대구,2005,12,0
대구,2006,1,0
대구,2006,2,0
대구,2006,3,0
대구,2006,4,2
대구,2006,5,2
대구,2006,6,0
대구,2006,7,0
대구,2006,8,1
대구,2006,9,0
대구,2006,10,3
대구,2006,11,0
대구,2006,12,0
대구,2007,1,0
대구,2007,2,0
대구,2007,3,0
대구,2007,4,2
대구,2007,5,2
대구,2007,6,0
대구,2007,7,0
대구,2007,8,2
대구,2007,9,0
대구,2007,10,3
대구,2007,11,0
대구,2007,12,0
대구,2008,1,0
대구,2008,2,0
대구,2008,3,0
대구,2008,4,2
대구,2008,5,2
대구,2008,6,0
대구,2008,7,0
대구,2008,8,3
대구,2008,9,1
대구,2008,10,3
대구,2008,11,0
대구,2008,12,0
대구,2009,1,0
대구,2009,2,0
대구,2009,3,0
대구,2009,4,2
대구,2009,5,2
대구,2009,6,0
대구,2009,7,0
대구,2009,8,3
대구,2009,9,1
대구,2009,10,3
대구,2009,11,0
대구,2009,12,0
대구,2010,1,0
대구,2010,2,0
대구,2010,3,0
대구,2010,4,2
대구,2010,5,3
대구,2010,6,0
대구,2010,7,0
대구,2010,8,3
대구,2010,9,1
대구,2010,10,4
대구,2010,11,0
대구,2010,12,0
대구,2011,1,0
대구,2011,2,0
대구,2011,3,0
대구,2011,4,2
대구,2011,5,4
대구,2011,6,0
대구,2011,7,0
대구,2011,8,3
대구,2011,9,1
대구,2011,10,5
대구,2011,11,0
대구,2011,12,0
대구,2012,1,0
대구,2012,2,0
대구,2012,3,0
대구,2012,4,2
대구,2012,5,4
대구,2012,6,0
대구,2012,7,0
대구,2012,8,3
대구,2012,9,1
대구,2012,10,5
대구,2012,11,0
대구,2012,12,0
대구,2013,1,0
대구,2013,2,0
대구,2013,3,0
대구,2013,4,2
대구,2013,5,4
대구,2013,6,0
대구,2013,7,1
대구,2013,8,3
대구,2013,9,2
대구,2013,10,5
대구,2013,11,0
대구,2013,12,0
대구,2014,1,0
대구,2014,2,0
대구,2014,3,0
대구,2014,4,2
대구,2014,5,4
대구,2014,6,0
대구,2014,7,1
대구,2014,8,3
대구,2014,9,4
대구,2014,10,7
대구,2014,11,0
대구,2014,12,0
대구,2015,1,0
대구,2015,2,0
대구,2015,3,0
대구,2015,4,5
대구,2015,5,3
대구,2015,6,0
대구,2015,7,4
대구,2015,8,0
대구,2015,9,1
대구,2015,10,3
대구,2015,11,0
대구,2015,12,0
대구,2016,1,0
대구,2016,2,0
대구,2016,3,0
대구,2016,4,5
대구,2016,5,3
대구,2016,6,0
대구,2016,7,4
대구,2016,8,0
대구,2016,9,1
대구,2016,10,3
대구,2016,11,0
대구,2016,12,0
대구,2017,1,0
대구,2017,2,0
대구,2017,3,0
대구,2017,4,0
대구,2017,5,0
대구,2017,6,0
대구,2017,7,0
대구,2017,8,0
대구,2017,9,0
대구,2017,10,0
대구,2017,11,0
대구,2017,12,0
대구,2018,1,0
대구,2018,2,0
대구,2018,3,0
대구,2018,4,4
대구,2018,5,6
대구,2018,6,0
대구,2018,7,3
대구,2018,8,2
대구,2018,9,4
대구,2018,10,3
대구,2018,11,0
대구,2018,12,0
대구,2019,1,0
대구,2019,2,0
대구,2019,3,0
대구,2019,4,3
대구,2019,5,6
대구,2019,6,1
대구,2019,7,2
대구,2019,8,3
대구,2019,9,2
대구,2019,10,6
대구,2019,11,1
대구,2019,12,0
대구,2020,1,0
대구,2020,2,0
대구,2020,3,0
대구,2020,4,4
대구,2020,5,0
대구,2020,6,0
대구,2020,7,0
대구,2020,8,0
대구,2020,9,0
대구,2020,10,0
대구,2020,11,0
대구,2020,12,0
대구,2021,1,0
대구,2021,2,0
대구,2021,3,0
대구,2021,4,3
대구,2021,5,4
대구,2021,6,2
대구,2021,7,2
대구,2021,8,4
대구,2021,9,5
대구,2021,10,19
대구,2021,11,0
대구,2021,12,0
대구,2022,1,0
대구,2022,2,0
대구,2022,3,0
대구,2022,4,3
대구,2022,5,7
대구,2022,6,1
대구,2022,7,3
대구,2022,8,1
대구,2022,9,4
대구,2022,10,19
대구,2022,11,0
대구,2022,12,0
대전,2002,1,0
대전,2002,2,0
대전,2002,3,0
대전,2002,4,0
대전,2002,5,0
대전,2002,6,0
대전,2002,7,0
대전,2002,8,0
대전,2002,9,0
대전,2002,10,1
대전,2002,11,0
대전,2002,12,0
대전,2003,1,0
대전,2003,2,0
대전,2003,3,0
대전,2003,4,0
대전,2003,5,0
대전,2003,6,0
대전,2003,7,0
대전,2003,8,0
대전,2003,9,0
대전,2003,10,1
대전,2003,11,0
대전,2003,12,0
대전,2004,1,0
대전,2004,2,0
대전,2004,3,0
대전,2004,4,0
대전,2004,5,0
대전,2004,6,0
대전,2004,7,0
대전,2004,8,1
대전,2004,9,0
대전,2004,10,1
대전,2004,11,0
대전,2004,12,0
대전,2005,1,0
대전,2005,2,0
대전,2005,3,0
대전,2005,4,0
대전,2005,5,0
대전,2005,6,0
대전,2005,7,0
대전,2005,8,1
대전,2005,9,0
대전,2005,10,1
대전,2005,11,0
대전,2005,12,0
대전,2006,1,0
대전,2006,2,0
대전,2006,3,0
대전,2006,4,0
대전,2006,5,0
대전,2006,6,0
대전,2006,7,0
대전,2006,8,1
대전,2006,9,0
대전,2006,10,1
대전,2006,11,0
대전,2006,12,0
대전,2007,1,0
대전,2007,2,0
대전,2007,3,0
대전,2007,4,0
대전,2007,5,0
대전,2007,6,0
대전,2007,7,0
대전,2007,8,1
대전,2007,9,0
대전,2007,10,1
대전,2007,11,0
대전,2007,12,0
대전,2008,1,0
대전,2008,2,0
대전,2008,3,0
대전,2008,4,0
대전,2008,5,0
대전,2008,6,0
대전,2008,7,0
대전,2008,8,1
대전,2008,9,1
대전,2008,10,1
대전,2008,11,0
대전,2008,12,0
대전,2009,1,0
대전,2009,2,0
대전,2009,3,0
대전,2009,4,0
대전,2009,5,0
대전,2009,6,0
대전,2009,7,0
대전,2009,8,1
대전,2009,9,1
대전,2009,10,1
대전,2009,11,0
대전,2009,12,0
대전,2010,1,0
대전,2010,2,0
대전,2010,3,0
대전,2010,4,0
대전,2010,5,0
대전,2010,6,0
대전,2010,7,0
대전,2010,8,1
대전,2010,9,1
대전,2010,10,1
대전,2010,11,0
대전,2010,12,0
대전,2011,1,0
대전,2011,2,0
대전,2011,3,0
대전,2011,4,0
대전,2011,5,0
대전,2011,6,0
대전,2011,7,0
대전,2011,8,1
대전,2011,9,1
대전,2011,10,1
대전,2011,11,0
대전,2011,12,0
대전,2012,1,0
대전,2012,2,0
대전,2012,3,0
대전,2012,4,0
대전,2012,5,0
대전,2012,6,0
대전,2012,7,0
대전,2012,8,1
대전,2012,9,1
대전,2012,10,1
대전,2012,11,0
대전,2012,12,0
대전,2013,1,0
대전,2013,2,0
대전,2013,3,0
대전,2013,4,0
대전,2013,5,0
대전,2013,6,0
대전,2013,7,0
대전,2013,8,1
대전,2013,9,1
대전,2013,10,1
대전,2013,11,0
대전,2013,12,0
대전,2014,1,0
대전,2014,2,0
대전,2014,3,0
대전,2014,4,0
대전,2014,5,0
대전,2014,6,0
대전,2014,7,0
대전,2014,8,1
대전,2014,9,1
대전,2014,10,1
대전,2014,11,0
대전,2014,12,0
대전,2015,1,0
대전,2015,2,0
대전,2015,3,0
대전,2015,4,0
대전,2015,5,1
대전,2015,6,0
대전,2015,7,1
대전,2015,8,0
대전,2015,9,1
대전,2015,10,3
대전,2015,11,1
대전,2015,12,0
대전,2016,1,0
대전,2016,2,0
대전,2016,3,0
대전,2016,4,0
대전,2016,5,1
대전,2016,6,0
대전,2016,7,1
대전,2016,8,0
대전,2016,9,1
대전,2016,10,3
대전,2016,11,1
대전,2016,12,0
대전,2017,1,0
대전,2017,2,0
대전,2017,3,0
대전,2017,4,2
대전,2017,5,2
대전,2017,6,0
대전,2017,7,0
대전,2017,8,2
대전,2017,9,1
대전,2017,10,2
대전,2017,11,0
대전,2017,12,0
대전,2018,1,0
대전,2018,2,1
대전,2018,3,0
대전,2018,4,1
대전,2018,5,3
대전,2018,6,0
대전,2018,7,0
대전,2018,8,2
대전,2018,9,0
대전,2018,10,3
대전,2018,11,0
대전,2018,12,0
대전,2019,1,0
대전,2019,2,0
대전,2019,3,0
대전,2019,4,2
대전,2019,5,4
대전,2019,6,0
대전,2019,7,0
대전,2019,8,0
대전,2019,9,3
대전,2019,10,3
대전,2019,11,0
대전,2019,12,0
대전,2020,1,0
대전,2020,2,0
대전,2020,3,0
대전,2020,4,1
대전,2020,5,0
대전,2020,6,0
대전,2020,7,0
대전,2020,8,0
대전,2020,9,0
대전,2020,10,0
대전,2020,11,0
대전,2020,12,0
대전,2021,1,0
대전,2021,2,0
대전,2021,3,0
대전,2021,4,1
대전,2021,5,3
대전,2021,6,0
대전,2021,7,0
대전,2021,8,2
대전,2021,9,1
대전,2021,10,2
대전,2021,11,0
대전,2021,12,0
대전,2022,1,0
대전,2022,2,0
대전,2022,3,0
대전,2022,4,3
대전,2022,5,2
대전,2022,6,0
대전,2022,7,0
대전,2022,8,0
대전,2022,9,2
대전,2022,10,6
대전,2022,11,0
대전,2022,12,0
부산,2002,1,0
부산,2002,2,1
부산,2002,3,1
부산,2002,4,1
부산,2002,5,1
부산,2002,6,0
부산,2002,7,1
부산,2002,8,3
부산,2002,9,0
부산,2002,10,2
부산,2002,11,0
부산,2002,12,0
부산,2003,1,0
부산,2003,2,1
부산,2003,3,1
부산,2003,4,1
부산,2003,5,1
부산,2003,6,0
부산,2003,7,1
부산,2003,8,3
부산,2003,9,0
부산,2003,10,2
부산,2003,11,0
부산,2003,12,0
부산,2004,1,0
부산,2004,2,1
부산,2004,3,1
부산,2004,4,1
부산,2004,5,1
부산,2004,6,0
부산,2004,7,1
부산,2004,8,3
부산,2004,9,0
부산,2004,10,3
부산,2004,11,0
부산,2004,12,0
부산,2005,1,0
부산,2005,2,1
부산,2005,3,1
부산,2005,4,1
부산,2005,5,1
부산,2005,6,0
부산,2005,7,1
부산,2005,8,3
부산,2005,9,0
부산,2005,10,4
부산,2005,11,0
부산,2005,12,0
부산,2006,1,0
부산,2006,2,1
부산,2006,3,1
부산,2006,4,1
부산,2006,5,2
부산,2006,6,1
부산,2006,7,1
부산,2006,8,3
부산,2006,9,0
부산,2006,10,4
부산,2006,11,0
부산,2006,12,0
부산,2007,1,0
부산,2007,2,1
부산,2007,3,1
부산,2007,4,1
부산,2007,5,2
부산,2007,6,1
부산,2007,7,1
부산,2007,8,3
부산,2007,9,0
부산,2007,10,4
부산,2007,11,0
부산,2007,12,0
부산,2008,1,0
부산,2008,2,1
부산,2008,3,1
부산,2008,4,2
부산,2008,5,3
부산,2008,6,1
부산,2008,7,1
부산,2008,8,3
부산,2008,9,0
부산,2008,10,4
부산,2008,11,0
부산,2008,12,0
부산,2009,1,0
부산,2009,2,1
부산,2009,3,1
부산,2009,4,2
부산,2009,5,3
부산,2009,6,1
부산,2009,7,1
부산,2009,8,3
부산,2009,9,0
부산,2009,10,4
부산,2009,11,0
부산,2009,12,0
부산,2010,1,0
부산,2010,2,1
부산,2010,3,1
부산,2010,4,2
부산,2010,5,3
부산,2010,6,1
부산,2010,7,1
부산,2010,8,3
부산,2010,9,0
부산,2010,10,5
부산,2010,11,0
부산,2010,12,0
부산,2011,1,0
부산,2011,2,1
부산,2011,3,1
부산,2011,4,3
부산,2011,5,3
부산,2011,6,1
부산,2011,7,1
부산,2011,8,3
부산,2011,9,0
부산,2011,10,7
부산,2011,11,0
부산,2011,12,0
부산,2012,1,0
부산,2012,2,1
부산,2012,3,1
부산,2012,4,3
부산,2012,5,3
부산,2012,6,1
부산,2012,7,1
부산,2012,8,3
부산,2012,9,0
부산,2012,10,8
부산,2012,11,0
부산,2012,12,0
부산,2013,1,0
부산,2013,2,1
부산,2013,3,1
부산,2013,4,3
부산,2013,5,3
부산,2013,6,1
부산,2013,7,1
부산,2013,8,3
부산,2013,9,0
부산,2013,10,8
부산,2013,11,0
부산,2013,12,0
부산,2014,1,0
부산,2014,2,1
부산,2014,3,1
부산,2014,4,3
부산,2014,5,3
부산,2014,6,1
부산,2014,7,1
부산,2014,8,3
부산,2014,9,0
부산,2014,10,8
부산,2014,11,0
부산,2014,12,0
부산,2015,1,0
부산,2015,2,0
부산,2015,3,3
부산,2015,4,3
부산,2015,5,9
부산,2015,6,0
부산,2015,7,0
부산,2015,8,6
부산,2015,9,2
부산,2015,10,12
부산,2015,11,1
부산,2015,12,1
부산,2016,1,0
부산,2016,2,0
부산,2016,3,3
부산,2016,4,3
부산,2016,5,9
부산,2016,6,0
부산,2016,7,0
부산,2016,8,6
부산,2016,9,2
부산,2016,10,12
부산,2016,11,1
부산,2016,12,1
부산,2017,1,1
부산,2017,2,1
부산,2017,3,1
부산,2017,4,4
부산,2017,5,7
부산,2017,6,1
부산,2017,7,0
부산,2017,8,3
부산,2017,9,2
부산,2017,10,10
부산,2017,11,1
부산,2017,12,0
부산,2018,1,1
부산,2018,2,1
부산,2018,3,1
부산,2018,4,6
부산,2018,5,5
부산,2018,6,2
부산,2018,7,0
부산,2018,8,3
부산,2018,9,2
부산,2018,10,10
부산,2018,11,1
부산,2018,12,0
부산,2019,1,1
부산,2019,2,1
부산,2019,3,2
부산,2019,4,7
부산,2019,5,7
부산,2019,6,1
부산,2019,7,1
부산,2019,8,3
부산,2019,9,0
부산,2019,10,15
부산,2019,11,1
부산,2019,12,1
부산,2020,1,0
부산,2020,2,1
부산,2020,3,2
부산,2020,4,5
부산,2020,5,0
부산,2020,6,0
부산,2020,7,0
부산,2020,8,0
부산,2020,9,0
부산,2020,10,0
부산,2020,11,0
부산,2020,12,0
부산,2021,1,0
부산,2021,2,2
부산,2021,3,2
부산,2021,4,6
부산,2021,5,7
부산,2021,6,2
부산,2021,7,2
부산,2021,8,3
부산,2021,9,0
부산,2021,10,17
부산,2021,11,2
부산,2021,12,1
부산,2022,1,0
부산,2022,2,1
부산,2022,3,2
부산,2022,4,5
부산,2022,5,6
부산,2022,6,2
부산,2022,7,2
부산,2022,8,4
부산,2022,9,2
부산,2022,10,20
부산,2022,11,3
부산,2022,12,1
서울,2002,1,0
서울,2002,2,0
서울,2002,3,0
서울,2002,4,1
서울,2002,5,1
서울,2002,6,0
서울,2002,7,0
서울,2002,8,0
서울,2002,9,0
서울,2002,10,1
서울,2002,11,0
서울,2002,12,0
서울,2003,1,0
서울,2003,2,0
서울,2003,3,0
서울,2003,4,1
서울,2003,5,1
서울,2003,6,0
서울,2003,7,1
서울,2003,8,0
서울,2003,9,0
서울,2003,10,1
서울,2003,11,0
서울,2003,12,0
서울,2004,1,0
서울,2004,2,0
서울,2004,3,0
서울,2004,4,1
서울,2004,5,1
서울,2004,6,0
서울,2004,7,1
서울,2004,8,0
서울,2004,9,0
서울,2004,10,1
서울,2004,11,0
서울,2004,12,0
서울,2005,1,0
서울,2005,2,0
서울,2005,3,0
서울,2005,4,2
서울,2005,5,1
서울,2005,6,0
서울,2005,7,1
서울,2005,8,0
서울,2005,9,0
서울,2005,10,1
서울,2005,11,0
서울,2005,12,0
서울,2006,1,0
서울,2006,2,0
서울,2006,3,0
서울,2006,4,2
서울,2006,5,1
서울,2006,6,0
서울,2006,7,1
서울,2006,8,0
서울,2006,9,0
서울,2006,10,2
서울,2006,11,0
서울,2006,12,0
서울,2007,1,0
서울,2007,2,0
서울,2007,3,0
서울,2007,4,2
서울,2007,5,1
서울,2007,6,0
서울,2007,7,1
서울,2007,8,0
서울,2007,9,0
서울,2007,10,2
서울,2007,11,0
서울,2007,12,0
서울,2008,1,0
서울,2008,2,0
서울,2008,3,0
서울,2008,4,2
서울,2008,5,1
서울,2008,6,0
서울,2008,7,1
서울,2008,8,0
서울,2008,9,1
서울,2008,10,2
서울,2008,11,0
서울,2008,12,0
서울,2009,1,0
서울,2009,2,0
서울,2009,3,0
서울,2009,4,2
서울,2009,5,1
서울,2009,6,1
서울,2009,7,1
서울,2009,8,0
서울,2009,9,1
서울,2009,10,2
서울,2009,11,0
서울,2009,12,0
서울,2010,1,0
서울,2010,2,0
서울,2010,3,0
서울,2010,4,2
서울,2010,5,1
서울,2010,6,1
서울,2010,7,1
서울,2010,8,0
서울,2010,9,1
서울,2010,10,3
서울,2010,11,0
서울,2010,12,1
서울,2011,1,0
서울,2011,2,0
서울,2011,3,0
서울,2011,4,3
서울,2011,5,1
서울,2011,6,1
서울,2011,7,1
서울,2011,8,0
서울,2011,9,2
서울,2011,10,5
서울,2011,11,0
서울,2011,12,1
서울,2012,1,0
서울,2012,2,0
서울,2012,3,0
서울,2012,4,4
서울,2012,5,1
서울,2012,6,1
서울,2012,7,1
서울,2012,8,0
서울,2012,9,5
서울,2012,10,6
서울,2012,11,0
서울,2012,12,1
서울,2013,1,0
서울,2013,2,0
서울,2013,3,0
서울,2013,4,4
서울,2013,5,1
서울,2013,6,1
서울,2013,7,2
서울,2013,8,0
서울,2013,9,5
서울,2013,10,7
서울,2013,11,0
서울,2013,12,1
서울,2014,1,0
서울,2014,2,0
서울,2014,3,0
서울,2014,4,4
서울,2014,5,1
서울,2014,6,1
서울,2014,7,2
서울,2014,8,1
서울,2014,9,5
서울,2014,10,8
서울,2014,11,0
서울,2014,12,2
서울,2015,1,5
서울,2015,2,3
서울,2015,3,2
서울,2015,4,12
서울,2015,5,19
서울,2015,6,3
서울,2015,7,4
서울,2015,8,8
서울,2015,9,17
서울,2015,10,32
서울,2015,11,5
서울,2015,12,2
서울,2016,1,5
서울,2016,2,3
서울,2016,3,2
서울,2016,4,12
서울,2016,5,19
서울,2016,6,3
서울,2016,7,4
서울,2016,8,8
서울,2016,9,17
서울,2016,10,32
서울,2016,11,5
서울,2016,12,2
서울,2017,1,0
서울,2017,2,0
서울,2017,3,1
서울,2017,4,8
서울,2017,5,10
서울,2017,6,0
서울,2017,7,3
서울,2017,8,3
서울,2017,9,9
서울,2017,10,19
서울,2017,11,2
서울,2017,12,1
서울,2018,1,1
서울,2018,2,1
서울,2018,3,5
서울,2018,4,15
서울,2018,5,10
서울,2018,6,4
서울,2018,7,4
서울,2018,8,4
서울,2018,9,28
서울,2018,10,37
서울,2018,11,4
서울,2018,12,2
서울,2019,1,0
서울,2019,2,1
서울,2019,3,2
서울,2019,4,11
서울,2019,5,10
서울,2019,6,3
서울,2019,7,4
서울,2019,8,6
서울,2019,9,19
서울,2019,10,27
서울,2019,11,6
서울,2019,12,2
서울,2020,1,0
서울,2020,2,0
서울,2020,3,2
서울,2020,4,9
서울,2020,5,0
서울,2020,6,0
서울,2020,7,0
서울,2020,8,0
서울,2020,9,0
서울,2020,10,0
서울,2020,11,0
서울,2020,12,0
서울,2021,1,0
서울,2021,2,0
서울,2021,3,1
서울,2021,4,12
서울,2021,5,8
서울,2021,6,4
서울,2021,7,4
서울,2021,8,6
서울,2021,9,17
서울,2021,10,31
서울,2021,11,5
서울,2021,12,3
서울,2022,1,0
서울,2022,2,0
서울,2022,3,1
서울,2022,4,4
서울,2022,5,2
서울,2022,6,1
서울,2022,7,1
서울,2022,8,0
서울,2022,9,6
서울,2022,10,6
서울,2022,11,1
서울,2022,12,0
세종,2002,1,0
세종,2002,2,0
세종,2002,3,0
세종,2002,4,0
세종,2002,5,0
세종,2002,6,0
세종,2002,7,0
세종,2002,8,0
세종,2002,9,0
세종,2002,10,0
세종,2002,11,0
세종,2002,12,0
세종,2003,1,0
세종,2003,2,0
세종,2003,3,0
세종,2003,4,0
세종,2003,5,0
세종,2003,6,0
세종,2003,7,1
세종,2003,8,0
세종,2003,9,0
세종,2003,10,0
세종,2003,11,0
세종,2003,12,0
세종,2004,1,0
세종,2004,2,0
세종,2004,3,0
세종,2004,4,0
세종,2004,5,0
세종,2004,6,0
세종,2004,7,1
세종,2004,8,0
세종,2004,9,0
세종,2004,10,0
세종,2004,11,0
세종,2004,12,0
세종,2005,1,0
세종,2005,2,0
세종,2005,3,0
세종,2005,4,0
세종,2005,5,0
세종,2005,6,0
세종,2005,7,1
세종,2005,8,0
세종,2005,9,0
세종,2005,10,0
세종,2005,11,0
세종,2005,12,0
세종,2006,1,0
세종,2006,2,0
세종,2006,3,0
세종,2006,4,0
세종,2006,5,0
세종,2006,6,0
세종,2006,7,1
세종,2006,8,0
세종,2006,9,0
세종,2006,10,0
세종,2006,11,0
세종,2006,12,0
세종,2007,1,0
세종,2007,2,0
세종,2007,3,0
세종,2007,4,0
세종,2007,5,0
세종,2007,6,0
세종,2007,7,1
세종,2007,8,0
세종,2007,9,0
세종,2007,10,0
세종,2007,11,0
세종,2007,12,0
세종,2008,1,0
세종,2008,2,0
세종,2008,3,0
세종,2008,4,0
세종,2008,5,0
세종,2008,6,0
세종,2008,7,1
세종,2008,8,0
세종,2008,9,0
세종,2008,10,0
세종,2008,11,0
세종,2008,12,0
세종,2009,1,0
세종,2009,2,0
세종,2009,3,0
세종,2009,4,0
세종,2009,5,0
세종,2009,6,0
세종,2009,7,1
세종,2009,8,0
세종,2009,9,0
세종,2009,10,0
세종,2009,11,0
세종,2009,12,0
세종,2010,1,0
세종,2010,2,0
세종,2010,3,0
세종,2010,4,0
세종,2010,5,0
세종,2010,6,0
세종,2010,7,1
세종,2010,8,0
세종,2010,9,0
세종,2010,10,0
세종,2010,11,0
세종,2010,12,0
세종,2011,1,0
세종,2011,2,0
세종,2011,3,0
세종,2011,4,0
세종,2011,5,0
세종,2011,6,0
세종,2011,7,1
세종,2011,8,0
세종,2011,9,0
세종,2011,10,0
세종,2011,11,0
세종,2011,12,0
세종,2012,1,0
세종,2012,2,0
세종,2012,3,0
세종,2012,4,0
세종,2012,5,0
세종,2012,6,0
세종,2012,7,1
세종,2012,8,0
세종,2012,9,0
세종,2012,10,0
세종,2012,11,0
세종,2012,12,0
세종,2013,1,0
세종,2013,2,0
세종,2013,3,0
세종,2013,4,0
세종,2013,5,0
세종,2013,6,0
세종,2013,7,1
세종,2013,8,0
세종,2013,9,0
세종,2013,10,0
세종,2013,11,0
세종,2013,12,0
세종,2014,1,0
세종,2014,2,0
세종,2014,3,0
세종,2014,4,0
세종,2014,5,0
세종,2014,6,0
세종,2014,7,1
세종,2014,8,0
세종,2014,9,0
세종,2014,10,0
세종,2014,11,0
세종,2014,12,0
세종,2015,1,0
세종,2015,2,0
세종,2015,3,0
세종,2015,4,0
세종,2015,5,0
세종,2015,6,0
세종,2015,7,0
세종,2015,8,0
세종,2015,9,0
세종,2015,10,2
세종,2015,11,0
세종,2015,12,0
세종,2016,1,0
세종,2016,2,0
세종,2016,3,0
세종,2016,4,0
세종,2016,5,0
세종,2016,6,0
세종,2016,7,0
세종,2016,8,0
세종,2016,9,0
세종,2016,10,2
세종,2016,11,0
세종,2016,12,0
세종,2017,1,0
세종,2017,2,0
세종,2017,3,0
세종,2017,4,1
세종,2017,5,0
세종,2017,6,0
세종,2017,7,0
세종,2017,8,0
세종,2017,9,0
세종,2017,10,2
세종,2017,11,0
세종,2017,12,0
세종,2018,1,0
세종,2018,2,0
세종,2018,3,0
세종,2018,4,1
세종,2018,5,0
세종,2018,6,0
세종,2018,7,0
세종,2018,8,0
세종,2018,9,0
세종,2018,10,2
세종,2018,11,0
세종,2018,12,0
세종,2019,1,0
세종,2019,2,0
세종,2019,3,0
세종,2019,4,0
세종,2019,5,0
세종,2019,6,0
세종,2019,7,0
세종,2019,8,1
세종,2019,9,0
세종,2019,10,1
세종,2019,11,0
세종,2019,12,0
세종,2020,1,0
세종,2020,2,0
세종,2020,3,0
세종,2020,4,0
세종,2020,5,0
세종,2020,6,0
세종,2020,7,0
세종,2020,8,0
세종,2020,9,0
세종,2020,10,0
세종,2020,11,0
세종,2020,12,0
세종,2021,1,0
세종,2021,2,0
세종,2021,3,0
세종,2021,4,0
세종,2021,5,0
세종,2021,6,0
세종,2021,7,1
세종,2021,8,0
세종,2021,9,0
세종,2021,10,1
세종,2021,11,0
세종,2021,12,0
세종,2022,1,0
세종,2022,2,0
세종,2022,3,0
세종,2022,4,0
세종,2022,5,0
세종,2022,6,0
세종,2022,7,0
세종,2022,8,1
세종,2022,9,0
세종,2022,10,3
세종,2022,11,0
세종,2022,12,0
울산,2002,1,0
울산,2002,2,0
울산,2002,3,0
울산,2002,4,0
울산,2002,5,0
울산,2002,6,0
울산,2002,7,0
울산,2002,8,0
울산,2002,9,1
울산,2002,10,2
울산,2002,11,0
울산,2002,12,0
울산,2003,1,0
울산,2003,2,0
울산,2003,3,0
울산,2003,4,0
울산,2003,5,0
울산,2003,6,0
울산,2003,7,0
울산,2003,8,0
울산,2003,9,1
울산,2003,10,2
울산,2003,11,0
울산,2003,12,0
울산,2004,1,0
울산,2004,2,0
울산,2004,3,0
울산,2004,4,0
울산,2004,5,0
울산,2004,6,0
울산,2004,7,0
울산,2004,8,0
울산,2004,9,1
울산,2004,10,2
울산,2004,11,0
울산,2004,12,0
울산,2005,1,0
울산,2005,2,0
울산,2005,3,0
울산,2005,4,0
울산,2005,5,0
울산,2005,6,0
울산,2005,7,0
울산,2005,8,0
울산,2005,9,1
울산,2005,10,2
울산,2005,11,0
울산,2005,12,0
울산,2006,1,0
울산,2006,2,0
울산,2006,3,0
울산,2006,4,0
울산,2006,5,0
울산,2006,6,0
울산,2006,7,0
울산,2006,8,0
울산,2006,9,1
울산,2006,10,2
울산,2006,11,0
울산,2006,12,0
울산,2007,1,0
울산,2007,2,0
울산,2007,3,0
울산,2007,4,0
울산,2007,5,0
울산,2007,6,0
울산,2007,7,0
울산,2007,8,0
울산,2007,9,1
울산,2007,10,2
울산,2007,11,0
울산,2007,12,0
울산,2008,1,0
울산,2008,2,0
울산,2008,3,0
울산,2008,4,0
울산,2008,5,0
울산,2008,6,0
울산,2008,7,0
울산,2008,8,0
울산,2008,9,1
울산,2008,10,2
울산,2008,11,0
울산,2008,12,0
울산,2009,1,0
울산,2009,2,0
울산,2009,3,0
울산,2009,4,0
울산,2009,5,0
울산,2009,6,0
울산,2009,7,0
울산,2009,8,0
울산,2009,9,1
울산,2009,10,2
울산,2009,11,0
울산,2009,12,0
울산,2010,1,0
울산,2010,2,0
울산,2010,3,0
울산,2010,4,0
울산,2010,5,0
울산,2010,6,0
울산,2010,7,0
울산,2010,8,0
울산,2010,9,1
울산,2010,10,2
울산,2010,11,0
울산,2010,12,0
울산,2011,1,0
울산,2011,2,0
울산,2011,3,0
울산,2011,4,0
울산,2011,5,0
울산,2011,6,0
울산,2011,7,0
울산,2011,8,0
울산,2011,9,1
울산,2011,10,2
울산,2011,11,0
울산,2011,12,0
울산,2012,1,0
울산,2012,2,0
울산,2012,3,0
울산,2012,4,0
울산,2012,5,0
울산,2012,6,0
울산,2012,7,0
울산,2012,8,0
울산,2012,9,1
울산,2012,10,2
울산,2012,11,0
울산,2012,12,0
울산,2013,1,0
울산,2013,2,0
울산,2013,3,0
울산,2013,4,0
울산,2013,5,0
울산,2013,6,0
울산,2013,7,0
울산,2013,8,0
울산,2013,9,1
울산,2013,10,2
울산,2013,11,0
울산,2013,12,0
울산,2014,1,0
울산,2014,2,0
울산,2014,3,0
울산,2014,4,0
울산,2014,5,0
울산,2014,6,0
울산,2014,7,0
울산,2014,8,0
울산,2014,9,1
울산,2014,10,2
울산,2014,11,0
울산,2014,12,0
울산,2015,1,0
울산,2015,2,0
울산,2015,3,0
울산,2015,4,0
울산,2015,5,4
울산,2015,6,0
울산,2015,7,2
울산,2015,8,0
울산,2015,9,0
울산,2015,10,3
울산,2015,11,0
울산,2015,12,0
울산,2016,1,0
울산,2016,2,0
울산,2016,3,0
울산,2016,4,0
울산,2016,5,4
울산,2016,6,0
울산,2016,7,2
울산,2016,8,0
울산,2016,9,0
울산,2016,10,3
울산,2016,11,0
울산,2016,12,0
울산,2017,1,0
울산,2017,2,0
울산,2017,3,0
울산,2017,4,0
울산,2017,5,6
울산,2017,6,0
울산,2017,7,2
울산,2017,8,0
울산,2017,9,1
울산,2017,10,1
울산,2017,11,0
울산,2017,12,0
울산,2018,1,0
울산,2018,2,0
울산,2018,3,0
울산,2018,4,0
울산,2018,5,5
울산,2018,6,1
울산,2018,7,3
울산,2018,8,0
울산,2018,9,1
울산,2018,10,9
울산,2018,11,1
울산,2018,12,2
울산,2019,1,0
울산,2019,2,0
울산,2019,3,1
울산,2019,4,1
울산,2019,5,4
울산,2019,6,2
울산,2019,7,2
울산,2019,8,1
울산,2019,9,3
울산,2019,10,3
울산,2019,11,1
울산,2019,12,1
울산,2020,1,0
울산,2020,2,0
울산,2020,3,1
울산,2020,4,1
울산,2020,5,0
울산,2020,6,0
울산,2020,7,0
울산,2020,8,0
울산,2020,9,0
울산,2020,10,0
울산,2020,11,0
울산,2020,12,0
울산,2021,1,0
울산,2021,2,0
울산,2021,3,1
울산,2021,4,1
울산,2021,5,3
울산,2021,6,0
울산,2021,7,1
울산,2021,8,2
울산,2021,9,1
울산,2021,10,8
울산,2021,11,0
울산,2021,12,2
울산,2022,1,0
울산,2022,2,1
울산,2022,3,0
울산,2022,4,1
울산,2022,5,3
울산,2022,6,3
울산,2022,7,2
울산,2022,8,1
울산,2022,9,2
울산,2022,10,2
울산,2022,11,1
울산,2022,12,1
인천,2002,1,0
인천,2002,2,0
인천,2002,3,0
인천,2002,4,0
인천,2002,5,2
인천,2002,6,0
인천,2002,7,0
인천,2002,8,0
인천,2002,9,0
인천,2002,10,2
인천,2002,11,0
인천,2002,12,0
인천,2003,1,0
인천,2003,2,0
인천,2003,3,0
인천,2003,4,0
인천,2003,5,2
인천,2003,6,0
인천,2003,7,0
인천,2003,8,0
인천,2003,9,0
인천,2003,10,2
인천,2003,11,0
인천,2003,12,0
인천,2004,1,0
인천,2004,2,0
인천,2004,3,0
인천,2004,4,0
인천,2004,5,2
인천,2004,6,0
인천,2004,7,0
인천,2004,8,1
인천,2004,9,0
인천,2004,10,3
인천,2004,11,0
인천,2004,12,0
인천,2005,1,0
인천,2005,2,0
인천,2005,3,0
인천,2005,4,1
인천,2005,5,2
인천,2005,6,0
인천,2005,7,0
인천,2005,8,1
인천,2005,9,0
인천,2005,10,3
인천,2005,11,0
인천,2005,12,0
인천,2006,1,0
인천,2006,2,0
인천,2006,3,0
인천,2006,4,1
인천,2006,5,2
인천,2006,6,0
인천,2006,7,0
인천,2006,8,2
인천,2006,9,0
인천,2006,10,3
인천,2006,11,0
인천,2006,12,0
인천,2007,1,0
인천,2007,2,0
인천,2007,3,0
인천,2007,4,1
인천,2007,5,2
인천,2007,6,0
인천,2007,7,0
인천,2007,8,2
인천,2007,9,0
인천,2007,10,3
인천,2007,11,0
인천,2007,12,0
인천,2008,1,0
인천,2008,2,0
인천,2008,3,0
인천,2008,4,1
인천,2008,5,2
인천,2008,6,0
인천,2008,7,0
인천,2008,8,2
인천,2008,9,0
인천,2008,10,3
인천,2008,11,0
인천,2008,12,0
인천,2009,1,0
인천,2009,2,0
인천,2009,3,0
인천,2009,4,1
인천,2009,5,2
인천,2009,6,0
인천,2009,7,0
인천,2009,8,2
인천,2009,9,0
인천,2009,10,3
인천,2009,11,0
인천,2009,12,0
인천,2010,1,0
인천,2010,2,0
인천,2010,3,0
인천,2010,4,1
인천,2010,5,2
인천,2010,6,0
인천,2010,7,0
인천,2010,8,2
인천,2010,9,0
인천,2010,10,3
인천,2010,11,0
인천,2010,12,0
인천,2011,1,0
인천,2011,2,0
인천,2011,3,0
인천,2011,4,1
인천,2011,5,2
인천,2011,6,0
인천,2011,7,0
인천,2011,8,2
인천,2011,9,0
인천,2011,10,3
인천,2011,11,0
인천,2011,12,0
인천,2012,1,0
인천,2012,2,0
인천,2012,3,0
인천,2012,4,1
인천,2012,5,2
인천,2012,6,0
인천,2012,7,0
인천,2012,8,2
인천,2012,9,0
인천,2012,10,3
인천,2012,11,0
인천,2012,12,0
인천,2013,1,0
인천,2013,2,0
인천,2013,3,0
인천,2013,4,1
인천,2013,5,2
인천,2013,6,0
인천,2013,7,0
인천,2013,8,2
인천,2013,9,0
인천,2013,10,3
인천,2013,11,0
인천,2013,12,0
인천,2014,1,0
인천,2014,2,0
인천,2014,3,0
인천,2014,4,1
인천,2014,5,2
인천,2014,6,0
인천,2014,7,0
인천,2014,8,2
인천,2014,9,0
인천,2014,10,3
인천,2014,11,0
인천,2014,12,0
인천,2015,1,0
인천,2015,2,0
인천,2015,3,0
인천,2015,4,1
인천,2015,5,0
인천,2015,6,1
인천,2015,7,0
인천,2015,8,1
인천,2015,9,2
인천,2015,10,5
인천,2015,11,0
인천,2015,12,0
인천,2016,1,0
인천,2016,2,0
인천,2016,3,0
인천,2016,4,1
인천,2016,5,0
인천,2016,6,1
인천,2016,7,0
인천,2016,8,1
인천,2016,9,2
인천,2016,10,5
인천,2016,11,0
인천,2016,12,0
인천,2017,1,0
인천,2017,2,0
인천,2017,3,0
인천,2017,4,2
인천,2017,5,1
인천,2017,6,0
인천,2017,7,1
인천,2017,8,2
인천,2017,9,6
인천,2017,10,6
인천,2017,11,0
인천,2017,12,0
인천,2018,1,0
인천,2018,2,0
인천,2018,3,0
인천,2018,4,2
인천,2018,5,1
인천,2018,6,0
인천,2018,7,3
인천,2018,8,3
인천,2018,9,6
인천,2018,10,10
인천,2018,11,0
인천,2018,12,0
인천,2019,1,0
인천,2019,2,0
인천,2019,3,0
인천,2019,4,4
인천,2019,5,2
인천,2019,6,0
인천,2019,7,2
인천,2019,8,1
인천,2019,9,10
인천,2019,10,9
인천,2019,11,1
인천,2019,12,1
인천,2020,1,0
인천,2020,2,0
인천,2020,3,0
인천,2020,4,2
인천,2020,5,0
인천,2020,6,0
인천,2020,7,0
인천,2020,8,0
인천,2020,9,0
인천,2020,10,0
인천,2020,11,0
인천,2020,12,0
인천,2021,1,0
인천,2021,2,0
인천,2021,3,0
인천,2021,4,2
인천,2021,5,2
인천,2021,6,1
인천,2021,7,0
인천,2021,8,1
인천,2021,9,3
인천,2021,10,6
인천,2021,11,1
인천,2021,12,1
인천,2022,1,0
인천,2022,2,0
인천,2022,3,0
인천,2022,4,1
인천,2022,5,2
인천,2022,6,0
인천,2022,7,1
인천,2022,8,1
인천,2022,9,3
인천,2022,10,7
인천,2022,11,1
인천,2022,12,1
전남,2002,1,0
전남,2002,2,0
전남,2002,3,1
전남,2002,4,2
전남,2002,5,2
전남,2002,6,1
전남,2002,7,1
전남,2002,8,1
전남,2002,9,2
전남,2002,10,4
전남,2002,11,2
전남,2002,12,1
전남,2003,1,0
전남,2003,2,0
전남,2003,3,1
전남,2003,4,3
전남,2003,5,3
전남,2003,6,2
전남,2003,7,1
전남,2003,8,1
전남,2003,9,2
전남,2003,10,4
전남,2003,11,2
전남,2003,12,1
전남,2004,1,0
전남,2004,2,0
전남,2004,3,1
전남,2004,4,3
전남,2004,5,3
전남,2004,6,2
전남,2004,7,1
전남,2004,8,2
전남,2004,9,2
전남,2004,10,4
전남,2004,11,2
전남,2004,12,1
전남,2005,1,0
전남,2005,2,0
전남,2005,3,2
전남,2005,4,3
전남,2005,5,3
전남,2005,6,2
전남,2005,7,1
전남,2005,8,2
전남,2005,9,3
전남,2005,10,4
전남,2005,11,2
전남,2005,12,1
전남,2006,1,0
전남,2006,2,0
전남,2006,3,2
전남,2006,4,4
전남,2006,5,3
전남,2006,6,2
전남,2006,7,1
전남,2006,8,2
전남,2006,9,3
전남,2006,10,5
전남,2006,11,2
전남,2006,12,1
전남,2007,1,0
전남,2007,2,0
전남,2007,3,2
전남,2007,4,4
전남,2007,5,4
전남,2007,6,3
전남,2007,7,1
전남,2007,8,2
전남,2007,9,4
전남,2007,10,5
전남,2007,11,2
전남,2007,12,1
전남,2008,1,0
전남,2008,2,0
전남,2008,3,2
전남,2008,4,5
전남,2008,5,4
전남,2008,6,3
전남,2008,7,1
전남,2008,8,2
전남,2008,9,4
전남,2008,10,7
전남,2008,11,2
전남,2008,12,1
전남,2009,1,0
전남,2009,2,0
전남,2009,3,2
전남,2009,4,5
전남,2009,5,4
전남,2009,6,3
전남,2009,7,1
전남,2009,8,2
전남,2009,9,4
전남,2009,10,8
전남,2009,11,2
전남,2009,12,1
전남,2010,1,0
전남,2010,2,0
전남,2010,3,2
전남,2010,4,5
전남,2010,5,4
전남,2010,6,4
전남,2010,7,1
전남,2010,8,2
전남,2010,9,5
전남,2010,10,8
전남,2010,11,2
전남,2010,12,1
전남,2011,1,0
전남,2011,2,0
전남,2011,3,2
전남,2011,4,5
전남,2011,5,4
전남,2011,6,4
전남,2011,7,1
전남,2011,8,2
전남,2011,9,5
전남,2011,10,8
전남,2011,11,2
전남,2011,12,1
전남,2012,1,0
전남,2012,2,0
전남,2012,3,2
전남,2012,4,5
전남,2012,5,4
전남,2012,6,4
전남,2012,7,2
전남,2012,8,2
전남,2012,9,5
전남,2012,10,9
전남,2012,11,2
전남,2012,12,1
전남,2013,1,0
전남,2013,2,0
전남,2013,3,2
전남,2013,4,5
전남,2013,5,4
전남,2013,6,5
전남,2013,7,2
전남,2013,8,2
전남,2013,9,6
전남,2013,10,9
전남,2013,11,3
전남,2013,12,1
전남,2014,1,0
전남,2014,2,0
전남,2014,3,2
전남,2014,4,5
전남,2014,5,4
전남,2014,6,5
전남,2014,7,2
전남,2014,8,2
전남,2014,9,6
전남,2014,10,9
전남,2014,11,3
전남,2014,12,1
전남,2015,1,1
전남,2015,2,0
전남,2015,3,6
전남,2015,4,14
전남,2015,5,14
전남,2015,6,3
전남,2015,7,3
전남,2015,8,10
전남,2015,9,6
전남,2015,10,18
전남,2015,11,3
전남,2015,12,2
전남,2016,1,0
전남,2016,2,0
전남,2016,3,0
전남,2016,4,0
전남,2016,5,0
전남,2016,6,0
전남,2016,7,0
전남,2016,8,0
전남,2016,9,0
전남,2016,10,0
전남,2016,11,0
전남,2016,12,1
전남,2017,1,1
전남,2017,2,1
전남,2017,3,9
전남,2017,4,18
전남,2017,5,12
전남,2017,6,1
전남,2017,7,5
전남,2017,8,4
전남,2017,9,13
전남,2017,10,25
전남,2017,11,2
전남,2017,12,5
전남,2018,1,0
전남,2018,2,0
전남,2018,3,8
전남,2018,4,21
전남,2018,5,14
전남,2018,6,1
전남,2018,7,5
전남,2018,8,7
전남,2018,9,15
전남,2018,10,24
전남,2018,11,3
전남,2018,12,3
전남,2019,1,0
전남,2019,2,0
전남,2019,3,10
전남,2019,4,18
전남,2019,5,17
전남,2019,6,1
전남,2019,7,3
전남,2019,8,9
전남,2019,9,15
전남,2019,10,24
전남,2019,11,4
전남,2019,12,5
전남,2020,1,1
전남,2020,2,0
전남,2020,3,9
전남,2020,4,19
전남,2020,5,0
전남,2020,6,0
전남,2020,7,0
전남,2020,8,0
전남,2020,9,0
전남,2020,10,0
전남,2020,11,0
전남,2020,12,0
전남,2021,1,0
전남,2021,2,0
전남,2021,3,6
전남,2021,4,17
전남,2021,5,17
전남,2021,6,10
전남,2021,7,5
전남,2021,8,10
전남,2021,9,16
전남,2021,10,22
전남,2021,11,9
전남,2021,12,5
전남,2022,1,0
전남,2022,2,0
전남,2022,3,6
전남,2022,4,19
전남,2022,5,13
전남,2022,6,1
전남,2022,7,5
전남,2022,8,6
전남,2022,9,11
전남,2022,10,24
전남,2022,11,7
전남,2022,12,6
전북,2002,1,0
전북,2002,2,0
전북,2002,3,1
전북,2002,4,2
전북,2002,5,0
전북,2002,6,1
전북,2002,7,0
전북,2002,8,0
전북,2002,9,1
전북,2002,10,0
전북,2002,11,0
전북,2002,12,0
전북,2003,1,0
전북,2003,2,0
전북,2003,3,1
전북,2003,4,2
전북,2003,5,0
전북,2003,6,1
전북,2003,7,0
전북,2003,8,0
전북,2003,9,1
전북,2003,10,0
전북,2003,11,0
전북,2003,12,0
전북,2004,1,0
전북,2004,2,0
전북,2004,3,1
전북,2004,4,2
전북,2004,5,1
전북,2004,6,1
전북,2004,7,0
전북,2004,8,0
전북,2004,9,1
전북,2004,10,1
전북,2004,11,0
전북,2004,12,0
전북,2005,1,0
전북,2005,2,0
전북,2005,3,1
전북,2005,4,2
전북,2005,5,1
전북,2005,6,1
전북,2005,7,0
전북,2005,8,0
전북,2005,9,1
전북,2005,10,1
전북,2005,11,0
전북,2005,12,0
전북,2006,1,0
전북,2006,2,0
전북,2006,3,1
전북,2006,4,2
전북,2006,5,1
전북,2006,6,1
전북,2006,7,0
전북,2006,8,0
전북,2006,9,1
전북,2006,10,1
전북,2006,11,0
전북,2006,12,0
전북,2007,1,0
전북,2007,2,0
전북,2007,3,1
전북,2007,4,2
전북,2007,5,1
전북,2007,6,1
전북,2007,7,0
전북,2007,8,0
전북,2007,9,1
전북,2007,10,3
전북,2007,11,0
전북,2007,12,0
전북,2008,1,0
전북,2008,2,0
전북,2008,3,1
전북,2008,4,2
전북,2008,5,1
전북,2008,6,1
전북,2008,7,0
전북,2008,8,0
전북,2008,9,1
전북,2008,10,3
전북,2008,11,0
전북,2008,12,0
전북,2009,1,0
전북,2009,2,0
전북,2009,3,1
전북,2009,4,2
전북,2009,5,1
전북,2009,6,1
전북,2009,7,0
전북,2009,8,0
전북,2009,9,1
전북,2009,10,3
전북,2009,11,0
전북,2009,12,0
전북,2010,1,0
전북,2010,2,0
전북,2010,3,2
전북,2010,4,2
전북,2010,5,1
전북,2010,6,1
전북,2010,7,0
전북,2010,8,0
전북,2010,9,1
전북,2010,10,3
전북,2010,11,0
전북,2010,12,1
전북,2011,1,1
전북,2011,2,0
전북,2011,3,2
전북,2011,4,2
전북,2011,5,1
전북,2011,6,1
전북,2011,7,0
전북,2011,8,0
전북,2011,9,1
전북,2011,10,4
전북,2011,11,0
전북,2011,12,1
전북,2012,1,1
전북,2012,2,0
전북,2012,3,2
전북,2012,4,2
전북,2012,5,2
전북,2012,6,1
전북,2012,7,0
전북,2012,8,0
전북,2012,9,1
전북,2012,10,4
전북,2012,11,0
전북,2012,12,1
전북,2013,1,1
전북,2013,2,0
전북,2013,3,2
전북,2013,4,2
전북,2013,5,2
전북,2013,6,1
전북,2013,7,0
전북,2013,8,0
전북,2013,9,2
전북,2013,10,4
전북,2013,11,0
전북,2013,12,1
전북,2014,1,1
전북,2014,2,0
전북,2014,3,2
전북,2014,4,2
전북,2014,5,2
전북,2014,6,1
전북,2014,7,0
전북,2014,8,0
전북,2014,9,2
전북,2014,10,4
전북,2014,11,1
전북,2014,12,2
전북,2015,1,0
전북,2015,2,0
전북,2015,3,0
전북,2015,4,4
전북,2015,5,5
전북,2015,6,3
전북,2015,7,0
전북,2015,8,5
전북,2015,9,2
전북,2015,10,14
전북,2015,11,1
전북,2015,12,1
전북,2016,1,0
전북,2016,2,0
전북,2016,3,0
전북,2016,4,4
전북,2016,5,5
전북,2016,6,3
전북,2016,7,0
전북,2016,8,5
전북,2016,9,2
전북,2016,10,14
전북,2016,11,1
전북,2016,12,1
전북,2017,1,0
전북,2017,2,0
전북,2017,3,2
전북,2017,4,9
전북,2017,5,10
전북,2017,6,1
전북,2017,7,4
전북,2017,8,5
전북,2017,9,6
전북,2017,10,10
전북,2017,11,3
전북,2017,12,2
전북,2018,1,0
전북,2018,2,0
전북,2018,3,2
전북,2018,4,9
전북,2018,5,8
전북,2018,6,4
전북,2018,7,1
전북,2018,8,4
전북,2018,9,5
전북,2018,10,13
전북,2018,11,2
전북,2018,12,2
전북,2019,1,0
전북,2019,2,0
전북,2019,3,2
전북,2019,4,7
전북,2019,5,13
전북,2019,6,4
전북,2019,7,2
전북,2019,8,3
전북,2019,9,5
전북,2019,10,10
전북,2019,11,1
전북,2019,12,2
전북,2020,1,1
전북,2020,2,0
전북,2020,3,3
전북,2020,4,13
전북,2020,5,0
전북,2020,6,0
전북,2020,7,0
전북,2020,8,0
전북,2020,9,0
전북,2020,10,0
전북,2020,11,0
전북,2020,12,0
전북,2021,1,1
전북,2021,2,0
전북,2021,3,3
전북,2021,4,13
전북,2021,5,13
전북,2021,6,4
전북,2021,7,4
전북,2021,8,7
전북,2021,9,5
전북,2021,10,15
전북,2021,11,3
전북,2021,12,4
전북,2022,1,1
전북,2022,2,0
전북,2022,3,3
전북,2022,4,12
전북,2022,5,9
전북,2022,6,5
전북,2022,7,4
전북,2022,8,10
전북,2022,9,4
전북,2022,10,21
전북,2022,11,3
전북,2022,12,3
제주,2002,1,0
제주,2002,2,0
제주,2002,3,0
제주,2002,4,0
제주,2002,5,0
제주,2002,6,0
제주,2002,7,2
제주,2002,8,0
제주,2002,9,0
제주,2002,10,1
제주,2002,11,0
제주,2002,12,0
제주,2003,1,0
제주,2003,2,0
제주,2003,3,0
제주,2003,4,0
제주,2003,5,0
제주,2003,6,0
제주,2003,7,3
제주,2003,8,0
제주,2003,9,0
제주,2003,10,1
제주,2003,11,0
제주,2003,12,0
제주,2004,1,0
제주,2004,2,0
제주,2004,3,0
제주,2004,4,0
제주,2004,5,1
제주,2004,6,0
제주,2004,7,3
제주,2004,8,1
제주,2004,9,0
제주,2004,10,2
제주,2004,11,0
제주,2004,12,0
제주,2005,1,0
제주,2005,2,0
제주,2005,3,1
제주,2005,4,0
제주,2005,5,1
제주,2005,6,0
제주,2005,7,3
제주,2005,8,1
제주,2005,9,0
제주,2005,10,2
제주,2005,11,0
제주,2005,12,0
제주,2006,1,0
제주,2006,2,0
제주,2006,3,1
제주,2006,4,0
제주,2006,5,1
제주,2006,6,0
제주,2006,7,3
제주,2006,8,1
제주,2006,9,0
제주,2006,10,2
제주,2006,11,0
제주,2006,12,0
제주,2007,1,0
제주,2007,2,0
제주,2007,3,1
제주,2007,4,0
제주,2007,5,1
제주,2007,6,0
제주,2007,7,3
제주,2007,8,1
제주,2007,9,0
제주,2007,10,2
제주,2007,11,0
제주,2007,12,0
제주,2008,1,0
제주,2008,2,0
제주,2008,3,1
제주,2008,4,0
제주,2008,5,1
제주,2008,6,0
제주,2008,7,3
제주,2008,8,1
제주,2008,9,1
제주,2008,10,2
제주,2008,11,0
제주,2008,12,0
제주,2009,1,0
제주,2009,2,0
제주,2009,3,1
제주,2009,4,0
제주,2009,5,1
제주,2009,6,0
제주,2009,7,3
제주,2009,8,1
제주,2009,9,1
제주,2009,10,2
제주,2009,11,0
제주,2009,12,0
제주,2010,1,0
제주,2010,2,0
제주,2010,3,1
제주,2010,4,0
제주,2010,5,1
제주,2010,6,0
제주,2010,7,3
제주,2010,8,1
제주,2010,9,1
제주,2010,10,2
제주,2010,11,0
제주,2010,12,0
제주,2011,1,0
제주,2011,2,0
제주,2011,3,1
제주,2011,4,0
제주,2011,5,1
제주,2011,6,0
제주,2011,7,3
제주,2011,8,1
제주,2011,9,1
제주,2011,10,2
제주,2011,11,0
제주,2011,12,0
제주,2012,1,0
제주,2012,2,0
제주,2012,3,1
제주,2012,4,0
제주,2012,5,1
제주,2012,6,0
제주,2012,7,3
제주,2012,8,1
제주,2012,9,1
제주,2012,10,2
제주,2012,11,0
제주,2012,12,0
제주,2013,1,0
제주,2013,2,0
제주,2013,3,1
제주,2013,4,0
제주,2013,5,1
제주,2013,6,0
제주,2013,7,3
제주,2013,8,1
제주,2013,9,1
제주,2013,10,2
제주,2013,11,0
제주,2013,12,0
제주,2014,1,0
제주,2014,2,0
제주,2014,3,1
제주,2014,4,0
제주,2014,5,1
제주,2014,6,0
제주,2014,7,3
제주,2014,8,1
제주,2014,9,1
제주,2014,10,3
제주,2014,11,0
제주,2014,12,0
제주,2015,1,0
제주,2015,2,1
제주,2015,3,1
제주,2015,4,3
제주,2015,5,1
제주,2015,6,0
제주,2015,7,2
제주,2015,8,1
제주,2015,9,2
제주,2015,10,3
제주,2015,11,1
제주,2015,12,1
제주,2016,1,0
제주,2016,2,1
제주,2016,3,1
제주,2016,4,3
제주,2016,5,1
제주,2016,6,0
제주,2016,7,2
제주,2016,8,1
제주,2016,9,2
제주,2016,10,3
제주,2016,11,1
제주,2016,12,1
제주,2017,1,1
제주,2017,2,0
제주,2017,3,2
제주,2017,4,5
제주,2017,5,3
제주,2017,6,0
제주,2017,7,4
제주,2017,8,3
제주,2017,9,3
제주,2017,10,6
제주,2017,11,1
제주,2017,12,1
제주,2018,1,1
제주,2018,2,0
제주,2018,3,3
제주,2018,4,4
제주,2018,5,1
제주,2018,6,1
제주,2018,7,6
제주,2018,8,2
제주,2018,9,4
제주,2018,10,4
제주,2018,11,1
제주,2018,12,1
제주,2019,1,1
제주,2019,2,0
제주,2019,3,3
제주,2019,4,3
제주,2019,5,2
제주,2019,6,2
제주,2019,7,4
제주,2019,8,6
제주,2019,9,4
제주,2019,10,7
제주,2019,11,2
제주,2019,12,1
제주,2020,1,1
제주,2020,2,0
제주,2020,3,2
제주,2020,4,4
제주,2020,5,0
제주,2020,6,0
제주,2020,7,0
제주,2020,8,0
제주,2020,9,0
제주,2020,10,0
제주,2020,11,0
제주,2020,12,0
제주,2021,1,0
제주,2021,2,1
제주,2021,3,4
제주,2021,4,1
제주,2021,5,2
제주,2021,6,0
제주,2021,7,5
제주,2021,8,1
제주,2021,9,4
제주,2021,10,7
제주,2021,11,1
제주,2021,12,0
제주,2022,1,0
제주,2022,2,1
제주,2022,3,3
제주,2022,4,3
제주,2022,5,3
제주,2022,6,1
제주,2022,7,5
제주,2022,8,7
제주,2022,9,3
제주,2022,10,11
제주,2022,11,1
제주,2022,12,0
충남,2002,1,0
충남,2002,2,1
충남,2002,3,0
충남,2002,4,3
충남,2002,5,1
충남,2002,6,1
충남,2002,7,0
충남,2002,8,1
충남,2002,9,4
충남,2002,10,6
충남,2002,11,1
충남,2002,12,1
충남,2003,1,0
충남,2003,2,1
충남,2003,3,0
충남,2003,4,3
충남,2003,5,1
충남,2003,6,1
충남,2003,7,0
충남,2003,8,1
충남,2003,9,4
충남,2003,10,7
충남,2003,11,1
충남,2003,12,1
충남,2004,1,0
충남,2004,2,1
충남,2004,3,0
충남,2004,4,5
충남,2004,5,2
충남,2004,6,1
충남,2004,7,0
충남,2004,8,1
충남,2004,9,4
충남,2004,10,8
충남,2004,11,1
충남,2004,12,1
충남,2005,1,0
충남,2005,2,1
충남,2005,3,0
충남,2005,4,7
충남,2005,5,2
충남,2005,6,1
충남,2005,7,0
충남,2005,8,2
충남,2005,9,4
충남,2005,10,8
충남,2005,11,1
충남,2005,12,1
충남,2006,1,0
충남,2006,2,1
충남,2006,3,0
충남,2006,4,7
충남,2006,5,2
충남,2006,6,1
충남,2006,7,0
충남,2006,8,2
충남,2006,9,4
충남,2006,10,8
충남,2006,11,1
충남,2006,12,1
충남,2007,1,0
충남,2007,2,1
충남,2007,3,0
충남,2007,4,7
충남,2007,5,2
충남,2007,6,1
충남,2007,7,1
충남,2007,8,2
충남,2007,9,4
충남,2007,10,8
충남,2007,11,1
충남,2007,12,1
충남,2008,1,0
충남,2008,2,1
충남,2008,3,1
충남,2008,4,9
충남,2008,5,2
충남,2008,6,1
충남,2008,7,1
충남,2008,8,2
충남,2008,9,6
충남,2008,10,8
충남,2008,11,1
충남,2008,12,1
충남,2009,1,0
충남,2009,2,1
충남,2009,3,1
충남,2009,4,10
충남,2009,5,3
충남,2009,6,3
충남,2009,7,1
충남,2009,8,2
충남,2009,9,6
충남,2009,10,8
충남,2009,11,1
충남,2009,12,1
충남,2010,1,0
충남,2010,2,1
충남,2010,3,1
충남,2010,4,11
충남,2010,5,3
충남,2010,6,3
충남,2010,7,1
충남,2010,8,2
충남,2010,9,6
충남,2010,10,8
충남,2010,11,1
충남,2010,12,1
충남,2011,1,0
충남,2011,2,1
충남,2011,3,1
충남,2011,4,11
충남,2011,5,4
충남,2011,6,3
충남,2011,7,1
충남,2011,8,2
충남,2011,9,6
충남,2011,10,8
충남,2011,11,2
충남,2011,12,1
충남,2012,1,0
충남,2012,2,1
충남,2012,3,1
충남,2012,4,11
충남,2012,5,4
충남,2012,6,3
충남,2012,7,1
충남,2012,8,2
충남,2012,9,6
충남,2012,10,8
충남,2012,11,3
충남,2012,12,1
충남,2013,1,0
충남,2013,2,1
충남,2013,3,1
충남,2013,4,12
충남,2013,5,4
충남,2013,6,3
충남,2013,7,1
충남,2013,8,3
충남,2013,9,6
충남,2013,10,9
충남,2013,11,3
충남,2013,12,1
충남,2014,1,0
충남,2014,2,1
충남,2014,3,1
충남,2014,4,12
충남,2014,5,4
충남,2014,6,3
충남,2014,7,1
충남,2014,8,3
충남,2014,9,6
충남,2014,10,9
충남,2014,11,3
충남,2014,12,1
충남,2015,1,1
충남,2015,2,2
충남,2015,3,2
충남,2015,4,6
충남,2015,5,5
충남,2015,6,1
충남,2015,7,5
충남,2015,8,3
충남,2015,9,7
충남,2015,10,15
충남,2015,11,1
충남,2015,12,1
충남,2016,1,1
충남,2016,2,2
충남,2016,3,2
충남,2016,4,6
충남,2016,5,5
충남,2016,6,1
충남,2016,7,5
충남,2016,8,3
충남,2016,9,7
충남,2016,10,15
충남,2016,11,1
충남,2016,12,1
충남,2017,1,1
충남,2017,2,0
충남,2017,3,2
충남,2017,4,18
충남,2017,5,8
충남,2017,6,5
충남,2017,7,9
충남,2017,8,1
충남,2017,9,12
충남,2017,10,22
충남,2017,11,3
충남,2017,12,2
충남,2018,1,1
충남,2018,2,1
충남,2018,3,2
충남,2018,4,21
충남,2018,5,8
충남,2018,6,4
충남,2018,7,6
충남,2018,8,3
충남,2018,9,16
충남,2018,10,19
충남,2018,11,6
충남,2018,12,3
충남,2019,1,1
충남,2019,2,1
충남,2019,3,3
충남,2019,4,21
충남,2019,5,8
충남,2019,6,4
충남,2019,7,6
충남,2019,8,4
충남,2019,9,13
충남,2019,10,22
충남,2019,11,3
충남,2019,12,3
충남,2020,1,2
충남,2020,2,1
충남,2020,3,2
충남,2020,4,20
충남,2020,5,0
충남,2020,6,0
충남,2020,7,0
충남,2020,8,0
충남,2020,9,0
충남,2020,10,0
충남,2020,11,0
충남,2020,12,0
충남,2021,1,2
충남,2021,2,1
충남,2021,3,2
충남,2021,4,19
충남,2021,5,9
충남,2021,6,6
충남,2021,7,7
충남,2021,8,8
충남,2021,9,11
충남,2021,10,20
충남,2021,11,6
충남,2021,12,5
충남,2022,1,1
충남,2022,2,2
충남,2022,3,2
충남,2022,4,24
충남,2022,5,7
충남,2022,6,8
충남,2022,7,7
충남,2022,8,5
충남,2022,9,9
충남,2022,10,28
충남,2022,11,8
충남,2022,12,3
충북,2002,1,0
충북,2002,2,0
충북,2002,3,0
충북,2002,4,0
충북,2002,5,1
충북,2002,6,0
충북,2002,7,0
충북,2002,8,2
충북,2002,9,3
충북,2002,10,4
충북,2002,11,0
충북,2002,12,0
충북,2003,1,0
충북,2003,2,0
충북,2003,3,0
충북,2003,4,1
충북,2003,5,2
충북,2003,6,0
충북,2003,7,0
충북,2003,8,2
충북,2003,9,3
충북,2003,10,4
충북,2003,11,0
충북,2003,12,0
충북,2004,1,0
충북,2004,2,0
충북,2004,3,0
충북,2004,4,2
충북,2004,5,2
충북,2004,6,1
충북,2004,7,0
충북,2004,8,3
충북,2004,9,3
충북,2004,10,4
충북,2004,11,0
충북,2004,12,0
충북,2005,1,0
충북,2005,2,0
충북,2005,3,0
충북,2005,4,2
충북,2005,5,2
충북,2005,6,1
충북,2005,7,0
충북,2005,8,4
충북,2005,9,3
충북,2005,10,4
충북,2005,11,0
충북,2005,12,0
충북,2006,1,0
충북,2006,2,0
충북,2006,3,0
충북,2006,4,2
충북,2006,5,2
충북,2006,6,1
충북,2006,7,0
충북,2006,8,4
충북,2006,9,3
충북,2006,10,4
충북,2006,11,0
충북,2006,12,0
충북,2007,1,0
충북,2007,2,0
충북,2007,3,0
충북,2007,4,2
충북,2007,5,2
충북,2007,6,1
충북,2007,7,1
충북,2007,8,4
충북,2007,9,3
충북,2007,10,4
충북,2007,11,0
충북,2007,12,0
충북,2008,1,0
충북,2008,2,0
충북,2008,3,0
충북,2008,4,2
충북,2008,5,2
충북,2008,6,1
충북,2008,7,1
충북,2008,8,4
충북,2008,9,3
충북,2008,10,5
충북,2008,11,0
충북,2008,12,0
충북,2009,1,0
충북,2009,2,0
충북,2009,3,0
충북,2009,4,2
충북,2009,5,2
충북,2009,6,1
충북,2009,7,1
충북,2009,8,4
충북,2009,9,3
충북,2009,10,5
충북,2009,11,0
충북,2009,12,0
충북,2010,1,0
충북,2010,2,0
충북,2010,3,0
충북,2010,4,2
충북,2010,5,2
충북,2010,6,1
충북,2010,7,1
충북,2010,8,4
충북,2010,9,4
충북,2010,10,5
충북,2010,11,0
충북,2010,12,0
충북,2011,1,0
충북,2011,2,0
충북,2011,3,0
충북,2011,4,2
충북,2011,5,2
충북,2011,6,1
충북,2011,7,1
충북,2011,8,4
충북,2011,9,4
충북,2011,10,5
충북,2011,11,0
충북,2011,12,0
충북,2012,1,0
충북,2012,2,0
충북,2012,3,0
충북,2012,4,2
충북,2012,5,2
충북,2012,6,1
충북,2012,7,1
충북,2012,8,4
충북,2012,9,4
충북,2012,10,5
충북,2012,11,0
충북,2012,12,0
충북,2013,1,0
충북,2013,2,0
충북,2013,3,0
충북,2013,4,2
충북,2013,5,2
충북,2013,6,1
충북,2013,7,1
충북,2013,8,4
충북,2013,9,4
충북,2013,10,5
충북,2013,11,0
충북,2013,12,0
충북,2014,1,0
충북,2014,2,0
충북,2014,3,0
충북,2014,4,2
충북,2014,5,2
충북,2014,6,1
충북,2014,7,1
충북,2014,8,4
충북,2014,9,4
충북,2014,10,5
충북,2014,11,0
충북,2014,12,0
충북,2015,1,0
충북,2015,2,0
충북,2015,3,2
충북,2015,4,3
충북,2015,5,6
충북,2015,6,1
충북,2015,7,2
충북,2015,8,4
충북,2015,9,7
충북,2015,10,10
충북,2015,11,1
충북,2015,12,1
충북,2016,1,0
충북,2016,2,0
충북,2016,3,2
충북,2016,4,3
충북,2016,5,6
충북,2016,6,1
충북,2016,7,2
충북,2016,8,4
충북,2016,9,7
충북,2016,10,10
충북,2016,11,1
충북,2016,12,1
충북,2017,1,0
충북,2017,2,0
충북,2017,3,2
충북,2017,4,4
충북,2017,5,6
충북,2017,6,1
충북,2017,7,1
충북,2017,8,3
충북,2017,9,8
충북,2017,10,8
충북,2017,11,0
충북,2017,12,1
충북,2018,1,1
충북,2018,2,0
충북,2018,3,2
충북,2018,4,4
충북,2018,5,6
충북,2018,6,2
충북,2018,7,1
충북,2018,8,7
충북,2018,9,7
충북,2018,10,14
충북,2018,11,1
충북,2018,12,1
충북,2019,1,3
충북,2019,2,0
충북,2019,3,1
충북,2019,4,5
충북,2019,5,9
충북,2019,6,2
충북,2019,7,3
충북,2019,8,7
충북,2019,9,6
충북,2019,10,10
충북,2019,11,0
충북,2019,12,0
충북,2020,1,2
충북,2020,2,0
충북,2020,3,1
충북,2020,4,5
충북,2020,5,0
충북,2020,6,0
충북,2020,7,0
충북,2020,8,0
충북,2020,9,0
충북,2020,10,0
충북,2020,11,0
충북,2020,12,0
충북,2021,1,1
충북,2021,2,0
충북,2021,3,2
충북,2021,4,4
충북,2021,5,5
충북,2021,6,1
충북,2021,7,2
충북,2021,8,5
충북,2021,9,6
충북,2021,10,12
충북,2021,11,1
충북,2021,12,1
충북,2022,1,2
충북,2022,2,0
충북,2022,3,0
충북,2022,4,1
충북,2022,5,5
충북,2022,6,1
충북,2022,7,3
충북,2022,8,3
충북,2022,9,3
충북,2022,10,8
충북,2022,11,1
충북,2022,12,0
